duplicate_group;sha256;size_bytes;size_human;path;category
DUP_0001;ba4b33d70bb58db74ac5059523ce11c668bc276dd861adac11e419c19df31aab;62502;61.04 Ko;data/batches/hero_batch_001/crops/avatars_full/25048_Screenshot_2026-02-20-20-55-07-685_com.nexters.herowars__L3.png;generated_crops
DUP_0001;ba4b33d70bb58db74ac5059523ce11c668bc276dd861adac11e419c19df31aab;62502;61.04 Ko;data/batches/hero_batch_001/crops/avatars_full/31071_Screenshot_2026-04-20-21-53-46-223_com.nexters.herowars__L3.png;generated_crops
DUP_0002;51dae67a28d9f6cf9a1ea02188f1f369ea4df44e1c5768abb290e9149a359627;51370;50.17 Ko;data/batches/hero_batch_001/crops/avatars_full/25450_Screenshot_20260220_190543_Hero_Wars__L4.png;generated_crops
DUP_0002;51dae67a28d9f6cf9a1ea02188f1f369ea4df44e1c5768abb290e9149a359627;51370;50.17 Ko;data/batches/hero_batch_001/crops/avatars_full/29938_Screenshot_20260406_103711_Hero_Wars__L4.png;generated_crops
DUP_0003;98e2c44619cc21900043e8cfa8a4ee9c0196a73617104f72ad8b712948d65180;54167;52.90 Ko;data/batches/hero_batch_001/crops/avatars_full/25450_Screenshot_20260220_190543_Hero_Wars__L5.png;generated_crops
DUP_0003;98e2c44619cc21900043e8cfa8a4ee9c0196a73617104f72ad8b712948d65180;54167;52.90 Ko;data/batches/hero_batch_001/crops/avatars_full/36312_Screenshot_20260622_004058_Hero_Wars__L5.png;generated_crops
DUP_0004;f14a66b0dd81def1f6225a551f419254f72df63cbf09d8346259439895adf42f;51612;50.40 Ko;data/batches/hero_batch_001/crops/avatars_full/25450_Screenshot_20260220_190543_Hero_Wars__R2.png;generated_crops
DUP_0004;f14a66b0dd81def1f6225a551f419254f72df63cbf09d8346259439895adf42f;51612;50.40 Ko;data/batches/hero_batch_001/crops/avatars_full/36312_Screenshot_20260622_004058_Hero_Wars__R2.png;generated_crops
DUP_0005;b64c81877d61bd296820311be4fc46705beeeb3444d3e801005114b9ad7de10c;53393;52.14 Ko;data/batches/hero_batch_001/crops/avatars_full/25450_Screenshot_20260220_190543_Hero_Wars__R5.png;generated_crops
DUP_0005;b64c81877d61bd296820311be4fc46705beeeb3444d3e801005114b9ad7de10c;53393;52.14 Ko;data/batches/hero_batch_001/crops/avatars_full/36312_Screenshot_20260622_004058_Hero_Wars__R5.png;generated_crops
DUP_0005;b64c81877d61bd296820311be4fc46705beeeb3444d3e801005114b9ad7de10c;53393;52.14 Ko;data/crops/hero/avatars_full/38233_Screenshot_20260728_194145_Hero_Wars__R5.png;generated_crops
DUP_0006;c16d12f498a0403b3a6d05cef3bbf4bd8e2456616b9d9714f5a72287f0e4f5e6;45353;44.29 Ko;data/batches/hero_batch_001/crops/avatars_full/25507_Screenshot_20260225_152852_Hero_Wars__R2.png;generated_crops
DUP_0006;c16d12f498a0403b3a6d05cef3bbf4bd8e2456616b9d9714f5a72287f0e4f5e6;45353;44.29 Ko;data/batches/hero_batch_001/crops/avatars_full/27593_Screenshot_20260316_212029_Hero_Wars__R2.png;generated_crops
DUP_0007;18007e09ebb3b1dd6dff339fd72f4e3fd9ed11277a9fe234dbb2412129402755;56569;55.24 Ko;data/batches/hero_batch_001/crops/avatars_full/25572_B11FD1F1-0FC0-4C05-83DA-A0A741C79248__L3.png;generated_crops
DUP_0007;18007e09ebb3b1dd6dff339fd72f4e3fd9ed11277a9fe234dbb2412129402755;56569;55.24 Ko;data/batches/hero_batch_001/crops/avatars_full/36184_1610F51E-B3B9-4F19-A124-88CA72E57D62__L3.png;generated_crops
DUP_0008;c74ab21e7fe3a9559d2b9b712055a7cd187512c819c55fd932255b6a2986dccd;61266;59.83 Ko;data/batches/hero_batch_001/crops/avatars_full/25572_B11FD1F1-0FC0-4C05-83DA-A0A741C79248__R5.png;generated_crops
DUP_0008;c74ab21e7fe3a9559d2b9b712055a7cd187512c819c55fd932255b6a2986dccd;61266;59.83 Ko;data/batches/hero_batch_001/crops/avatars_full/36168_DE167D9D-293E-4B01-913B-DFE26AC97FC6__R5.png;generated_crops
DUP_0008;c74ab21e7fe3a9559d2b9b712055a7cd187512c819c55fd932255b6a2986dccd;61266;59.83 Ko;data/batches/hero_batch_001/crops/avatars_full/38083_B636B8D3-B852-4FDA-8049-4181C84F9302__R5.png;generated_crops
DUP_0009;29794a47adac6219b79fdf1d7353e2941f2dc9acf9b83a0724948d760e3bb6fa;58070;56.71 Ko;data/batches/hero_batch_001/crops/avatars_full/26315_Screenshot_2026-02-28-00-11-23-143_com.nexters.herowars__L2.png;generated_crops
DUP_0009;29794a47adac6219b79fdf1d7353e2941f2dc9acf9b83a0724948d760e3bb6fa;58070;56.71 Ko;data/batches/hero_batch_001/crops/avatars_full/34333_Screenshot_2026-05-28-22-15-21-583_com.nexters.herowars__L2.png;generated_crops
DUP_0010;8f508e79105515d07c41d4e9e8307d7ea9945ab1071d276c51b3fce1f36adeec;60298;58.88 Ko;data/batches/hero_batch_001/crops/avatars_full/26315_Screenshot_2026-02-28-00-11-23-143_com.nexters.herowars__L3.png;generated_crops
DUP_0010;8f508e79105515d07c41d4e9e8307d7ea9945ab1071d276c51b3fce1f36adeec;60298;58.88 Ko;data/batches/hero_batch_001/crops/avatars_full/34333_Screenshot_2026-05-28-22-15-21-583_com.nexters.herowars__L3.png;generated_crops
DUP_0011;47e31b5f233ac4195c987b4b90cfe03953a385545e0669d468f4e46b13f9f211;61347;59.91 Ko;data/batches/hero_batch_001/crops/avatars_full/26315_Screenshot_2026-02-28-00-11-23-143_com.nexters.herowars__R5.png;generated_crops
DUP_0011;47e31b5f233ac4195c987b4b90cfe03953a385545e0669d468f4e46b13f9f211;61347;59.91 Ko;data/crops/hero/avatars_full/38231_Screenshot_2026-07-24-23-35-05-086_com.nexters.herowars__R5.png;generated_crops
DUP_0012;cad03e18e374c004fedcdd1698ade053c093c0fcaf46bcceae64f234bf806593;52319;51.09 Ko;data/batches/hero_batch_001/crops/avatars_full/26876_Screenshot_20260305_235000_Hero_Wars__L4.png;generated_crops
DUP_0012;cad03e18e374c004fedcdd1698ade053c093c0fcaf46bcceae64f234bf806593;52319;51.09 Ko;data/crops/hero/avatars_full/38233_Screenshot_20260728_194145_Hero_Wars__L4.png;generated_crops
DUP_0013;f09e245c66bd3e2e9e9bf3aea6feb056183edc681dec1253b7a8443f7a140ece;53733;52.47 Ko;data/batches/hero_batch_001/crops/avatars_full/27024_Screenshot_20260308_124143_Hero_Wars__L5.png;generated_crops
DUP_0013;f09e245c66bd3e2e9e9bf3aea6feb056183edc681dec1253b7a8443f7a140ece;53733;52.47 Ko;data/batches/hero_batch_001/crops/avatars_full/37053_Screenshot_20260622_211945_Hero_Wars__L5.png;generated_crops
DUP_0014;fdfecb3a6120a40027c2dbd6e2786c932019915a27183c55f1499b7d53d71263;63162;61.68 Ko;data/batches/hero_batch_001/crops/avatars_full/27682_IMG_0872__R2.png;generated_crops
DUP_0014;fdfecb3a6120a40027c2dbd6e2786c932019915a27183c55f1499b7d53d71263;63162;61.68 Ko;data/batches/hero_batch_001/crops/avatars_full/28134_IMG_0993__R2.png;generated_crops
DUP_0015;671f0398d2e500d0f7492e47aa60db5a64bfed825a17ee55ce428fd7f66bb688;69160;67.54 Ko;data/batches/hero_batch_001/crops/avatars_full/27682_IMG_0872__R3.png;generated_crops
DUP_0015;671f0398d2e500d0f7492e47aa60db5a64bfed825a17ee55ce428fd7f66bb688;69160;67.54 Ko;data/batches/hero_batch_001/crops/avatars_full/28134_IMG_0993__R3.png;generated_crops
DUP_0016;8019765260fd0df634bc76319faa5dae47dcb549a195a5e6c9ebe56e2db1d9fb;42025;41.04 Ko;data/crops/hero/avatars_inner/38227_Screenshot_2026-07-28-03-54-03-254_com.nexters.herowars__L5.png;generated_crops
DUP_0016;8019765260fd0df634bc76319faa5dae47dcb549a195a5e6c9ebe56e2db1d9fb;42025;41.04 Ko;data/crops/hero/avatars_inner/38232_Screenshot_2026-07-24-23-30-48-292_com.nexters.herowars__L5.png;generated_crops
DUP_0017;76a3a492e075de7e8f588fdb2b11127b2958183b0d78433271383bf1a7f929e4;38083;37.19 Ko;data/batches/hero_batch_001/crops/avatars_full/2818_Screenshot_20250709-175413__L4.png;generated_crops
DUP_0017;76a3a492e075de7e8f588fdb2b11127b2958183b0d78433271383bf1a7f929e4;38083;37.19 Ko;data/crops/hero/avatars_full/2805_Screenshot_20250709-125031__L4.png;generated_crops
DUP_0018;760242126b8efb1288c05a314a87540e2fc7094f7b591d9770c4b7df424e03b8;42766;41.76 Ko;data/batches/hero_batch_001/crops/avatars_full/2818_Screenshot_20250709-175413__L5.png;generated_crops
DUP_0018;760242126b8efb1288c05a314a87540e2fc7094f7b591d9770c4b7df424e03b8;42766;41.76 Ko;data/crops/hero/avatars_full/2801_Screenshot_20250708-120939__L5.png;generated_crops
DUP_0018;760242126b8efb1288c05a314a87540e2fc7094f7b591d9770c4b7df424e03b8;42766;41.76 Ko;data/crops/hero/avatars_full/2802_Screenshot_20250708-120933__L5.png;generated_crops
DUP_0018;760242126b8efb1288c05a314a87540e2fc7094f7b591d9770c4b7df424e03b8;42766;41.76 Ko;data/crops/hero/avatars_full/2805_Screenshot_20250709-125031__L5.png;generated_crops
DUP_0018;760242126b8efb1288c05a314a87540e2fc7094f7b591d9770c4b7df424e03b8;42766;41.76 Ko;data/crops/hero/avatars_full/2807_Screenshot_20250709-124710__L5.png;generated_crops
DUP_0018;760242126b8efb1288c05a314a87540e2fc7094f7b591d9770c4b7df424e03b8;42766;41.76 Ko;data/crops/hero/avatars_full/2808_Screenshot_20250709-124612__L5.png;generated_crops
DUP_0019;104b73c9e75285a5d335ef84ab441de064570ae5c6a90da65a93ddc4e2bd03ff;54524;53.25 Ko;data/batches/hero_batch_001/crops/avatars_full/28650_Screenshot_20260325_093703_Hero_Wars__L5.png;generated_crops
DUP_0019;104b73c9e75285a5d335ef84ab441de064570ae5c6a90da65a93ddc4e2bd03ff;54524;53.25 Ko;data/batches/hero_batch_001/crops/avatars_full/32240_Screenshot_20260413_000732_Hero_Wars__L5.png;generated_crops
DUP_0019;104b73c9e75285a5d335ef84ab441de064570ae5c6a90da65a93ddc4e2bd03ff;54524;53.25 Ko;data/batches/hero_batch_001/crops/avatars_full/37069_Screenshot_20260622_210945_Hero_Wars__L5.png;generated_crops
DUP_0020;7595665ddd30ae527280d3b22f9afd3d5bf6f22bdb3915d6c6b9896c8dac8eac;45608;44.54 Ko;data/batches/hero_batch_001/crops/avatars_full/29938_Screenshot_20260406_103711_Hero_Wars__R1.png;generated_crops
DUP_0020;7595665ddd30ae527280d3b22f9afd3d5bf6f22bdb3915d6c6b9896c8dac8eac;45608;44.54 Ko;data/batches/hero_batch_001/crops/avatars_full/33728_Screenshot_20260521_072748_Hero_Wars__R1.png;generated_crops
DUP_0021;4ab773a94def40b43ece23d913e6cab34b1ec29a5b31bf12c9bef0391ce3843e;50638;49.45 Ko;data/batches/hero_batch_001/crops/avatars_full/29938_Screenshot_20260406_103711_Hero_Wars__R5.png;generated_crops
DUP_0021;4ab773a94def40b43ece23d913e6cab34b1ec29a5b31bf12c9bef0391ce3843e;50638;49.45 Ko;data/batches/hero_batch_001/crops/avatars_full/31279_Screenshot_20260426_104904_Hero_Wars__R5.png;generated_crops
DUP_0022;2b5586eca6b48b8c92ed0f05e1a46f736896d9494c593830c4c7a44fdab1645b;54876;53.59 Ko;data/batches/hero_batch_001/crops/avatars_full/30832_Screenshot_20260417_170710_com_nexters_herowars_MessagingUnityPlayerActivity__R2.png;generated_crops
DUP_0022;2b5586eca6b48b8c92ed0f05e1a46f736896d9494c593830c4c7a44fdab1645b;54876;53.59 Ko;data/batches/hero_batch_001/crops/avatars_full/32603_Screenshot_20260430_135907_com_nexters_herowars_MessagingUnityPlayerActivity__R2.png;generated_crops
DUP_0023;8bb0e38e3f4961d1750ea67aacdf301c665aac53d501e30173f063586321c451;59538;58.14 Ko;data/batches/hero_batch_001/crops/avatars_full/30870_6348B6DC-BE02-4EE8-A71C-43873F087A6A__R4.png;generated_crops
DUP_0023;8bb0e38e3f4961d1750ea67aacdf301c665aac53d501e30173f063586321c451;59538;58.14 Ko;data/batches/hero_batch_001/crops/avatars_full/38083_B636B8D3-B852-4FDA-8049-4181C84F9302__R4.png;generated_crops
DUP_0024;2136f90df41b2131ceff01be7a16ee6a5a52cbfebb03bc07bdf8401f366437e6;55614;54.31 Ko;data/batches/hero_batch_001/crops/avatars_full/31160_8228970C-9E2C-4853-87EC-FB1A1F31C4E5__L5.png;generated_crops
DUP_0024;2136f90df41b2131ceff01be7a16ee6a5a52cbfebb03bc07bdf8401f366437e6;55614;54.31 Ko;data/batches/hero_batch_001/crops/avatars_full/33735_D346AA12-727A-4E1E-8812-69A8F0C29CAB__L5.png;generated_crops
DUP_0025;61a9cff2b75b45fc541443ed8b7f8748bb5970bfb918be9e11340f98f5f1cbba;51427;50.22 Ko;data/batches/hero_batch_001/crops/avatars_full/31160_8228970C-9E2C-4853-87EC-FB1A1F31C4E5__R1.png;generated_crops
DUP_0025;61a9cff2b75b45fc541443ed8b7f8748bb5970bfb918be9e11340f98f5f1cbba;51427;50.22 Ko;data/batches/hero_batch_001/crops/avatars_full/35456_8AAF3940-A958-4C51-8E39-E57D829FCBDA__R1.png;generated_crops
DUP_0026;8b9fdab205e48c9080752a184b0e172c2d7e01bbdd7e3c5bf7db7d5bd269da5f;57961;56.60 Ko;data/batches/hero_batch_001/crops/avatars_full/31160_8228970C-9E2C-4853-87EC-FB1A1F31C4E5__R4.png;generated_crops
DUP_0026;8b9fdab205e48c9080752a184b0e172c2d7e01bbdd7e3c5bf7db7d5bd269da5f;57961;56.60 Ko;data/batches/hero_batch_001/crops/avatars_full/35456_8AAF3940-A958-4C51-8E39-E57D829FCBDA__R4.png;generated_crops
DUP_0026;8b9fdab205e48c9080752a184b0e172c2d7e01bbdd7e3c5bf7db7d5bd269da5f;57961;56.60 Ko;data/batches/hero_batch_001/crops/avatars_full/36184_1610F51E-B3B9-4F19-A124-88CA72E57D62__R4.png;generated_crops
DUP_0027;c0da2bac1ce980a8f199aa436761fe9a31453e0e157d1e028cb40f964000e9cd;49914;48.74 Ko;data/batches/hero_batch_001/crops/avatars_full/33849_Hero_Wars_2026-05-17-07-45-45__L5.png;generated_crops
DUP_0027;c0da2bac1ce980a8f199aa436761fe9a31453e0e157d1e028cb40f964000e9cd;49914;48.74 Ko;data/batches/hero_batch_001/crops/avatars_full/37836_Hero_Wars_2026-06-30-05-41-30__L5.png;generated_crops
DUP_0028;d9804d418fecc9447468620bf05353994b9e460f73602aca1cd82647944b223d;61506;60.06 Ko;data/batches/hero_batch_001/crops/avatars_full/34333_Screenshot_2026-05-28-22-15-21-583_com.nexters.herowars__R5.png;generated_crops
DUP_0028;d9804d418fecc9447468620bf05353994b9e460f73602aca1cd82647944b223d;61506;60.06 Ko;data/crops/hero/avatars_full/38232_Screenshot_2026-07-24-23-30-48-292_com.nexters.herowars__R5.png;generated_crops
DUP_0029;fe464d0de53ab40c78799f30c87bc2738bcb89df7faa365768769669be144fcd;61512;60.07 Ko;data/batches/hero_batch_001/crops/avatars_full/34344_Screenshot_2026-05-27-13-04-24-888_com.nexters.herowars__L3.png;generated_crops
DUP_0029;fe464d0de53ab40c78799f30c87bc2738bcb89df7faa365768769669be144fcd;61512;60.07 Ko;data/crops/hero/avatars_full/38228_Screenshot_2026-07-27-01-27-44-005_com.nexters.herowars__L3.png;generated_crops
DUP_0030;72de8a106a46d0822a1cc6de03cf926667cf2edeaef62e13ce858ae73db81aec;62266;60.81 Ko;data/batches/hero_batch_001/crops/avatars_full/34344_Screenshot_2026-05-27-13-04-24-888_com.nexters.herowars__R3.png;generated_crops
DUP_0030;72de8a106a46d0822a1cc6de03cf926667cf2edeaef62e13ce858ae73db81aec;62266;60.81 Ko;data/batches/hero_batch_001/crops/avatars_full/37701_Screenshot_2026-07-01-09-13-21-020_com.nexters.herowars__R3.png;generated_crops
DUP_0031;14f53527b7c5794b13be10aeeb7d97d855090afb02a15639187c4547411ceeed;54932;53.64 Ko;data/batches/hero_batch_001/crops/avatars_full/35456_8AAF3940-A958-4C51-8E39-E57D829FCBDA__L4.png;generated_crops
DUP_0031;14f53527b7c5794b13be10aeeb7d97d855090afb02a15639187c4547411ceeed;54932;53.64 Ko;data/batches/hero_batch_001/crops/avatars_full/36184_1610F51E-B3B9-4F19-A124-88CA72E57D62__L4.png;generated_crops
DUP_0031;14f53527b7c5794b13be10aeeb7d97d855090afb02a15639187c4547411ceeed;54932;53.64 Ko;data/batches/hero_batch_001/crops/avatars_full/38083_B636B8D3-B852-4FDA-8049-4181C84F9302__L4.png;generated_crops
DUP_0032;c89ca436eafa045b9197b149f538711e4d62ac68ee11306770dcc842e7bbb7ea;49290;48.13 Ko;data/batches/hero_batch_001/crops/avatars_full/35576_Screenshot_20260609_075918_Hero_Wars__L5.png;generated_crops
DUP_0032;c89ca436eafa045b9197b149f538711e4d62ac68ee11306770dcc842e7bbb7ea;49290;48.13 Ko;data/batches/hero_batch_001/crops/avatars_full/38059_Screenshot_20260721_132012_Hero_Wars__L5.png;generated_crops
DUP_0032;c89ca436eafa045b9197b149f538711e4d62ac68ee11306770dcc842e7bbb7ea;49290;48.13 Ko;data/crops/hero/avatars_full/38234_Screenshot_20260728_193950_Hero_Wars__L5.png;generated_crops
DUP_0032;c89ca436eafa045b9197b149f538711e4d62ac68ee11306770dcc842e7bbb7ea;49290;48.13 Ko;data/crops/hero/avatars_full/38235_Screenshot_20260728_193758_Hero_Wars__L5.png;generated_crops
DUP_0033;e8ef736a9c3cdb49d705690af6e760e4ef6a62f72533356d55739ae2555fb4b0;50759;49.57 Ko;data/batches/hero_batch_001/crops/avatars_full/36312_Screenshot_20260622_004058_Hero_Wars__L2.png;generated_crops
DUP_0033;e8ef736a9c3cdb49d705690af6e760e4ef6a62f72533356d55739ae2555fb4b0;50759;49.57 Ko;data/batches/hero_batch_001/crops/avatars_full/36369_Screenshot_20260616_140607_Hero_Wars__L2.png;generated_crops
DUP_0034;94b54dfaa8ea945120c4c763ffb649e9720e93e54caf6a78596b117a6d59e6fb;53365;52.11 Ko;data/batches/hero_batch_001/crops/avatars_full/37053_Screenshot_20260622_211945_Hero_Wars__L1.png;generated_crops
DUP_0034;94b54dfaa8ea945120c4c763ffb649e9720e93e54caf6a78596b117a6d59e6fb;53365;52.11 Ko;data/batches/hero_batch_001/crops/avatars_full/37069_Screenshot_20260622_210945_Hero_Wars__L1.png;generated_crops
DUP_0035;e98681e472a728bd16b1242b7e5fd4ffe2b8399712682fea0fe71256a6329ae9;40419;39.47 Ko;data/batches/hero_batch_001/crops/avatars_inner/23003_Screenshot_20260120_101255_Hero_Wars__L5.png;generated_crops
DUP_0035;e98681e472a728bd16b1242b7e5fd4ffe2b8399712682fea0fe71256a6329ae9;40419;39.47 Ko;data/batches/hero_batch_001/crops/avatars_inner/26186_Screenshot_20260202_095838_Hero_Wars__L5.png;generated_crops
DUP_0035;e98681e472a728bd16b1242b7e5fd4ffe2b8399712682fea0fe71256a6329ae9;40419;39.47 Ko;data/batches/hero_batch_001/crops/avatars_inner/28650_Screenshot_20260325_093703_Hero_Wars__L5.png;generated_crops
DUP_0035;e98681e472a728bd16b1242b7e5fd4ffe2b8399712682fea0fe71256a6329ae9;40419;39.47 Ko;data/batches/hero_batch_001/crops/avatars_inner/32240_Screenshot_20260413_000732_Hero_Wars__L5.png;generated_crops
DUP_0035;e98681e472a728bd16b1242b7e5fd4ffe2b8399712682fea0fe71256a6329ae9;40419;39.47 Ko;data/batches/hero_batch_001/crops/avatars_inner/37069_Screenshot_20260622_210945_Hero_Wars__L5.png;generated_crops
DUP_0036;113710688f9e0eb880e87e8c84189d364aa54e836496b45a0c15290dc86c15af;38364;37.46 Ko;data/batches/hero_batch_001/crops/avatars_inner/23796_Screenshot_20260202_005206_Hero_Wars__L4.png;generated_crops
DUP_0036;113710688f9e0eb880e87e8c84189d364aa54e836496b45a0c15290dc86c15af;38364;37.46 Ko;data/batches/hero_batch_001/crops/avatars_inner/26876_Screenshot_20260305_235000_Hero_Wars__L4.png;generated_crops
DUP_0036;113710688f9e0eb880e87e8c84189d364aa54e836496b45a0c15290dc86c15af;38364;37.46 Ko;data/crops/hero/avatars_inner/38233_Screenshot_20260728_194145_Hero_Wars__L4.png;generated_crops
DUP_0037;2c4484b744c9cae5187a258a2e13b2d4706045d057f84277a32133b7b5714a7c;33910;33.12 Ko;data/batches/hero_batch_001/crops/avatars_inner/23796_Screenshot_20260202_005206_Hero_Wars__R3.png;generated_crops
DUP_0037;2c4484b744c9cae5187a258a2e13b2d4706045d057f84277a32133b7b5714a7c;33910;33.12 Ko;data/batches/hero_batch_001/crops/avatars_inner/26876_Screenshot_20260305_235000_Hero_Wars__R3.png;generated_crops
DUP_0038;79b423c25a117f90a62bca6c39ae7bb2f5a49be39d8ed7b0d3ca849b3e162b3f;32858;32.09 Ko;data/batches/hero_batch_001/crops/avatars_inner/24073_Screenshot_20260206_234151_Hero_Wars__L3.png;generated_crops
DUP_0038;79b423c25a117f90a62bca6c39ae7bb2f5a49be39d8ed7b0d3ca849b3e162b3f;32858;32.09 Ko;data/batches/hero_batch_001/crops/avatars_inner/24655_Screenshot_20260213_011854_Hero_Wars__L3.png;generated_crops
DUP_0038;79b423c25a117f90a62bca6c39ae7bb2f5a49be39d8ed7b0d3ca849b3e162b3f;32858;32.09 Ko;data/batches/hero_batch_001/crops/avatars_inner/24931_Screenshot_20260219_234620_Hero_Wars__L3.png;generated_crops
DUP_0039;1c990632760e4f1175fb6f4ce609a59cf186f89615331ffe58bed7d51388c29e;33412;32.63 Ko;data/batches/hero_batch_001/crops/avatars_inner/24655_Screenshot_20260213_011854_Hero_Wars__L5.png;generated_crops
DUP_0039;1c990632760e4f1175fb6f4ce609a59cf186f89615331ffe58bed7d51388c29e;33412;32.63 Ko;data/batches/hero_batch_001/crops/avatars_inner/24931_Screenshot_20260219_234620_Hero_Wars__L5.png;generated_crops
DUP_0040;d25a7fbfe31b766c1f050ad332567381226b3134ab4fa2bc99d3809b70d09937;44298;43.26 Ko;data/batches/hero_batch_001/crops/avatars_inner/25048_Screenshot_2026-02-20-20-55-07-685_com.nexters.herowars__L3.png;generated_crops
DUP_0040;d25a7fbfe31b766c1f050ad332567381226b3134ab4fa2bc99d3809b70d09937;44298;43.26 Ko;data/batches/hero_batch_001/crops/avatars_inner/31071_Screenshot_2026-04-20-21-53-46-223_com.nexters.herowars__L3.png;generated_crops
DUP_0041;66e3f276ead85a8dff1d77544c80ddbe6d2f2bbaa3208e9b305143ed1139f767;37141;36.27 Ko;data/batches/hero_batch_001/crops/avatars_inner/25450_Screenshot_20260220_190543_Hero_Wars__L3.png;generated_crops
DUP_0041;66e3f276ead85a8dff1d77544c80ddbe6d2f2bbaa3208e9b305143ed1139f767;37141;36.27 Ko;data/crops/hero/avatars_inner/38233_Screenshot_20260728_194145_Hero_Wars__L3.png;generated_crops
DUP_0042;d3bd8bddced85ebe3abad1646968f1a29c94331af1a24230ed74062f298e3b10;37748;36.86 Ko;data/batches/hero_batch_001/crops/avatars_inner/25450_Screenshot_20260220_190543_Hero_Wars__L4.png;generated_crops
DUP_0042;d3bd8bddced85ebe3abad1646968f1a29c94331af1a24230ed74062f298e3b10;37748;36.86 Ko;data/batches/hero_batch_001/crops/avatars_inner/29938_Screenshot_20260406_103711_Hero_Wars__L4.png;generated_crops
DUP_0043;270872a008b517bf48400b69c42ab8f60ebfafa2e51d8ac91b3c626563dd7b25;40315;39.37 Ko;data/batches/hero_batch_001/crops/avatars_inner/25450_Screenshot_20260220_190543_Hero_Wars__L5.png;generated_crops
DUP_0043;270872a008b517bf48400b69c42ab8f60ebfafa2e51d8ac91b3c626563dd7b25;40315;39.37 Ko;data/batches/hero_batch_001/crops/avatars_inner/36312_Screenshot_20260622_004058_Hero_Wars__L5.png;generated_crops
DUP_0044;96b1fb5c41e324bc272f7409ae1094017c184988f704e0dc4bdace1c03071f56;37803;36.92 Ko;data/batches/hero_batch_001/crops/avatars_inner/25450_Screenshot_20260220_190543_Hero_Wars__R2.png;generated_crops
DUP_0044;96b1fb5c41e324bc272f7409ae1094017c184988f704e0dc4bdace1c03071f56;37803;36.92 Ko;data/batches/hero_batch_001/crops/avatars_inner/36312_Screenshot_20260622_004058_Hero_Wars__R2.png;generated_crops
DUP_0045;f22f5f1d1620a22e97ac04d790415c1869f37734616f5b865ef9fe98f01f462d;38035;37.14 Ko;data/batches/hero_batch_001/crops/avatars_inner/25450_Screenshot_20260220_190543_Hero_Wars__R5.png;generated_crops
DUP_0045;f22f5f1d1620a22e97ac04d790415c1869f37734616f5b865ef9fe98f01f462d;38035;37.14 Ko;data/batches/hero_batch_001/crops/avatars_inner/36312_Screenshot_20260622_004058_Hero_Wars__R5.png;generated_crops
DUP_0045;f22f5f1d1620a22e97ac04d790415c1869f37734616f5b865ef9fe98f01f462d;38035;37.14 Ko;data/crops/hero/avatars_inner/38233_Screenshot_20260728_194145_Hero_Wars__R5.png;generated_crops
DUP_0046;777b394cf7dce45214aebd4f321592d4804216e42e65701022490c6d5b2de6a6;32647;31.88 Ko;data/batches/hero_batch_001/crops/avatars_inner/25507_Screenshot_20260225_152852_Hero_Wars__R2.png;generated_crops
DUP_0046;777b394cf7dce45214aebd4f321592d4804216e42e65701022490c6d5b2de6a6;32647;31.88 Ko;data/batches/hero_batch_001/crops/avatars_inner/27593_Screenshot_20260316_212029_Hero_Wars__R2.png;generated_crops
DUP_0047;cee17c641c8b185c6faac646bced173755dfc092d653ad09532098158b758431;42990;41.98 Ko;data/batches/hero_batch_001/crops/avatars_inner/25572_B11FD1F1-0FC0-4C05-83DA-A0A741C79248__L3.png;generated_crops
DUP_0047;cee17c641c8b185c6faac646bced173755dfc092d653ad09532098158b758431;42990;41.98 Ko;data/batches/hero_batch_001/crops/avatars_inner/36184_1610F51E-B3B9-4F19-A124-88CA72E57D62__L3.png;generated_crops
DUP_0048;720d64e7e05cee442f0e303d03f8d024b2bd185f1dc2b7de9041ccf004a1bd50;44490;43.45 Ko;data/batches/hero_batch_001/crops/avatars_inner/31160_8228970C-9E2C-4853-87EC-FB1A1F31C4E5__R4.png;generated_crops
DUP_0048;720d64e7e05cee442f0e303d03f8d024b2bd185f1dc2b7de9041ccf004a1bd50;44490;43.45 Ko;data/batches/hero_batch_001/crops/avatars_inner/35456_8AAF3940-A958-4C51-8E39-E57D829FCBDA__R4.png;generated_crops
DUP_0048;720d64e7e05cee442f0e303d03f8d024b2bd185f1dc2b7de9041ccf004a1bd50;44490;43.45 Ko;data/batches/hero_batch_001/crops/avatars_inner/36184_1610F51E-B3B9-4F19-A124-88CA72E57D62__R4.png;generated_crops
DUP_0049;a4dca447b4aab2be42ace28517947b3bf4d483f15bba774d82c154252ab17bf8;46981;45.88 Ko;data/batches/hero_batch_001/crops/avatars_inner/25572_B11FD1F1-0FC0-4C05-83DA-A0A741C79248__R5.png;generated_crops
DUP_0049;a4dca447b4aab2be42ace28517947b3bf4d483f15bba774d82c154252ab17bf8;46981;45.88 Ko;data/batches/hero_batch_001/crops/avatars_inner/36168_DE167D9D-293E-4B01-913B-DFE26AC97FC6__R5.png;generated_crops
DUP_0049;a4dca447b4aab2be42ace28517947b3bf4d483f15bba774d82c154252ab17bf8;46981;45.88 Ko;data/batches/hero_batch_001/crops/avatars_inner/38083_B636B8D3-B852-4FDA-8049-4181C84F9302__R5.png;generated_crops
DUP_0050;2d356ad86c5fcf0a3229dd05c8fa3b65d3daa6d5aef2c9934684db3c77722e73;39926;38.99 Ko;data/batches/hero_batch_001/crops/avatars_inner/37053_Screenshot_20260622_211945_Hero_Wars__L1.png;generated_crops
DUP_0050;2d356ad86c5fcf0a3229dd05c8fa3b65d3daa6d5aef2c9934684db3c77722e73;39926;38.99 Ko;data/batches/hero_batch_001/crops/avatars_inner/37069_Screenshot_20260622_210945_Hero_Wars__L1.png;generated_crops
DUP_0051;32f0575e79ca88b395d16eb0587949e56c17b5079cde6c36503fdd217545e5f8;38453;37.55 Ko;data/batches/hero_batch_001/crops/avatars_inner/26186_Screenshot_20260202_095838_Hero_Wars__L4.png;generated_crops
DUP_0051;32f0575e79ca88b395d16eb0587949e56c17b5079cde6c36503fdd217545e5f8;38453;37.55 Ko;data/batches/hero_batch_001/crops/avatars_inner/32240_Screenshot_20260413_000732_Hero_Wars__L4.png;generated_crops
DUP_0051;32f0575e79ca88b395d16eb0587949e56c17b5079cde6c36503fdd217545e5f8;38453;37.55 Ko;data/batches/hero_batch_001/crops/avatars_inner/34662_Screenshot_20260519_122217_Hero_Wars__L4.png;generated_crops
DUP_0052;935fd89c6890aab357d3c5d3ced0c8c494ee70ba68ac4b1cb402d5a02f3fe113;42058;41.07 Ko;data/batches/hero_batch_001/crops/avatars_inner/26315_Screenshot_2026-02-28-00-11-23-143_com.nexters.herowars__L2.png;generated_crops
DUP_0052;935fd89c6890aab357d3c5d3ced0c8c494ee70ba68ac4b1cb402d5a02f3fe113;42058;41.07 Ko;data/batches/hero_batch_001/crops/avatars_inner/34333_Screenshot_2026-05-28-22-15-21-583_com.nexters.herowars__L2.png;generated_crops
DUP_0053;6f55f147707ddd84fd86323df4fdbae07965f992f0761742c77d4380996645d7;43465;42.45 Ko;data/batches/hero_batch_001/crops/avatars_inner/26315_Screenshot_2026-02-28-00-11-23-143_com.nexters.herowars__L3.png;generated_crops
DUP_0053;6f55f147707ddd84fd86323df4fdbae07965f992f0761742c77d4380996645d7;43465;42.45 Ko;data/batches/hero_batch_001/crops/avatars_inner/34333_Screenshot_2026-05-28-22-15-21-583_com.nexters.herowars__L3.png;generated_crops
DUP_0054;01fcf0748d33798a09b7e85a846fb52c4b2a4e59ae8cfe4db2a9c8f84219c42e;43343;42.33 Ko;data/batches/hero_batch_001/crops/avatars_inner/26315_Screenshot_2026-02-28-00-11-23-143_com.nexters.herowars__R5.png;generated_crops
DUP_0054;01fcf0748d33798a09b7e85a846fb52c4b2a4e59ae8cfe4db2a9c8f84219c42e;43343;42.33 Ko;data/crops/hero/avatars_inner/38231_Screenshot_2026-07-24-23-35-05-086_com.nexters.herowars__R5.png;generated_crops
DUP_0055;176444f1085bd9586f03dc52e8c6c6179a2e5f9b3f1dd9d8bfbf82f5a83bb6ef;39532;38.61 Ko;data/batches/hero_batch_001/crops/avatars_inner/27024_Screenshot_20260308_124143_Hero_Wars__L5.png;generated_crops
DUP_0055;176444f1085bd9586f03dc52e8c6c6179a2e5f9b3f1dd9d8bfbf82f5a83bb6ef;39532;38.61 Ko;data/batches/hero_batch_001/crops/avatars_inner/37053_Screenshot_20260622_211945_Hero_Wars__L5.png;generated_crops
DUP_0056;70e403ab8ec9448afc176bf390a34a441d65fc86c6aaaeff44c6df466710d4dc;36028;35.18 Ko;data/batches/hero_batch_001/crops/avatars_inner/27593_Screenshot_20260316_212029_Hero_Wars__R4.png;generated_crops
DUP_0056;70e403ab8ec9448afc176bf390a34a441d65fc86c6aaaeff44c6df466710d4dc;36028;35.18 Ko;data/batches/hero_batch_001/crops/avatars_inner/30662_Screenshot_20260415_165146_Hero_Wars__R4.png;generated_crops
DUP_0057;22d44bd45c308e883ef29b96b9fecaffe235c429e6c512094197b58747ae3e5d;45047;43.99 Ko;data/batches/hero_batch_001/crops/avatars_inner/27682_IMG_0872__R2.png;generated_crops
DUP_0057;22d44bd45c308e883ef29b96b9fecaffe235c429e6c512094197b58747ae3e5d;45047;43.99 Ko;data/batches/hero_batch_001/crops/avatars_inner/28134_IMG_0993__R2.png;generated_crops
DUP_0058;24c094476bd94990261cb072ac343115ad5d1cff45401c710c29d3703b082e77;50458;49.28 Ko;data/batches/hero_batch_001/crops/avatars_inner/27682_IMG_0872__R3.png;generated_crops
DUP_0058;24c094476bd94990261cb072ac343115ad5d1cff45401c710c29d3703b082e77;50458;49.28 Ko;data/batches/hero_batch_001/crops/avatars_inner/28134_IMG_0993__R3.png;generated_crops
DUP_0059;acbe2898dd6ddc7fc04777eae7d157315ace2bb1bdd4522f344dfbb099ee2f2c;28258;27.60 Ko;data/batches/hero_batch_001/crops/avatars_inner/2818_Screenshot_20250709-175413__L4.png;generated_crops
DUP_0059;acbe2898dd6ddc7fc04777eae7d157315ace2bb1bdd4522f344dfbb099ee2f2c;28258;27.60 Ko;data/crops/hero/avatars_inner/2805_Screenshot_20250709-125031__L4.png;generated_crops
DUP_0060;ea0388dc556c60ed9d1338c7e6d5482d9068d27ec36cee40d22666921ee35e0c;32890;32.12 Ko;data/batches/hero_batch_001/crops/avatars_inner/2818_Screenshot_20250709-175413__L5.png;generated_crops
DUP_0060;ea0388dc556c60ed9d1338c7e6d5482d9068d27ec36cee40d22666921ee35e0c;32890;32.12 Ko;data/crops/hero/avatars_inner/2801_Screenshot_20250708-120939__L5.png;generated_crops
DUP_0060;ea0388dc556c60ed9d1338c7e6d5482d9068d27ec36cee40d22666921ee35e0c;32890;32.12 Ko;data/crops/hero/avatars_inner/2802_Screenshot_20250708-120933__L5.png;generated_crops
DUP_0060;ea0388dc556c60ed9d1338c7e6d5482d9068d27ec36cee40d22666921ee35e0c;32890;32.12 Ko;data/crops/hero/avatars_inner/2805_Screenshot_20250709-125031__L5.png;generated_crops
DUP_0060;ea0388dc556c60ed9d1338c7e6d5482d9068d27ec36cee40d22666921ee35e0c;32890;32.12 Ko;data/crops/hero/avatars_inner/2807_Screenshot_20250709-124710__L5.png;generated_crops
DUP_0060;ea0388dc556c60ed9d1338c7e6d5482d9068d27ec36cee40d22666921ee35e0c;32890;32.12 Ko;data/crops/hero/avatars_inner/2808_Screenshot_20250709-124612__L5.png;generated_crops
DUP_0061;759d0b04b6886f737562fc2e9b2e90bfd36e235349cfd6962563cdd6b7a23138;37497;36.62 Ko;data/batches/hero_batch_001/crops/avatars_inner/28650_Screenshot_20260325_093703_Hero_Wars__R5.png;generated_crops
DUP_0061;759d0b04b6886f737562fc2e9b2e90bfd36e235349cfd6962563cdd6b7a23138;37497;36.62 Ko;data/batches/hero_batch_001/crops/avatars_inner/32240_Screenshot_20260413_000732_Hero_Wars__R5.png;generated_crops
DUP_0062;0ae8cbe4fc33542e0a6e76a877105cfec6dd08a64a2ce3dd2a523d8748566fed;33433;32.65 Ko;data/batches/hero_batch_001/crops/avatars_inner/29938_Screenshot_20260406_103711_Hero_Wars__R1.png;generated_crops
DUP_0062;0ae8cbe4fc33542e0a6e76a877105cfec6dd08a64a2ce3dd2a523d8748566fed;33433;32.65 Ko;data/batches/hero_batch_001/crops/avatars_inner/33728_Screenshot_20260521_072748_Hero_Wars__R1.png;generated_crops
DUP_0063;f74d6dbf0ceaede1f1f746aae3035e5e06f553b8d83e01c0af01930d63f760cb;35839;35.00 Ko;data/batches/hero_batch_001/crops/avatars_inner/29938_Screenshot_20260406_103711_Hero_Wars__R5.png;generated_crops
DUP_0063;f74d6dbf0ceaede1f1f746aae3035e5e06f553b8d83e01c0af01930d63f760cb;35839;35.00 Ko;data/batches/hero_batch_001/crops/avatars_inner/31279_Screenshot_20260426_104904_Hero_Wars__R5.png;generated_crops
DUP_0064;726b5294cc44aa5da81cc988781dcdfa9feb5fa7e72092071638b4ecbef94e69;40154;39.21 Ko;data/batches/hero_batch_001/crops/avatars_inner/30832_Screenshot_20260417_170710_com_nexters_herowars_MessagingUnityPlayerActivity__R2.png;generated_crops
DUP_0064;726b5294cc44aa5da81cc988781dcdfa9feb5fa7e72092071638b4ecbef94e69;40154;39.21 Ko;data/batches/hero_batch_001/crops/avatars_inner/32603_Screenshot_20260430_135907_com_nexters_herowars_MessagingUnityPlayerActivity__R2.png;generated_crops
DUP_0065;78d7d4c58c082d2b11ba650a028be546b7f62493893e74cb287060978ca0dbf2;44719;43.67 Ko;data/batches/hero_batch_001/crops/avatars_inner/30870_6348B6DC-BE02-4EE8-A71C-43873F087A6A__R4.png;generated_crops
DUP_0065;78d7d4c58c082d2b11ba650a028be546b7f62493893e74cb287060978ca0dbf2;44719;43.67 Ko;data/batches/hero_batch_001/crops/avatars_inner/38083_B636B8D3-B852-4FDA-8049-4181C84F9302__R4.png;generated_crops
DUP_0066;34daf9f3b8fb29fc13b400fbaf1f16d164472ed0831f47cb41f61a1d5e534376;41634;40.66 Ko;data/batches/hero_batch_001/crops/avatars_inner/31160_8228970C-9E2C-4853-87EC-FB1A1F31C4E5__L5.png;generated_crops
DUP_0066;34daf9f3b8fb29fc13b400fbaf1f16d164472ed0831f47cb41f61a1d5e534376;41634;40.66 Ko;data/batches/hero_batch_001/crops/avatars_inner/33735_D346AA12-727A-4E1E-8812-69A8F0C29CAB__L5.png;generated_crops
DUP_0067;8d7534ae1bbe1fdcfcdd0bf1b94733bcc189e9456c0a20bd22def3093f5ce544;38682;37.78 Ko;data/batches/hero_batch_001/crops/avatars_inner/31160_8228970C-9E2C-4853-87EC-FB1A1F31C4E5__R1.png;generated_crops
DUP_0067;8d7534ae1bbe1fdcfcdd0bf1b94733bcc189e9456c0a20bd22def3093f5ce544;38682;37.78 Ko;data/batches/hero_batch_001/crops/avatars_inner/35456_8AAF3940-A958-4C51-8E39-E57D829FCBDA__R1.png;generated_crops
DUP_0068;3b11a15bdbb7df7c668591b8ff030d9f3307ab11c21e727fe530b2c3bd0a86b2;38179;37.28 Ko;data/batches/hero_batch_001/crops/avatars_inner/31279_Screenshot_20260426_104904_Hero_Wars__L3.png;generated_crops
DUP_0068;3b11a15bdbb7df7c668591b8ff030d9f3307ab11c21e727fe530b2c3bd0a86b2;38179;37.28 Ko;data/batches/hero_batch_001/crops/avatars_inner/38059_Screenshot_20260721_132012_Hero_Wars__L3.png;generated_crops
DUP_0069;91c207c5247bf765ee807227f7b0f9511e3f1c14296956efc3438a38d09deaa1;40698;39.74 Ko;data/batches/hero_batch_001/crops/avatars_inner/32240_Screenshot_20260413_000732_Hero_Wars__L3.png;generated_crops
DUP_0069;91c207c5247bf765ee807227f7b0f9511e3f1c14296956efc3438a38d09deaa1;40698;39.74 Ko;data/batches/hero_batch_001/crops/avatars_inner/37355_Screenshot_20260611_094637_Hero_Wars__L3.png;generated_crops
DUP_0070;17b8eef6fdf6ee949a91ea73188755bb1f2e617a0f361f3b8e1b2c6b5454624c;37529;36.65 Ko;data/batches/hero_batch_001/crops/avatars_inner/36312_Screenshot_20260622_004058_Hero_Wars__L2.png;generated_crops
DUP_0070;17b8eef6fdf6ee949a91ea73188755bb1f2e617a0f361f3b8e1b2c6b5454624c;37529;36.65 Ko;data/batches/hero_batch_001/crops/avatars_inner/36369_Screenshot_20260616_140607_Hero_Wars__L2.png;generated_crops
DUP_0071;335509e9bfd2545f211a5c938a1e772c2fa6f3793dc8d8bfb3b49f8ff54baf9e;31714;30.97 Ko;data/crops/hero/avatars_inner/2803_Screenshot_20250709-140336__L4.png;generated_crops
DUP_0071;335509e9bfd2545f211a5c938a1e772c2fa6f3793dc8d8bfb3b49f8ff54baf9e;31714;30.97 Ko;data/crops/hero/avatars_inner/2804_Screenshot_20250709-140324__L4.png;generated_crops
DUP_0072;bb52c9cbd1a8a00c5681e6a02425f5aa226d6a1b06e25ee9c35a0b2b835ad8d3;35755;34.92 Ko;data/batches/hero_batch_001/crops/avatars_inner/33849_Hero_Wars_2026-05-17-07-45-45__L5.png;generated_crops
DUP_0072;bb52c9cbd1a8a00c5681e6a02425f5aa226d6a1b06e25ee9c35a0b2b835ad8d3;35755;34.92 Ko;data/batches/hero_batch_001/crops/avatars_inner/37836_Hero_Wars_2026-06-30-05-41-30__L5.png;generated_crops
DUP_0073;8fa8d7ab01fb37c6f542cb75d36ff989534d38fd1329aa8e044323ae68aa5792;36074;35.23 Ko;data/batches/hero_batch_001/crops/avatars_inner/33849_Hero_Wars_2026-05-17-07-45-45__R5.png;generated_crops
DUP_0073;8fa8d7ab01fb37c6f542cb75d36ff989534d38fd1329aa8e044323ae68aa5792;36074;35.23 Ko;data/batches/hero_batch_001/crops/avatars_inner/36129_Hero_Wars_2026-06-15-09-10-09__R5.png;generated_crops
DUP_0074;1dfbb36b7309ac6c572e48471370b6e842990d93e90224e0185cc232fd29e4fa;43375;42.36 Ko;data/batches/hero_batch_001/crops/avatars_inner/34333_Screenshot_2026-05-28-22-15-21-583_com.nexters.herowars__R5.png;generated_crops
DUP_0074;1dfbb36b7309ac6c572e48471370b6e842990d93e90224e0185cc232fd29e4fa;43375;42.36 Ko;data/crops/hero/avatars_inner/38232_Screenshot_2026-07-24-23-30-48-292_com.nexters.herowars__R5.png;generated_crops
DUP_0075;c577cf2e8e08b09982d20231ebe524eb8d192dc08a36e7d74174ebc1b77e75a2;44095;43.06 Ko;data/batches/hero_batch_001/crops/avatars_inner/34344_Screenshot_2026-05-27-13-04-24-888_com.nexters.herowars__L3.png;generated_crops
DUP_0075;c577cf2e8e08b09982d20231ebe524eb8d192dc08a36e7d74174ebc1b77e75a2;44095;43.06 Ko;data/crops/hero/avatars_inner/38228_Screenshot_2026-07-27-01-27-44-005_com.nexters.herowars__L3.png;generated_crops
DUP_0076;235f0906f3283791301fd39e3bd33d2f121a7de197d2032680a108797027781a;45770;44.70 Ko;data/batches/hero_batch_001/crops/avatars_inner/34344_Screenshot_2026-05-27-13-04-24-888_com.nexters.herowars__R3.png;generated_crops
DUP_0076;235f0906f3283791301fd39e3bd33d2f121a7de197d2032680a108797027781a;45770;44.70 Ko;data/batches/hero_batch_001/crops/avatars_inner/37701_Screenshot_2026-07-01-09-13-21-020_com.nexters.herowars__R3.png;generated_crops
DUP_0077;864f875dd51b3cac381878368f927b295474d7363cdb9430ea77c4a2faa62c50;38458;37.56 Ko;data/batches/hero_batch_001/crops/avatars_inner/34508_Screenshot_20260525_012845_Hero_Wars__L4.png;generated_crops
DUP_0077;864f875dd51b3cac381878368f927b295474d7363cdb9430ea77c4a2faa62c50;38458;37.56 Ko;data/batches/hero_batch_001/crops/avatars_inner/37069_Screenshot_20260622_210945_Hero_Wars__L4.png;generated_crops
DUP_0078;5a26004d153c1485997a1d9f5e107027254c8b9021bc3b88c4e767b50a8219d6;37992;37.10 Ko;data/batches/hero_batch_001/crops/avatars_inner/34662_Screenshot_20260519_122217_Hero_Wars__R3.png;generated_crops
DUP_0078;5a26004d153c1485997a1d9f5e107027254c8b9021bc3b88c4e767b50a8219d6;37992;37.10 Ko;data/batches/hero_batch_001/crops/avatars_inner/37053_Screenshot_20260622_211945_Hero_Wars__R3.png;generated_crops
DUP_0079;2fefe61de19e2bab77f568bb6316444c71fd558ad6442c2f2b3ee50e0e39d76e;42501;41.50 Ko;data/batches/hero_batch_001/crops/avatars_inner/35456_8AAF3940-A958-4C51-8E39-E57D829FCBDA__L4.png;generated_crops
DUP_0079;2fefe61de19e2bab77f568bb6316444c71fd558ad6442c2f2b3ee50e0e39d76e;42501;41.50 Ko;data/batches/hero_batch_001/crops/avatars_inner/36184_1610F51E-B3B9-4F19-A124-88CA72E57D62__L4.png;generated_crops
DUP_0079;2fefe61de19e2bab77f568bb6316444c71fd558ad6442c2f2b3ee50e0e39d76e;42501;41.50 Ko;data/batches/hero_batch_001/crops/avatars_inner/38083_B636B8D3-B852-4FDA-8049-4181C84F9302__L4.png;generated_crops
DUP_0080;68890ade08b4de4b9c10e84fce69b170d336ae2d8c4d95baed86bd7d29074953;35381;34.55 Ko;data/batches/hero_batch_001/crops/avatars_inner/35576_Screenshot_20260609_075918_Hero_Wars__L5.png;generated_crops
DUP_0080;68890ade08b4de4b9c10e84fce69b170d336ae2d8c4d95baed86bd7d29074953;35381;34.55 Ko;data/batches/hero_batch_001/crops/avatars_inner/38059_Screenshot_20260721_132012_Hero_Wars__L5.png;generated_crops
DUP_0080;68890ade08b4de4b9c10e84fce69b170d336ae2d8c4d95baed86bd7d29074953;35381;34.55 Ko;data/crops/hero/avatars_inner/38234_Screenshot_20260728_193950_Hero_Wars__L5.png;generated_crops
DUP_0080;68890ade08b4de4b9c10e84fce69b170d336ae2d8c4d95baed86bd7d29074953;35381;34.55 Ko;data/crops/hero/avatars_inner/38235_Screenshot_20260728_193758_Hero_Wars__L5.png;generated_crops
DUP_0081;ed79663cc4dbd39818a316d7969a5880b0478a6bf038b6d5ecbb5a7c0f066193;14789;14.44 Ko;data/batches/hero_batch_001/crops/names/23003_Screenshot_20260120_101255_Hero_Wars__R5.png;generated_crops
DUP_0081;ed79663cc4dbd39818a316d7969a5880b0478a6bf038b6d5ecbb5a7c0f066193;14789;14.44 Ko;data/batches/hero_batch_001/crops/names/37355_Screenshot_20260611_094637_Hero_Wars__R5.png;generated_crops
DUP_0082;c09c45bc194430eb9f6851856a4e5babd4870fe5cfc393f9cc70cc79786e154b;16792;16.40 Ko;data/batches/hero_batch_001/crops/names/23796_Screenshot_20260202_005206_Hero_Wars__R4.png;generated_crops
DUP_0082;c09c45bc194430eb9f6851856a4e5babd4870fe5cfc393f9cc70cc79786e154b;16792;16.40 Ko;data/batches/hero_batch_001/crops/names/38059_Screenshot_20260721_132012_Hero_Wars__R4.png;generated_crops
DUP_0083;e083a3c3f7f5dd60545b8cad3914f2b9a3b0617d27c3873b1c2ba234c6ffee0a;14252;13.92 Ko;data/batches/hero_batch_001/crops/names/24054_Screenshot_2026-02-01-02-25-51-718_com.nexters.herowars__L5.png;generated_crops
DUP_0083;e083a3c3f7f5dd60545b8cad3914f2b9a3b0617d27c3873b1c2ba234c6ffee0a;14252;13.92 Ko;data/batches/hero_batch_001/crops/names/37701_Screenshot_2026-07-01-09-13-21-020_com.nexters.herowars__L5.png;generated_crops
DUP_0084;f3718ff7818a2cdd7da8839867e49280b032900ab3534ba93e9cdbc1b0a84090;14635;14.29 Ko;data/batches/hero_batch_001/crops/names/24231_IMG_3632__L1.png;generated_crops
DUP_0084;f3718ff7818a2cdd7da8839867e49280b032900ab3534ba93e9cdbc1b0a84090;14635;14.29 Ko;data/batches/hero_batch_001/crops/names/25470_IMG_3791__L1.png;generated_crops
DUP_0084;f3718ff7818a2cdd7da8839867e49280b032900ab3534ba93e9cdbc1b0a84090;14635;14.29 Ko;data/batches/hero_batch_001/crops/names/27763_IMG_4114__L1.png;generated_crops
DUP_0084;f3718ff7818a2cdd7da8839867e49280b032900ab3534ba93e9cdbc1b0a84090;14635;14.29 Ko;data/batches/hero_batch_001/crops/names/28116_IMG_4138__L1.png;generated_crops
DUP_0085;4784d256857eb4c6408667487a54551e37019ee6d91c812229ce998573c5fa7b;4996;4.88 Ko;data/batches/hero_batch_001/crops/names/25278_Screenshot_20260209_191952_Hero_Wars__L2.png;generated_crops
DUP_0085;4784d256857eb4c6408667487a54551e37019ee6d91c812229ce998573c5fa7b;4996;4.88 Ko;data/batches/hero_batch_001/crops/names/27337_Screenshot_20260309_020952_Hero_Wars__L2.png;generated_crops
DUP_0085;4784d256857eb4c6408667487a54551e37019ee6d91c812229ce998573c5fa7b;4996;4.88 Ko;data/batches/hero_batch_001/crops/names/30350_Screenshot_20260402_175211_Hero_Wars__L2.png;generated_crops
DUP_0085;4784d256857eb4c6408667487a54551e37019ee6d91c812229ce998573c5fa7b;4996;4.88 Ko;data/batches/hero_batch_001/crops/names/34145_Screenshot_20260519_184844_Hero_Wars__L2.png;generated_crops
DUP_0085;4784d256857eb4c6408667487a54551e37019ee6d91c812229ce998573c5fa7b;4996;4.88 Ko;data/batches/hero_batch_001/crops/names/36850_Screenshot_20260609_191547_Hero_Wars__L2.png;generated_crops
DUP_0086;35fb593a36ceb1c16be265587dc1801725611a41831d6c6fd917f37323521be5;6411;6.26 Ko;data/batches/hero_batch_001/crops/names/25278_Screenshot_20260209_191952_Hero_Wars__L3.png;generated_crops
DUP_0086;35fb593a36ceb1c16be265587dc1801725611a41831d6c6fd917f37323521be5;6411;6.26 Ko;data/batches/hero_batch_001/crops/names/27337_Screenshot_20260309_020952_Hero_Wars__L3.png;generated_crops
DUP_0086;35fb593a36ceb1c16be265587dc1801725611a41831d6c6fd917f37323521be5;6411;6.26 Ko;data/batches/hero_batch_001/crops/names/30350_Screenshot_20260402_175211_Hero_Wars__L3.png;generated_crops
DUP_0086;35fb593a36ceb1c16be265587dc1801725611a41831d6c6fd917f37323521be5;6411;6.26 Ko;data/batches/hero_batch_001/crops/names/31523_Screenshot_20260413_183359_Hero_Wars__L3.png;generated_crops
DUP_0086;35fb593a36ceb1c16be265587dc1801725611a41831d6c6fd917f37323521be5;6411;6.26 Ko;data/batches/hero_batch_001/crops/names/34145_Screenshot_20260519_184844_Hero_Wars__L3.png;generated_crops
DUP_0086;35fb593a36ceb1c16be265587dc1801725611a41831d6c6fd917f37323521be5;6411;6.26 Ko;data/batches/hero_batch_001/crops/names/36850_Screenshot_20260609_191547_Hero_Wars__L3.png;generated_crops
DUP_0087;db82f23dddc7289966626fd15866eb981412a8b8b6cd528cdcf7ab7132cd1a98;6106;5.96 Ko;data/batches/hero_batch_001/crops/names/25278_Screenshot_20260209_191952_Hero_Wars__R2.png;generated_crops
DUP_0087;db82f23dddc7289966626fd15866eb981412a8b8b6cd528cdcf7ab7132cd1a98;6106;5.96 Ko;data/batches/hero_batch_001/crops/names/27337_Screenshot_20260309_020952_Hero_Wars__R2.png;generated_crops
DUP_0087;db82f23dddc7289966626fd15866eb981412a8b8b6cd528cdcf7ab7132cd1a98;6106;5.96 Ko;data/batches/hero_batch_001/crops/names/30350_Screenshot_20260402_175211_Hero_Wars__R2.png;generated_crops
DUP_0087;db82f23dddc7289966626fd15866eb981412a8b8b6cd528cdcf7ab7132cd1a98;6106;5.96 Ko;data/batches/hero_batch_001/crops/names/31523_Screenshot_20260413_183359_Hero_Wars__R2.png;generated_crops
DUP_0087;db82f23dddc7289966626fd15866eb981412a8b8b6cd528cdcf7ab7132cd1a98;6106;5.96 Ko;data/batches/hero_batch_001/crops/names/33018_Screenshot_20260503_010810_Hero_Wars__R2.png;generated_crops
DUP_0087;db82f23dddc7289966626fd15866eb981412a8b8b6cd528cdcf7ab7132cd1a98;6106;5.96 Ko;data/batches/hero_batch_001/crops/names/36850_Screenshot_20260609_191547_Hero_Wars__R2.png;generated_crops
DUP_0088;9e715650ebd609a1f2091cd7dd52537ddfdada1618363b50174dd3c640d7c059;14295;13.96 Ko;data/batches/hero_batch_001/crops/names/25450_Screenshot_20260220_190543_Hero_Wars__R5.png;generated_crops
DUP_0088;9e715650ebd609a1f2091cd7dd52537ddfdada1618363b50174dd3c640d7c059;14295;13.96 Ko;data/batches/hero_batch_001/crops/names/36312_Screenshot_20260622_004058_Hero_Wars__R5.png;generated_crops
DUP_0089;1934466db0f9a31de1b31f735e34b4f865d7fd662793b180c4b66399501f5137;9778;9.55 Ko;data/batches/hero_batch_001/crops/names/25470_IMG_3791__L2.png;generated_crops
DUP_0089;1934466db0f9a31de1b31f735e34b4f865d7fd662793b180c4b66399501f5137;9778;9.55 Ko;data/batches/hero_batch_001/crops/names/27763_IMG_4114__L2.png;generated_crops
DUP_0089;1934466db0f9a31de1b31f735e34b4f865d7fd662793b180c4b66399501f5137;9778;9.55 Ko;data/batches/hero_batch_001/crops/names/28116_IMG_4138__L2.png;generated_crops
DUP_0090;2d33d958fc9617d200540b8c1082f24a86c865987c6ccbf69d4c1ec11a8c2305;14582;14.24 Ko;data/batches/hero_batch_001/crops/names/25572_B11FD1F1-0FC0-4C05-83DA-A0A741C79248__R5.png;generated_crops
DUP_0090;2d33d958fc9617d200540b8c1082f24a86c865987c6ccbf69d4c1ec11a8c2305;14582;14.24 Ko;data/batches/hero_batch_001/crops/names/36168_DE167D9D-293E-4B01-913B-DFE26AC97FC6__R5.png;generated_crops
DUP_0090;2d33d958fc9617d200540b8c1082f24a86c865987c6ccbf69d4c1ec11a8c2305;14582;14.24 Ko;data/batches/hero_batch_001/crops/names/38083_B636B8D3-B852-4FDA-8049-4181C84F9302__R5.png;generated_crops
DUP_0091;cb5d8e62b594379151a7c85feb8b9eb70066a95c5983e7cac91081767889aa71;13615;13.30 Ko;data/batches/hero_batch_001/crops/names/26186_Screenshot_20260202_095838_Hero_Wars__R5.png;generated_crops
DUP_0091;cb5d8e62b594379151a7c85feb8b9eb70066a95c5983e7cac91081767889aa71;13615;13.30 Ko;data/batches/hero_batch_001/crops/names/33849_Hero_Wars_2026-05-17-07-45-45__R5.png;generated_crops
DUP_0091;cb5d8e62b594379151a7c85feb8b9eb70066a95c5983e7cac91081767889aa71;13615;13.30 Ko;data/batches/hero_batch_001/crops/names/36129_Hero_Wars_2026-06-15-09-10-09__R5.png;generated_crops
DUP_0092;89cbf00260626e2a123de8c2bda6795bda8ccdaef548dbdebe9714493b44a5df;18106;17.68 Ko;data/batches/hero_batch_001/crops/names/26315_Screenshot_2026-02-28-00-11-23-143_com.nexters.herowars__R5.png;generated_crops
DUP_0092;89cbf00260626e2a123de8c2bda6795bda8ccdaef548dbdebe9714493b44a5df;18106;17.68 Ko;data/batches/hero_batch_001/crops/names/34333_Screenshot_2026-05-28-22-15-21-583_com.nexters.herowars__R5.png;generated_crops
DUP_0093;2d51f718e48a1371d18d0568c01d19545384903e3685edb366b25866bc8e2f36;20588;20.11 Ko;data/batches/hero_batch_001/crops/names/26876_Screenshot_20260305_235000_Hero_Wars__L5.png;generated_crops
DUP_0093;2d51f718e48a1371d18d0568c01d19545384903e3685edb366b25866bc8e2f36;20588;20.11 Ko;data/batches/hero_batch_001/crops/names/31279_Screenshot_20260426_104904_Hero_Wars__L5.png;generated_crops
DUP_0094;70bf6cbb1101ca4264abab0d3e1518b99df18f7c2e404bb6816a74477c86c3b5;13548;13.23 Ko;data/batches/hero_batch_001/crops/names/27024_Screenshot_20260308_124143_Hero_Wars__R5.png;generated_crops
DUP_0094;70bf6cbb1101ca4264abab0d3e1518b99df18f7c2e404bb6816a74477c86c3b5;13548;13.23 Ko;data/batches/hero_batch_001/crops/names/34662_Screenshot_20260519_122217_Hero_Wars__R5.png;generated_crops
DUP_0095;e1e920edb3bc8eeb341449b83f3c531ab2e4293d5d1b00163248d801989f3479;22642;22.11 Ko;data/batches/hero_batch_001/crops/names/27682_IMG_0872__R5.png;generated_crops
DUP_0095;e1e920edb3bc8eeb341449b83f3c531ab2e4293d5d1b00163248d801989f3479;22642;22.11 Ko;data/batches/hero_batch_001/crops/names/28134_IMG_0993__R5.png;generated_crops
DUP_0096;bf985239de0f8c96df09e7131ed893987f5485b92b078f005300f1f8c6e4116f;9137;8.92 Ko;data/batches/hero_batch_001/crops/names/2818_Screenshot_20250709-175413__L5.png;generated_crops
DUP_0096;bf985239de0f8c96df09e7131ed893987f5485b92b078f005300f1f8c6e4116f;9137;8.92 Ko;data/crops/hero/names/2801_Screenshot_20250708-120939__L5.png;generated_crops
DUP_0097;5baf07bef04bc402869ee12a807b3b96a2d42e785670d508861202fb6f72d27d;11888;11.61 Ko;data/batches/hero_batch_001/crops/names/2818_Screenshot_20250709-175413__R1.png;generated_crops
DUP_0097;5baf07bef04bc402869ee12a807b3b96a2d42e785670d508861202fb6f72d27d;11888;11.61 Ko;data/crops/hero/names/2801_Screenshot_20250708-120939__R1.png;generated_crops
DUP_0098;2e7eaec8e0298ee216f3022907cc3dc30835a8bab05ea8d4e4c3add5cc464d84;13564;13.25 Ko;data/batches/hero_batch_001/crops/names/28650_Screenshot_20260325_093703_Hero_Wars__L5.png;generated_crops
DUP_0098;2e7eaec8e0298ee216f3022907cc3dc30835a8bab05ea8d4e4c3add5cc464d84;13564;13.25 Ko;data/batches/hero_batch_001/crops/names/32240_Screenshot_20260413_000732_Hero_Wars__L5.png;generated_crops
DUP_0098;2e7eaec8e0298ee216f3022907cc3dc30835a8bab05ea8d4e4c3add5cc464d84;13564;13.25 Ko;data/batches/hero_batch_001/crops/names/37069_Screenshot_20260622_210945_Hero_Wars__L5.png;generated_crops
DUP_0099;5fe33dbe86003995dd6f9422ab679f0dd25661f186d50d83e78f50ca5d0ecfc4;13018;12.71 Ko;data/batches/hero_batch_001/crops/names/31160_8228970C-9E2C-4853-87EC-FB1A1F31C4E5__L1.png;generated_crops
DUP_0099;5fe33dbe86003995dd6f9422ab679f0dd25661f186d50d83e78f50ca5d0ecfc4;13018;12.71 Ko;data/batches/hero_batch_001/crops/names/36168_DE167D9D-293E-4B01-913B-DFE26AC97FC6__L1.png;generated_crops
DUP_0100;d67f83231695fea51eb8ba4e7b14840302ac457e8b0a4ecab59684a1fabfd51c;13979;13.65 Ko;data/batches/hero_batch_001/crops/names/31160_8228970C-9E2C-4853-87EC-FB1A1F31C4E5__R1.png;generated_crops
DUP_0100;d67f83231695fea51eb8ba4e7b14840302ac457e8b0a4ecab59684a1fabfd51c;13979;13.65 Ko;data/batches/hero_batch_001/crops/names/35456_8AAF3940-A958-4C51-8E39-E57D829FCBDA__R1.png;generated_crops
DUP_0101;cd66d6efa297e67bc748637b60bea0dffa68cc3a4ab638934c7070977cde2407;16612;16.22 Ko;data/batches/hero_batch_001/crops/names/31348_IMG_4450__L1.png;generated_crops
DUP_0101;cd66d6efa297e67bc748637b60bea0dffa68cc3a4ab638934c7070977cde2407;16612;16.22 Ko;data/batches/hero_batch_001/crops/names/31365_IMG_4415__L1.png;generated_crops
DUP_0101;cd66d6efa297e67bc748637b60bea0dffa68cc3a4ab638934c7070977cde2407;16612;16.22 Ko;data/batches/hero_batch_001/crops/names/35444_IMG_4662__L1.png;generated_crops
DUP_0101;cd66d6efa297e67bc748637b60bea0dffa68cc3a4ab638934c7070977cde2407;16612;16.22 Ko;data/batches/hero_batch_001/crops/names/37640_IMG_4894__L1.png;generated_crops
DUP_0102;30ba74f6dc3622ea77302a3494873ee31aad3a88d36f4d4534d23340a1b6a875;13478;13.16 Ko;data/batches/hero_batch_001/crops/names/31365_IMG_4415__L3.png;generated_crops
DUP_0102;30ba74f6dc3622ea77302a3494873ee31aad3a88d36f4d4534d23340a1b6a875;13478;13.16 Ko;data/batches/hero_batch_001/crops/names/36265_IMG_4806__L3.png;generated_crops
DUP_0103;aacc4f340f9a1c5bb6e9ae06fc612beb054d3d286f938c4c13414317b667f152;8600;8.40 Ko;data/batches/hero_batch_001/crops/names/33728_Screenshot_20260521_072748_Hero_Wars__L1.png;generated_crops
DUP_0103;aacc4f340f9a1c5bb6e9ae06fc612beb054d3d286f938c4c13414317b667f152;8600;8.40 Ko;data/batches/hero_batch_001/crops/names/35576_Screenshot_20260609_075918_Hero_Wars__L1.png;generated_crops
DUP_0103;aacc4f340f9a1c5bb6e9ae06fc612beb054d3d286f938c4c13414317b667f152;8600;8.40 Ko;data/batches/hero_batch_001/crops/names/36312_Screenshot_20260622_004058_Hero_Wars__L1.png;generated_crops
DUP_0103;aacc4f340f9a1c5bb6e9ae06fc612beb054d3d286f938c4c13414317b667f152;8600;8.40 Ko;data/batches/hero_batch_001/crops/names/36369_Screenshot_20260616_140607_Hero_Wars__L1.png;generated_crops
DUP_0103;aacc4f340f9a1c5bb6e9ae06fc612beb054d3d286f938c4c13414317b667f152;8600;8.40 Ko;data/batches/hero_batch_001/crops/names/38059_Screenshot_20260721_132012_Hero_Wars__L1.png;generated_crops
DUP_0104;12843116bc8796e9b64b0e7ba8102057f462222a02ae7572b5b1464037869e5e;9065;8.85 Ko;data/batches/hero_batch_001/crops/names/34508_Screenshot_20260525_012845_Hero_Wars__R1.png;generated_crops
DUP_0104;12843116bc8796e9b64b0e7ba8102057f462222a02ae7572b5b1464037869e5e;9065;8.85 Ko;data/batches/hero_batch_001/crops/names/36111_Hero_Wars_2026-06-14-06-27-11__R1.png;generated_crops
DUP_0104;12843116bc8796e9b64b0e7ba8102057f462222a02ae7572b5b1464037869e5e;9065;8.85 Ko;data/batches/hero_batch_001/crops/names/37355_Screenshot_20260611_094637_Hero_Wars__R1.png;generated_crops
DUP_0104;12843116bc8796e9b64b0e7ba8102057f462222a02ae7572b5b1464037869e5e;9065;8.85 Ko;data/batches/hero_batch_001/crops/names/37836_Hero_Wars_2026-06-30-05-41-30__R1.png;generated_crops
DUP_0105;6e1b3885dec898a9ee3a62ab952ead9460a5064c5df4f53a1532e591dad21a61;10801;10.55 Ko;data/batches/hero_batch_001/crops/names/35379_A31BEF3C-9F1D-4D7C-AD12-C22FFFC3AE9B__L1.png;generated_crops
DUP_0105;6e1b3885dec898a9ee3a62ab952ead9460a5064c5df4f53a1532e591dad21a61;10801;10.55 Ko;data/batches/hero_batch_001/crops/names/38083_B636B8D3-B852-4FDA-8049-4181C84F9302__L1.png;generated_crops
DUP_0106;0a59ad7af414d7b5d01fb26384f432886c4289b430d795d931e22d7da98cef4f;13750;13.43 Ko;data/batches/hero_batch_001/crops/names/35456_8AAF3940-A958-4C51-8E39-E57D829FCBDA__L1.png;generated_crops
DUP_0106;0a59ad7af414d7b5d01fb26384f432886c4289b430d795d931e22d7da98cef4f;13750;13.43 Ko;data/batches/hero_batch_001/crops/names/36184_1610F51E-B3B9-4F19-A124-88CA72E57D62__L1.png;generated_crops
DUP_0107;8a499bc6460fe1f8fbd7ce9f11b1a71f90e1645aa45314ffb8887e45f1067292;12159;11.87 Ko;data/batches/hero_batch_001/crops/names/35576_Screenshot_20260609_075918_Hero_Wars__L5.png;generated_crops
DUP_0107;8a499bc6460fe1f8fbd7ce9f11b1a71f90e1645aa45314ffb8887e45f1067292;12159;11.87 Ko;data/crops/hero/names/38234_Screenshot_20260728_193950_Hero_Wars__L5.png;generated_crops
DUP_0108;09346afc2db0b58355c0dd6a25db4b4e98b894eea0d5a86ab6bcafd9f7307038;31609;30.87 Ko;data/batches/hero_batch_001/crops_dynamic_v1/avatars_inner/24489_Screenshot_20260207-102123__R3.png;generated_crops
DUP_0108;09346afc2db0b58355c0dd6a25db4b4e98b894eea0d5a86ab6bcafd9f7307038;31609;30.87 Ko;data/batches/hero_batch_001/crops_dynamic_v1/avatars_inner/30628_Screenshot_20260408-071912__R3.png;generated_crops
DUP_0109;e3fe0b6ceae548621195588671aed1d4589ce538833e32dd49495d2112ae29fc;39076;38.16 Ko;data/batches/hero_batch_001/crops_dynamic_v1/avatars_inner/32240_Screenshot_20260413_000732_Hero_Wars__L4.png;generated_crops
DUP_0109;e3fe0b6ceae548621195588671aed1d4589ce538833e32dd49495d2112ae29fc;39076;38.16 Ko;data/batches/hero_batch_001/crops_dynamic_v1/avatars_inner/34662_Screenshot_20260519_122217_Hero_Wars__L4.png;generated_crops
DUP_0110;17e9451973192893552a7b334e4c55e22a30f5cc18abb2738af36f70bad58c44;3632;3.55 Ko;data/batches/hero_batch_001/reports/catalog_update_preview/heroes.proposed.csv;reports
DUP_0110;17e9451973192893552a7b334e4c55e22a30f5cc18abb2738af36f70bad58c44;3632;3.55 Ko;data/catalog/heroes.csv;catalog
DUP_0111;1879ef54a4213160cb1aaac54612ae770dcc0b8907e8bec8ada60d5f7c3a6ade;21120;20.62 Ko;data/batches/hero_batch_001/reports/catalog_update_preview/hero_appearances.proposed.csv;reports
DUP_0111;1879ef54a4213160cb1aaac54612ae770dcc0b8907e8bec8ada60d5f7c3a6ade;21120;20.62 Ko;data/catalog/hero_appearances.csv;catalog
DUP_0112;81d08d11804f313b6e93474ee2448ada092c317c6b533e42101fa4a4a824521d;47338;46.23 Ko;data/batches/hero_batch_001/reports/catalog_update_preview/hero_avatar_manifest.proposed.csv;reports
DUP_0112;81d08d11804f313b6e93474ee2448ada092c317c6b533e42101fa4a4a824521d;47338;46.23 Ko;data/catalog/hero_avatar_manifest.csv;catalog
DUP_0113;ae0b113cbbf7ef28d40fbfaf68c63219b888e8fb642aaa9125c8d096a8ffcfd8;211717;206.75 Ko;data/batches/hero_batch_001/reports/catalog_update_preview/hero_identity_manifest.proposed.csv;reports
DUP_0113;ae0b113cbbf7ef28d40fbfaf68c63219b888e8fb642aaa9125c8d096a8ffcfd8;211717;206.75 Ko;data/batches/hero_batch_001/validated/hero_identity_manifest.csv;validated
DUP_0114;9068f0c7bb2f7be78de344103cead2a53098c37283defa348ec5080e7cd78184;3927;3.83 Ko;data/batches/hero_batch_001/reports/catalog_update_preview/hero_name_aliases.proposed.csv;reports
DUP_0114;9068f0c7bb2f7be78de344103cead2a53098c37283defa348ec5080e7cd78184;3927;3.83 Ko;data/catalog/hero_name_aliases.csv;catalog
DUP_0115;0211ae9c16d25278225ce05c2e451f44770d3925aa71612b0927ac0f298aed10;284603;277.93 Ko;data/batches/hero_batch_001/reports/catalog_update_preview/reconciliation_results.proposed.csv;reports
DUP_0115;0211ae9c16d25278225ce05c2e451f44770d3925aa71612b0927ac0f298aed10;284603;277.93 Ko;data/batches/hero_batch_001/reports/reconciliation_v1/reconciliation_results.csv;reports
DUP_0116;fb0f1a6ad3bb5763f60c50b76dd20988b81516764b442d87e84eedd041037b2d;237320;231.76 Ko;data/batches/hero_batch_001/reports/crop_layout_check/debug/23003_Screenshot_20260120_101255_Hero_Wars__crop_debug.jpg;reports
DUP_0116;fb0f1a6ad3bb5763f60c50b76dd20988b81516764b442d87e84eedd041037b2d;237320;231.76 Ko;data/batches/hero_batch_001/reports/crop_layout_check_v2/debug/23003_Screenshot_20260120_101255_Hero_Wars__crop_debug.jpg;reports
DUP_0117;08140c4c94cd185d64aeeb99013475514dd3b5342c8463c5f20e27372e023b85;236244;230.71 Ko;data/batches/hero_batch_001/reports/crop_layout_check/debug/23796_Screenshot_20260202_005206_Hero_Wars__crop_debug.jpg;reports
DUP_0117;08140c4c94cd185d64aeeb99013475514dd3b5342c8463c5f20e27372e023b85;236244;230.71 Ko;data/batches/hero_batch_001/reports/crop_layout_check_v2/debug/23796_Screenshot_20260202_005206_Hero_Wars__crop_debug.jpg;reports
DUP_0118;ddb5a11def2a46ae14f24d1fbabb5574ec53c21fa66c65b75ffb50890a229753;243394;237.69 Ko;data/batches/hero_batch_001/reports/crop_layout_check/debug/24054_Screenshot_2026-02-01-02-25-51-718_com.nexters.herowars__crop_debug.jpg;reports
DUP_0118;ddb5a11def2a46ae14f24d1fbabb5574ec53c21fa66c65b75ffb50890a229753;243394;237.69 Ko;data/batches/hero_batch_001/reports/crop_layout_check_v2/debug/24054_Screenshot_2026-02-01-02-25-51-718_com.nexters.herowars__crop_debug.jpg;reports
DUP_0119;9f0d7c962f8aacbbab17e8eead01878b3a3e199e34971ec1432b8cfd70f7d160;244898;239.16 Ko;data/batches/hero_batch_001/reports/crop_layout_check/debug/24073_Screenshot_20260206_234151_Hero_Wars__crop_debug.jpg;reports
DUP_0119;9f0d7c962f8aacbbab17e8eead01878b3a3e199e34971ec1432b8cfd70f7d160;244898;239.16 Ko;data/batches/hero_batch_001/reports/crop_layout_check_v2/debug/24073_Screenshot_20260206_234151_Hero_Wars__crop_debug.jpg;reports
DUP_0120;dc8be6b132b3cebb131e417d3f8edfa3034ffa51520b968ad823c2bbaf935712;236052;230.52 Ko;data/batches/hero_batch_001/reports/crop_layout_check/debug/24109_IMG_0216__crop_debug.jpg;reports
DUP_0120;dc8be6b132b3cebb131e417d3f8edfa3034ffa51520b968ad823c2bbaf935712;236052;230.52 Ko;data/batches/hero_batch_001/reports/crop_layout_check_v2/debug/24109_IMG_0216__crop_debug.jpg;reports
DUP_0121;48966c31cdbab0476b68b48eb604b02657f21a44d86ba0ad745bdc28b9e5754c;248451;242.63 Ko;data/batches/hero_batch_001/reports/crop_layout_check/debug/24489_Screenshot_20260207-102123__crop_debug.jpg;reports
DUP_0121;48966c31cdbab0476b68b48eb604b02657f21a44d86ba0ad745bdc28b9e5754c;248451;242.63 Ko;data/batches/hero_batch_001/reports/crop_layout_check_v2/debug/24489_Screenshot_20260207-102123__crop_debug.jpg;reports
DUP_0122;ebbd303e0e6af8113863e4187d41b886161c87541694c44f96895a56060df67b;240789;235.15 Ko;data/batches/hero_batch_001/reports/crop_layout_check/debug/24655_Screenshot_20260213_011854_Hero_Wars__crop_debug.jpg;reports
DUP_0122;ebbd303e0e6af8113863e4187d41b886161c87541694c44f96895a56060df67b;240789;235.15 Ko;data/batches/hero_batch_001/reports/crop_layout_check_v2/debug/24655_Screenshot_20260213_011854_Hero_Wars__crop_debug.jpg;reports
DUP_0123;570e253aa9e831584f94215e753a10d21fc1711b6e54e2d6d624ba08c38c9c56;239670;234.05 Ko;data/batches/hero_batch_001/reports/crop_layout_check/debug/24931_Screenshot_20260219_234620_Hero_Wars__crop_debug.jpg;reports
DUP_0123;570e253aa9e831584f94215e753a10d21fc1711b6e54e2d6d624ba08c38c9c56;239670;234.05 Ko;data/batches/hero_batch_001/reports/crop_layout_check_v2/debug/24931_Screenshot_20260219_234620_Hero_Wars__crop_debug.jpg;reports
DUP_0124;96a80122b461d867b9b1d05438217f253e35e3b54a36f76392cec237bb2b90b5;237681;232.11 Ko;data/batches/hero_batch_001/reports/crop_layout_check/debug/25048_Screenshot_2026-02-20-20-55-07-685_com.nexters.herowars__crop_debug.jpg;reports
DUP_0124;96a80122b461d867b9b1d05438217f253e35e3b54a36f76392cec237bb2b90b5;237681;232.11 Ko;data/batches/hero_batch_001/reports/crop_layout_check_v2/debug/25048_Screenshot_2026-02-20-20-55-07-685_com.nexters.herowars__crop_debug.jpg;reports
DUP_0125;3c77289f3ceaf47f88258c649c27c0d9df7412e23e6003253cd9a11577c0a697;237774;232.20 Ko;data/batches/hero_batch_001/reports/crop_layout_check/debug/25081_Screenshot_2026-02-23-11-26-11-297_com.nexters.herowars__crop_debug.jpg;reports
DUP_0125;3c77289f3ceaf47f88258c649c27c0d9df7412e23e6003253cd9a11577c0a697;237774;232.20 Ko;data/batches/hero_batch_001/reports/crop_layout_check_v2/debug/25081_Screenshot_2026-02-23-11-26-11-297_com.nexters.herowars__crop_debug.jpg;reports
DUP_0126;e6238bfc7380cfed6f5e19c12f069b9740c6b1cfb54f9e49c34e8d677212912b;240217;234.59 Ko;data/batches/hero_batch_001/reports/crop_layout_check/debug/25450_Screenshot_20260220_190543_Hero_Wars__crop_debug.jpg;reports
DUP_0126;e6238bfc7380cfed6f5e19c12f069b9740c6b1cfb54f9e49c34e8d677212912b;240217;234.59 Ko;data/batches/hero_batch_001/reports/crop_layout_check_v2/debug/25450_Screenshot_20260220_190543_Hero_Wars__crop_debug.jpg;reports
DUP_0127;8f73f4c7a6e0da85d6c93cf35f8dcc0415368246232a22474e5f461c253a2b22;219502;214.36 Ko;data/batches/hero_batch_001/reports/crop_layout_check/debug/25507_Screenshot_20260225_152852_Hero_Wars__crop_debug.jpg;reports
DUP_0127;8f73f4c7a6e0da85d6c93cf35f8dcc0415368246232a22474e5f461c253a2b22;219502;214.36 Ko;data/batches/hero_batch_001/reports/crop_layout_check_v2/debug/25507_Screenshot_20260225_152852_Hero_Wars__crop_debug.jpg;reports
DUP_0128;75ae519ae84bf71d4d990f5dabcc598e65cb1b97eb7afc22e67412a78859f439;243592;237.88 Ko;data/batches/hero_batch_001/reports/crop_layout_check/debug/25572_B11FD1F1-0FC0-4C05-83DA-A0A741C79248__crop_debug.jpg;reports
DUP_0128;75ae519ae84bf71d4d990f5dabcc598e65cb1b97eb7afc22e67412a78859f439;243592;237.88 Ko;data/batches/hero_batch_001/reports/crop_layout_check_v2/debug/25572_B11FD1F1-0FC0-4C05-83DA-A0A741C79248__crop_debug.jpg;reports
DUP_0129;a8afb92ea77d44708506cd084b8dfad0cc0d73b4c4546d34acec34622fa060e9;242018;236.35 Ko;data/batches/hero_batch_001/reports/crop_layout_check/debug/26186_Screenshot_20260202_095838_Hero_Wars__crop_debug.jpg;reports
DUP_0129;a8afb92ea77d44708506cd084b8dfad0cc0d73b4c4546d34acec34622fa060e9;242018;236.35 Ko;data/batches/hero_batch_001/reports/crop_layout_check_v2/debug/26186_Screenshot_20260202_095838_Hero_Wars__crop_debug.jpg;reports
DUP_0130;d2f1c847a522dc9e85f172121db25a651f34ff816e378cb620db2b82906418ed;237014;231.46 Ko;data/batches/hero_batch_001/reports/crop_layout_check/debug/26315_Screenshot_2026-02-28-00-11-23-143_com.nexters.herowars__crop_debug.jpg;reports
DUP_0130;d2f1c847a522dc9e85f172121db25a651f34ff816e378cb620db2b82906418ed;237014;231.46 Ko;data/batches/hero_batch_001/reports/crop_layout_check_v2/debug/26315_Screenshot_2026-02-28-00-11-23-143_com.nexters.herowars__crop_debug.jpg;reports
DUP_0131;8378748e8b9beba079eb97e05b6c00460bc0040b135205f1dfaff5d09b6ca2a1;253033;247.10 Ko;data/batches/hero_batch_001/reports/crop_layout_check/debug/26360_Screenshot_20260213-072648__crop_debug.jpg;reports
DUP_0131;8378748e8b9beba079eb97e05b6c00460bc0040b135205f1dfaff5d09b6ca2a1;253033;247.10 Ko;data/batches/hero_batch_001/reports/crop_layout_check_v2/debug/26360_Screenshot_20260213-072648__crop_debug.jpg;reports
DUP_0132;51e2dc3172d0e10e58fc4c520a8926f561c09c5ff52006d55bc5413ccd33f470;235617;230.09 Ko;data/batches/hero_batch_001/reports/crop_layout_check/debug/26840_IMG_0620__crop_debug.jpg;reports
DUP_0132;51e2dc3172d0e10e58fc4c520a8926f561c09c5ff52006d55bc5413ccd33f470;235617;230.09 Ko;data/batches/hero_batch_001/reports/crop_layout_check_v2/debug/26840_IMG_0620__crop_debug.jpg;reports
DUP_0133;b31cecd3235fbb2bcab4257eb2f5d6d2d419b350b19b87c65ca45006a5b34d82;237433;231.87 Ko;data/batches/hero_batch_001/reports/crop_layout_check/debug/26876_Screenshot_20260305_235000_Hero_Wars__crop_debug.jpg;reports
DUP_0133;b31cecd3235fbb2bcab4257eb2f5d6d2d419b350b19b87c65ca45006a5b34d82;237433;231.87 Ko;data/batches/hero_batch_001/reports/crop_layout_check_v2/debug/26876_Screenshot_20260305_235000_Hero_Wars__crop_debug.jpg;reports
DUP_0134;807b5f3a7181e4d709c291507ce2998f9e30f55c133996ff0d40c0ad9e410798;238599;233.01 Ko;data/batches/hero_batch_001/reports/crop_layout_check/debug/27024_Screenshot_20260308_124143_Hero_Wars__crop_debug.jpg;reports
DUP_0134;807b5f3a7181e4d709c291507ce2998f9e30f55c133996ff0d40c0ad9e410798;238599;233.01 Ko;data/batches/hero_batch_001/reports/crop_layout_check_v2/debug/27024_Screenshot_20260308_124143_Hero_Wars__crop_debug.jpg;reports
DUP_0135;7f50ffe901e4b58945e77cd67234022a4a3fe827e9e4de4d50f50b79af6612fd;227391;222.06 Ko;data/batches/hero_batch_001/reports/crop_layout_check/debug/27591_Screenshot_20260316_212051_Hero_Wars__crop_debug.jpg;reports
DUP_0135;7f50ffe901e4b58945e77cd67234022a4a3fe827e9e4de4d50f50b79af6612fd;227391;222.06 Ko;data/batches/hero_batch_001/reports/crop_layout_check_v2/debug/27591_Screenshot_20260316_212051_Hero_Wars__crop_debug.jpg;reports
DUP_0136;32b55a61178702977c27a3ccc740821333745b4fff363e74e4e177bb0e3a1229;224238;218.98 Ko;data/batches/hero_batch_001/reports/crop_layout_check/debug/27593_Screenshot_20260316_212029_Hero_Wars__crop_debug.jpg;reports
DUP_0136;32b55a61178702977c27a3ccc740821333745b4fff363e74e4e177bb0e3a1229;224238;218.98 Ko;data/batches/hero_batch_001/reports/crop_layout_check_v2/debug/27593_Screenshot_20260316_212029_Hero_Wars__crop_debug.jpg;reports
DUP_0137;eb41833fb25f563cd8dfdaacd6bb7467544bd6caafe9d7aa821a6076b196cbf7;237141;231.58 Ko;data/batches/hero_batch_001/reports/crop_layout_check/debug/27682_IMG_0872__crop_debug.jpg;reports
DUP_0137;eb41833fb25f563cd8dfdaacd6bb7467544bd6caafe9d7aa821a6076b196cbf7;237141;231.58 Ko;data/batches/hero_batch_001/reports/crop_layout_check_v2/debug/27682_IMG_0872__crop_debug.jpg;reports
DUP_0138;867be1321938f18e7d9653cd2fed359ab7d2577d426c4810eb37e86e8e25d02b;249614;243.76 Ko;data/batches/hero_batch_001/reports/crop_layout_check/debug/28019_Screenshot_20260318-061104__crop_debug.jpg;reports
DUP_0138;867be1321938f18e7d9653cd2fed359ab7d2577d426c4810eb37e86e8e25d02b;249614;243.76 Ko;data/batches/hero_batch_001/reports/crop_layout_check_v2/debug/28019_Screenshot_20260318-061104__crop_debug.jpg;reports
DUP_0139;dac3b70c0f152d12ce687a4a7268b2e01145fabc7ca39bcaa6e6e60fcd185306;243814;238.10 Ko;data/batches/hero_batch_001/reports/crop_layout_check/debug/28134_IMG_0993__crop_debug.jpg;reports
DUP_0139;dac3b70c0f152d12ce687a4a7268b2e01145fabc7ca39bcaa6e6e60fcd185306;243814;238.10 Ko;data/batches/hero_batch_001/reports/crop_layout_check_v2/debug/28134_IMG_0993__crop_debug.jpg;reports
DUP_0140;1d59a5fe3a3b53609bc3c52e03c7ccc5dba72086d09688b38c56c0d8cd58779d;235558;230.04 Ko;data/batches/hero_batch_001/reports/crop_layout_check/debug/2818_Screenshot_20250709-175413__crop_debug.jpg;reports
DUP_0140;1d59a5fe3a3b53609bc3c52e03c7ccc5dba72086d09688b38c56c0d8cd58779d;235558;230.04 Ko;data/batches/hero_batch_001/reports/crop_layout_check_v2/debug/2818_Screenshot_20250709-175413__crop_debug.jpg;reports
DUP_0141;b8481a72228ee24cccaf1420e9ce1cf157c629e858aa397d54f9c7da64deb28c;240467;234.83 Ko;data/batches/hero_batch_001/reports/crop_layout_check/debug/28434_Screenshot_20260326_192112_Hero_Wars__crop_debug.jpg;reports
DUP_0141;b8481a72228ee24cccaf1420e9ce1cf157c629e858aa397d54f9c7da64deb28c;240467;234.83 Ko;data/batches/hero_batch_001/reports/crop_layout_check_v2/debug/28434_Screenshot_20260326_192112_Hero_Wars__crop_debug.jpg;reports
DUP_0142;724e2bdbe45c2ed76c4f6e49c65a1537348e30ce8854fd1f6d3f3e8722791992;246721;240.94 Ko;data/batches/hero_batch_001/reports/crop_layout_check/debug/28473_Screenshot_20260331_142923_Hero_Wars__crop_debug.jpg;reports
DUP_0142;724e2bdbe45c2ed76c4f6e49c65a1537348e30ce8854fd1f6d3f3e8722791992;246721;240.94 Ko;data/batches/hero_batch_001/reports/crop_layout_check_v2/debug/28473_Screenshot_20260331_142923_Hero_Wars__crop_debug.jpg;reports
DUP_0143;f1d90200ff2ef5d28a6191fcbfcee8fc5bf5a2d64847b205d9b6631254d8270a;240410;234.78 Ko;data/batches/hero_batch_001/reports/crop_layout_check/debug/28650_Screenshot_20260325_093703_Hero_Wars__crop_debug.jpg;reports
DUP_0143;f1d90200ff2ef5d28a6191fcbfcee8fc5bf5a2d64847b205d9b6631254d8270a;240410;234.78 Ko;data/batches/hero_batch_001/reports/crop_layout_check_v2/debug/28650_Screenshot_20260325_093703_Hero_Wars__crop_debug.jpg;reports
DUP_0144;a8e5faa181f1e1638a88550a3f3e5d3a254dd3e814778451d4688bfc141cceda;241434;235.78 Ko;data/batches/hero_batch_001/reports/crop_layout_check/debug/29109_Screenshot_2026-03-31-17-47-40-093_com.nexters.herowars__crop_debug.jpg;reports
DUP_0144;a8e5faa181f1e1638a88550a3f3e5d3a254dd3e814778451d4688bfc141cceda;241434;235.78 Ko;data/batches/hero_batch_001/reports/crop_layout_check_v2/debug/29109_Screenshot_2026-03-31-17-47-40-093_com.nexters.herowars__crop_debug.jpg;reports
DUP_0145;b64fbbbdac4a84c419256a3ec4716de1f7a2ecc9dd30c88f115d62bc61e258f6;241019;235.37 Ko;data/batches/hero_batch_001/reports/crop_layout_check/debug/29255_IMG_6294__crop_debug.jpg;reports
DUP_0145;b64fbbbdac4a84c419256a3ec4716de1f7a2ecc9dd30c88f115d62bc61e258f6;241019;235.37 Ko;data/batches/hero_batch_001/reports/crop_layout_check_v2/debug/29255_IMG_6294__crop_debug.jpg;reports
DUP_0146;1a632be25c34975754fdcee8579a0dc8e08ba360508057ad16b3181107fab103;292502;285.65 Ko;data/batches/hero_batch_001/reports/crop_layout_check/debug/29420_IMG_2680__crop_debug.jpg;reports
DUP_0146;1a632be25c34975754fdcee8579a0dc8e08ba360508057ad16b3181107fab103;292502;285.65 Ko;data/batches/hero_batch_001/reports/crop_layout_check_v2/debug/29420_IMG_2680__crop_debug.jpg;reports
DUP_0147;549a057cadf67d58e60ba288eea2ea38abe6f237907c862c533989c62f20bade;295255;288.33 Ko;data/batches/hero_batch_001/reports/crop_layout_check/debug/29768_IMG_2174__crop_debug.jpg;reports
DUP_0147;549a057cadf67d58e60ba288eea2ea38abe6f237907c862c533989c62f20bade;295255;288.33 Ko;data/batches/hero_batch_001/reports/crop_layout_check_v2/debug/29768_IMG_2174__crop_debug.jpg;reports
DUP_0148;42168665ee9fea273d43e1fe1690aaa5f99933e4bfdc5b47c0f75e22f8a734f9;247199;241.41 Ko;data/batches/hero_batch_001/reports/crop_layout_check/debug/29823_Screenshot_20260402_143739_Hero_Wars__crop_debug.jpg;reports
DUP_0148;42168665ee9fea273d43e1fe1690aaa5f99933e4bfdc5b47c0f75e22f8a734f9;247199;241.41 Ko;data/batches/hero_batch_001/reports/crop_layout_check_v2/debug/29823_Screenshot_20260402_143739_Hero_Wars__crop_debug.jpg;reports
DUP_0149;3821dd241e963578ae1a2a2e0d52d851f2ef9997461311ebfa9b1d90fc21fd25;240152;234.52 Ko;data/batches/hero_batch_001/reports/crop_layout_check/debug/29938_Screenshot_20260406_103711_Hero_Wars__crop_debug.jpg;reports
DUP_0149;3821dd241e963578ae1a2a2e0d52d851f2ef9997461311ebfa9b1d90fc21fd25;240152;234.52 Ko;data/batches/hero_batch_001/reports/crop_layout_check_v2/debug/29938_Screenshot_20260406_103711_Hero_Wars__crop_debug.jpg;reports
DUP_0150;0e02120d6e062b029e63927e429e19d1cc3040b2005fdd7eaf5b5f6c90a69cbf;248642;242.81 Ko;data/batches/hero_batch_001/reports/crop_layout_check/debug/30628_Screenshot_20260408-071912__crop_debug.jpg;reports
DUP_0150;0e02120d6e062b029e63927e429e19d1cc3040b2005fdd7eaf5b5f6c90a69cbf;248642;242.81 Ko;data/batches/hero_batch_001/reports/crop_layout_check_v2/debug/30628_Screenshot_20260408-071912__crop_debug.jpg;reports
DUP_0151;0589cf459675087882692079867211dbff4553a474addfd17d1ac023735a12b0;227617;222.28 Ko;data/batches/hero_batch_001/reports/crop_layout_check/debug/30662_Screenshot_20260415_165146_Hero_Wars__crop_debug.jpg;reports
DUP_0151;0589cf459675087882692079867211dbff4553a474addfd17d1ac023735a12b0;227617;222.28 Ko;data/batches/hero_batch_001/reports/crop_layout_check_v2/debug/30662_Screenshot_20260415_165146_Hero_Wars__crop_debug.jpg;reports
DUP_0152;4987b79dd23ffba6dd1de392fd745c34a226b0e0a90cbbbcb22e9bee2a634e36;230627;225.22 Ko;data/batches/hero_batch_001/reports/crop_layout_check/debug/30777_Screenshot_20260416-001522__crop_debug.jpg;reports
DUP_0152;4987b79dd23ffba6dd1de392fd745c34a226b0e0a90cbbbcb22e9bee2a634e36;230627;225.22 Ko;data/batches/hero_batch_001/reports/crop_layout_check_v2/debug/30777_Screenshot_20260416-001522__crop_debug.jpg;reports
DUP_0153;30892cfa84a888cf60b6f8b143bb59854b20f43716fee1a0c51fff8e7bf40b0f;239021;233.42 Ko;data/batches/hero_batch_001/reports/crop_layout_check/debug/30832_Screenshot_20260417_170710_com_nexters_herowars_MessagingUnityPlayerActivity__crop_debug.jpg;reports
DUP_0153;30892cfa84a888cf60b6f8b143bb59854b20f43716fee1a0c51fff8e7bf40b0f;239021;233.42 Ko;data/batches/hero_batch_001/reports/crop_layout_check_v2/debug/30832_Screenshot_20260417_170710_com_nexters_herowars_MessagingUnityPlayerActivity__crop_debug.jpg;reports
DUP_0154;9ecec1851531380a8f9ecaf0f87ba101b45a4065ecdcd9a3a8ba5d28e8deccc8;245163;239.42 Ko;data/batches/hero_batch_001/reports/crop_layout_check/debug/30870_6348B6DC-BE02-4EE8-A71C-43873F087A6A__crop_debug.jpg;reports
DUP_0154;9ecec1851531380a8f9ecaf0f87ba101b45a4065ecdcd9a3a8ba5d28e8deccc8;245163;239.42 Ko;data/batches/hero_batch_001/reports/crop_layout_check_v2/debug/30870_6348B6DC-BE02-4EE8-A71C-43873F087A6A__crop_debug.jpg;reports
DUP_0155;d303d90cac42e9134d6c206ac3b6cd3be711f8345d44c498522463aa24bfcaff;240674;235.03 Ko;data/batches/hero_batch_001/reports/crop_layout_check/debug/31071_Screenshot_2026-04-20-21-53-46-223_com.nexters.herowars__crop_debug.jpg;reports
DUP_0155;d303d90cac42e9134d6c206ac3b6cd3be711f8345d44c498522463aa24bfcaff;240674;235.03 Ko;data/batches/hero_batch_001/reports/crop_layout_check_v2/debug/31071_Screenshot_2026-04-20-21-53-46-223_com.nexters.herowars__crop_debug.jpg;reports
DUP_0156;ff11e9e575326df4e5faba2f9e6a45c672275392da833975e9678be4990a441c;246401;240.63 Ko;data/batches/hero_batch_001/reports/crop_layout_check/debug/31160_8228970C-9E2C-4853-87EC-FB1A1F31C4E5__crop_debug.jpg;reports
DUP_0156;ff11e9e575326df4e5faba2f9e6a45c672275392da833975e9678be4990a441c;246401;240.63 Ko;data/batches/hero_batch_001/reports/crop_layout_check_v2/debug/31160_8228970C-9E2C-4853-87EC-FB1A1F31C4E5__crop_debug.jpg;reports
DUP_0157;b305e5dabe00542d295f58a73cc1d9acd015dac0daee648a85e03a39840c2dae;241042;235.39 Ko;data/batches/hero_batch_001/reports/crop_layout_check/debug/31279_Screenshot_20260426_104904_Hero_Wars__crop_debug.jpg;reports
DUP_0157;b305e5dabe00542d295f58a73cc1d9acd015dac0daee648a85e03a39840c2dae;241042;235.39 Ko;data/batches/hero_batch_001/reports/crop_layout_check_v2/debug/31279_Screenshot_20260426_104904_Hero_Wars__crop_debug.jpg;reports
DUP_0158;74f53b1939b699f7067aadd8a37f0764ec059257d81ea1393ece4a6dbba71a01;235193;229.68 Ko;data/batches/hero_batch_001/reports/crop_layout_check/debug/31318_Screenshot_2026-04-26-12-52-45-89_b7069e849b44f49c61683e78ed778d97__crop_debug.jpg;reports
DUP_0158;74f53b1939b699f7067aadd8a37f0764ec059257d81ea1393ece4a6dbba71a01;235193;229.68 Ko;data/batches/hero_batch_001/reports/crop_layout_check_v2/debug/31318_Screenshot_2026-04-26-12-52-45-89_b7069e849b44f49c61683e78ed778d97__crop_debug.jpg;reports
DUP_0159;f90e1e836c9afd13d372c1baf50a0734c7f90a39264ee1c6a5573365f250d14b;256044;250.04 Ko;data/batches/hero_batch_001/reports/crop_layout_check/debug/31663_Screenshot_20260421-063807__crop_debug.jpg;reports
DUP_0159;f90e1e836c9afd13d372c1baf50a0734c7f90a39264ee1c6a5573365f250d14b;256044;250.04 Ko;data/batches/hero_batch_001/reports/crop_layout_check_v2/debug/31663_Screenshot_20260421-063807__crop_debug.jpg;reports
DUP_0160;f11252e8194e2b2c063b22f72905beaf9070adae0af97646798b36140c78f501;239180;233.57 Ko;data/batches/hero_batch_001/reports/crop_layout_check/debug/32240_Screenshot_20260413_000732_Hero_Wars__crop_debug.jpg;reports
DUP_0160;f11252e8194e2b2c063b22f72905beaf9070adae0af97646798b36140c78f501;239180;233.57 Ko;data/batches/hero_batch_001/reports/crop_layout_check_v2/debug/32240_Screenshot_20260413_000732_Hero_Wars__crop_debug.jpg;reports
DUP_0161;a123ca589f068770ada10514ea02d7b2af8f92c1737a9cd9c0bc63582a643fcf;235512;229.99 Ko;data/batches/hero_batch_001/reports/crop_layout_check/debug/32603_Screenshot_20260430_135907_com_nexters_herowars_MessagingUnityPlayerActivity__crop_debug.jpg;reports
DUP_0161;a123ca589f068770ada10514ea02d7b2af8f92c1737a9cd9c0bc63582a643fcf;235512;229.99 Ko;data/batches/hero_batch_001/reports/crop_layout_check_v2/debug/32603_Screenshot_20260430_135907_com_nexters_herowars_MessagingUnityPlayerActivity__crop_debug.jpg;reports
DUP_0162;4e0644c4466d096e0aaeed7aeb2c568c779dcf2b865a866f7a253b80278d7445;239871;234.25 Ko;data/batches/hero_batch_001/reports/crop_layout_check/debug/32626_Screenshot_20260501-151301__crop_debug.jpg;reports
DUP_0162;4e0644c4466d096e0aaeed7aeb2c568c779dcf2b865a866f7a253b80278d7445;239871;234.25 Ko;data/batches/hero_batch_001/reports/crop_layout_check_v2/debug/32626_Screenshot_20260501-151301__crop_debug.jpg;reports
DUP_0163;fd915677ff04c4bf9a1b15849d3a1297a2ea20df7b3acb91969e49ffa9029d1a;222675;217.46 Ko;data/batches/hero_batch_001/reports/crop_layout_check/debug/32722_Screenshot_20260503_210314_Hero_Wars__crop_debug.jpg;reports
DUP_0163;fd915677ff04c4bf9a1b15849d3a1297a2ea20df7b3acb91969e49ffa9029d1a;222675;217.46 Ko;data/batches/hero_batch_001/reports/crop_layout_check_v2/debug/32722_Screenshot_20260503_210314_Hero_Wars__crop_debug.jpg;reports
DUP_0164;c90bfa90b94ff40c57d88e365d7f2851ca8793e900bc07e24bdaa2b2b381f8ec;241049;235.40 Ko;data/batches/hero_batch_001/reports/crop_layout_check/debug/32881_Screenshot_2026-05-09-01-12-28-301_com.nexters.herowars__crop_debug.jpg;reports
DUP_0164;c90bfa90b94ff40c57d88e365d7f2851ca8793e900bc07e24bdaa2b2b381f8ec;241049;235.40 Ko;data/batches/hero_batch_001/reports/crop_layout_check_v2/debug/32881_Screenshot_2026-05-09-01-12-28-301_com.nexters.herowars__crop_debug.jpg;reports
DUP_0165;81f3cd4113a6a4060e5fd8050fd070c44ea33a1830a631a09653efc9ad5f6d75;236857;231.31 Ko;data/batches/hero_batch_001/reports/crop_layout_check/debug/32900_Screenshot_20260505-133413__crop_debug.jpg;reports
DUP_0165;81f3cd4113a6a4060e5fd8050fd070c44ea33a1830a631a09653efc9ad5f6d75;236857;231.31 Ko;data/batches/hero_batch_001/reports/crop_layout_check_v2/debug/32900_Screenshot_20260505-133413__crop_debug.jpg;reports
DUP_0166;ac7361b64f113e175efba4c680684744ce7a1c1f206ae8a804f8011e72efb753;241882;236.21 Ko;data/batches/hero_batch_001/reports/crop_layout_check/debug/33680_Screenshot_20260519_145831_com_nexters_herowars_MessagingUnityPlayerActivity__crop_debug.jpg;reports
DUP_0166;ac7361b64f113e175efba4c680684744ce7a1c1f206ae8a804f8011e72efb753;241882;236.21 Ko;data/batches/hero_batch_001/reports/crop_layout_check_v2/debug/33680_Screenshot_20260519_145831_com_nexters_herowars_MessagingUnityPlayerActivity__crop_debug.jpg;reports
DUP_0167;398832e8393e3ad96106ec8a97916ac7eebf3c55b86a42e46ee98a696e348624;237541;231.97 Ko;data/batches/hero_batch_001/reports/crop_layout_check/debug/33728_Screenshot_20260521_072748_Hero_Wars__crop_debug.jpg;reports
DUP_0167;398832e8393e3ad96106ec8a97916ac7eebf3c55b86a42e46ee98a696e348624;237541;231.97 Ko;data/batches/hero_batch_001/reports/crop_layout_check_v2/debug/33728_Screenshot_20260521_072748_Hero_Wars__crop_debug.jpg;reports
DUP_0168;dabea5f8e655302a2e178cec7164ac8d9a83af396ab3b0127811f998e1846cd5;247040;241.25 Ko;data/batches/hero_batch_001/reports/crop_layout_check/debug/33735_D346AA12-727A-4E1E-8812-69A8F0C29CAB__crop_debug.jpg;reports
DUP_0168;dabea5f8e655302a2e178cec7164ac8d9a83af396ab3b0127811f998e1846cd5;247040;241.25 Ko;data/batches/hero_batch_001/reports/crop_layout_check_v2/debug/33735_D346AA12-727A-4E1E-8812-69A8F0C29CAB__crop_debug.jpg;reports
DUP_0169;16d1606089883a1db65533c159601a22bb8a0b3cd2cb68c72d281ee4ca070732;245164;239.42 Ko;data/batches/hero_batch_001/reports/crop_layout_check/debug/33849_Hero_Wars_2026-05-17-07-45-45__crop_debug.jpg;reports
DUP_0169;16d1606089883a1db65533c159601a22bb8a0b3cd2cb68c72d281ee4ca070732;245164;239.42 Ko;data/batches/hero_batch_001/reports/crop_layout_check_v2/debug/33849_Hero_Wars_2026-05-17-07-45-45__crop_debug.jpg;reports
DUP_0170;3078a394421628dc953af459e50280be82d46e10467b47cec4243bc86793b198;241923;236.25 Ko;data/batches/hero_batch_001/reports/crop_layout_check/debug/33961_Screenshot_2026-05-23-00-53-53-522_com.nexters.herowars__crop_debug.jpg;reports
DUP_0170;3078a394421628dc953af459e50280be82d46e10467b47cec4243bc86793b198;241923;236.25 Ko;data/batches/hero_batch_001/reports/crop_layout_check_v2/debug/33961_Screenshot_2026-05-23-00-53-53-522_com.nexters.herowars__crop_debug.jpg;reports
DUP_0171;83d60e0d76f450959694b703598998289870f97e6a477cafec7f6d4cd072ceca;242113;236.44 Ko;data/batches/hero_batch_001/reports/crop_layout_check/debug/34333_Screenshot_2026-05-28-22-15-21-583_com.nexters.herowars__crop_debug.jpg;reports
DUP_0171;83d60e0d76f450959694b703598998289870f97e6a477cafec7f6d4cd072ceca;242113;236.44 Ko;data/batches/hero_batch_001/reports/crop_layout_check_v2/debug/34333_Screenshot_2026-05-28-22-15-21-583_com.nexters.herowars__crop_debug.jpg;reports
DUP_0172;aaaf0aff8e6d3416b12a46f7b6f9f3b84e0e6007f9900dfbac66534e5dd06476;245595;239.84 Ko;data/batches/hero_batch_001/reports/crop_layout_check/debug/34344_Screenshot_2026-05-27-13-04-24-888_com.nexters.herowars__crop_debug.jpg;reports
DUP_0172;aaaf0aff8e6d3416b12a46f7b6f9f3b84e0e6007f9900dfbac66534e5dd06476;245595;239.84 Ko;data/batches/hero_batch_001/reports/crop_layout_check_v2/debug/34344_Screenshot_2026-05-27-13-04-24-888_com.nexters.herowars__crop_debug.jpg;reports
DUP_0173;d45821624790806ba4a261075e6f7ec9a2b65ed8ac4a256916d3336a914a77fc;243481;237.77 Ko;data/batches/hero_batch_001/reports/crop_layout_check/debug/34508_Screenshot_20260525_012845_Hero_Wars__crop_debug.jpg;reports
DUP_0173;d45821624790806ba4a261075e6f7ec9a2b65ed8ac4a256916d3336a914a77fc;243481;237.77 Ko;data/batches/hero_batch_001/reports/crop_layout_check_v2/debug/34508_Screenshot_20260525_012845_Hero_Wars__crop_debug.jpg;reports
DUP_0174;a8d15af2e44b49c8eaa0734cbbb24724ea24a3c19d761509df5fde136e7a897a;238335;232.75 Ko;data/batches/hero_batch_001/reports/crop_layout_check/debug/34662_Screenshot_20260519_122217_Hero_Wars__crop_debug.jpg;reports
DUP_0174;a8d15af2e44b49c8eaa0734cbbb24724ea24a3c19d761509df5fde136e7a897a;238335;232.75 Ko;data/batches/hero_batch_001/reports/crop_layout_check_v2/debug/34662_Screenshot_20260519_122217_Hero_Wars__crop_debug.jpg;reports
DUP_0175;f098edf5a20cd9d3259fe37dbe6511f61d50d53ac976ec1594da1cf1cf3146e0;240413;234.78 Ko;data/batches/hero_batch_001/reports/crop_layout_check/debug/35379_A31BEF3C-9F1D-4D7C-AD12-C22FFFC3AE9B__crop_debug.jpg;reports
DUP_0175;f098edf5a20cd9d3259fe37dbe6511f61d50d53ac976ec1594da1cf1cf3146e0;240413;234.78 Ko;data/batches/hero_batch_001/reports/crop_layout_check_v2/debug/35379_A31BEF3C-9F1D-4D7C-AD12-C22FFFC3AE9B__crop_debug.jpg;reports
DUP_0176;4a53f14202541e8fb0af9f633aa9fb1a08b186f049b5025233ebb7f4937a70c2;240509;234.87 Ko;data/batches/hero_batch_001/reports/crop_layout_check/debug/35456_8AAF3940-A958-4C51-8E39-E57D829FCBDA__crop_debug.jpg;reports
DUP_0176;4a53f14202541e8fb0af9f633aa9fb1a08b186f049b5025233ebb7f4937a70c2;240509;234.87 Ko;data/batches/hero_batch_001/reports/crop_layout_check_v2/debug/35456_8AAF3940-A958-4C51-8E39-E57D829FCBDA__crop_debug.jpg;reports
DUP_0177;a3e8dc875e027f5a54d64f0dd5276f0b3d3b53df450afd2097179a4e85d2c9b0;241583;235.92 Ko;data/batches/hero_batch_001/reports/crop_layout_check/debug/35576_Screenshot_20260609_075918_Hero_Wars__crop_debug.jpg;reports
DUP_0177;a3e8dc875e027f5a54d64f0dd5276f0b3d3b53df450afd2097179a4e85d2c9b0;241583;235.92 Ko;data/batches/hero_batch_001/reports/crop_layout_check_v2/debug/35576_Screenshot_20260609_075918_Hero_Wars__crop_debug.jpg;reports
DUP_0178;0256a59cc2694bab33f51f46b7aaeaff03a18b783d73b617a608bc66887cde65;244010;238.29 Ko;data/batches/hero_batch_001/reports/crop_layout_check/debug/36111_Hero_Wars_2026-06-14-06-27-11__crop_debug.jpg;reports
DUP_0178;0256a59cc2694bab33f51f46b7aaeaff03a18b783d73b617a608bc66887cde65;244010;238.29 Ko;data/batches/hero_batch_001/reports/crop_layout_check_v2/debug/36111_Hero_Wars_2026-06-14-06-27-11__crop_debug.jpg;reports
DUP_0179;6a8fb9f983017ff52e90f2ff2d3774294b2c321c20a0d681d9661de079c9f042;245842;240.08 Ko;data/batches/hero_batch_001/reports/crop_layout_check/debug/36129_Hero_Wars_2026-06-15-09-10-09__crop_debug.jpg;reports
DUP_0179;6a8fb9f983017ff52e90f2ff2d3774294b2c321c20a0d681d9661de079c9f042;245842;240.08 Ko;data/batches/hero_batch_001/reports/crop_layout_check_v2/debug/36129_Hero_Wars_2026-06-15-09-10-09__crop_debug.jpg;reports
DUP_0180;d5e51e729a797628a6ace42b9ca39d43fe45997da6222c95f174034e5753ca6a;239543;233.93 Ko;data/batches/hero_batch_001/reports/crop_layout_check/debug/36168_DE167D9D-293E-4B01-913B-DFE26AC97FC6__crop_debug.jpg;reports
DUP_0180;d5e51e729a797628a6ace42b9ca39d43fe45997da6222c95f174034e5753ca6a;239543;233.93 Ko;data/batches/hero_batch_001/reports/crop_layout_check_v2/debug/36168_DE167D9D-293E-4B01-913B-DFE26AC97FC6__crop_debug.jpg;reports
DUP_0181;1f196798e3aeca3ec833a4815df5e18bedb652b482c0be42eda9dfb2a075a09e;237839;232.26 Ko;data/batches/hero_batch_001/reports/crop_layout_check/debug/36184_1610F51E-B3B9-4F19-A124-88CA72E57D62__crop_debug.jpg;reports
DUP_0181;1f196798e3aeca3ec833a4815df5e18bedb652b482c0be42eda9dfb2a075a09e;237839;232.26 Ko;data/batches/hero_batch_001/reports/crop_layout_check_v2/debug/36184_1610F51E-B3B9-4F19-A124-88CA72E57D62__crop_debug.jpg;reports
DUP_0182;d4cec933826cba4f7527872e336ade70e20bef3274ed489d48bb1059377e8bbb;236510;230.97 Ko;data/batches/hero_batch_001/reports/crop_layout_check/debug/36312_Screenshot_20260622_004058_Hero_Wars__crop_debug.jpg;reports
DUP_0182;d4cec933826cba4f7527872e336ade70e20bef3274ed489d48bb1059377e8bbb;236510;230.97 Ko;data/batches/hero_batch_001/reports/crop_layout_check_v2/debug/36312_Screenshot_20260622_004058_Hero_Wars__crop_debug.jpg;reports
DUP_0183;a92bd8e186acfe889031c9fc909e5f8229c7ae79cd8846fb701a98bc3330d2ec;233732;228.25 Ko;data/batches/hero_batch_001/reports/crop_layout_check/debug/36369_Screenshot_20260616_140607_Hero_Wars__crop_debug.jpg;reports
DUP_0183;a92bd8e186acfe889031c9fc909e5f8229c7ae79cd8846fb701a98bc3330d2ec;233732;228.25 Ko;data/batches/hero_batch_001/reports/crop_layout_check_v2/debug/36369_Screenshot_20260616_140607_Hero_Wars__crop_debug.jpg;reports
DUP_0184;6634f2c00b098fd44abb0b0e74fef5cab499c876ed84185f26d34b4a123dbcd0;240837;235.19 Ko;data/batches/hero_batch_001/reports/crop_layout_check/debug/37053_Screenshot_20260622_211945_Hero_Wars__crop_debug.jpg;reports
DUP_0184;6634f2c00b098fd44abb0b0e74fef5cab499c876ed84185f26d34b4a123dbcd0;240837;235.19 Ko;data/batches/hero_batch_001/reports/crop_layout_check_v2/debug/37053_Screenshot_20260622_211945_Hero_Wars__crop_debug.jpg;reports
DUP_0185;66867337ad1088adf12cf6aad4085cddcbfae5a4a59728ce3fd8ab5da451bcba;243627;237.92 Ko;data/batches/hero_batch_001/reports/crop_layout_check/debug/37069_Screenshot_20260622_210945_Hero_Wars__crop_debug.jpg;reports
DUP_0185;66867337ad1088adf12cf6aad4085cddcbfae5a4a59728ce3fd8ab5da451bcba;243627;237.92 Ko;data/batches/hero_batch_001/reports/crop_layout_check_v2/debug/37069_Screenshot_20260622_210945_Hero_Wars__crop_debug.jpg;reports
DUP_0186;bb07e4fadcfcac27e36da1798226c23df6fb699ffcb2c7d9cf116ad4bf133835;239503;233.89 Ko;data/batches/hero_batch_001/reports/crop_layout_check/debug/37110_IMG_7320__crop_debug.jpg;reports
DUP_0186;bb07e4fadcfcac27e36da1798226c23df6fb699ffcb2c7d9cf116ad4bf133835;239503;233.89 Ko;data/batches/hero_batch_001/reports/crop_layout_check_v2/debug/37110_IMG_7320__crop_debug.jpg;reports
DUP_0187;3d780fa15f167432fdb3b26c48ceaf3f8d485a7d150a0ec8bc7bc18b0ff23a30;242508;236.82 Ko;data/batches/hero_batch_001/reports/crop_layout_check/debug/37355_Screenshot_20260611_094637_Hero_Wars__crop_debug.jpg;reports
DUP_0187;3d780fa15f167432fdb3b26c48ceaf3f8d485a7d150a0ec8bc7bc18b0ff23a30;242508;236.82 Ko;data/batches/hero_batch_001/reports/crop_layout_check_v2/debug/37355_Screenshot_20260611_094637_Hero_Wars__crop_debug.jpg;reports
DUP_0188;07a6735b8a6454a68c16ba4b91db1eafc8d6df2be4e17db1bc4f5bf8fda8f421;240503;234.87 Ko;data/batches/hero_batch_001/reports/crop_layout_check/debug/37629_Screenshot_2026-06-28-11-49-49-469_com.nexters.herowars__crop_debug.jpg;reports
DUP_0188;07a6735b8a6454a68c16ba4b91db1eafc8d6df2be4e17db1bc4f5bf8fda8f421;240503;234.87 Ko;data/batches/hero_batch_001/reports/crop_layout_check_v2/debug/37629_Screenshot_2026-06-28-11-49-49-469_com.nexters.herowars__crop_debug.jpg;reports
DUP_0189;86f5eb3eb9ecb2a0e0f90435566757627afe8d6cb44683c84df68ee0f60ba1b2;243175;237.48 Ko;data/batches/hero_batch_001/reports/crop_layout_check/debug/37701_Screenshot_2026-07-01-09-13-21-020_com.nexters.herowars__crop_debug.jpg;reports
DUP_0189;86f5eb3eb9ecb2a0e0f90435566757627afe8d6cb44683c84df68ee0f60ba1b2;243175;237.48 Ko;data/batches/hero_batch_001/reports/crop_layout_check_v2/debug/37701_Screenshot_2026-07-01-09-13-21-020_com.nexters.herowars__crop_debug.jpg;reports
DUP_0190;4d72ee9396b581c8ead527189394e4ebd6d5646bf0981a71240bba1fb2eb3c8b;244858;239.12 Ko;data/batches/hero_batch_001/reports/crop_layout_check/debug/37836_Hero_Wars_2026-06-30-05-41-30__crop_debug.jpg;reports
DUP_0190;4d72ee9396b581c8ead527189394e4ebd6d5646bf0981a71240bba1fb2eb3c8b;244858;239.12 Ko;data/batches/hero_batch_001/reports/crop_layout_check_v2/debug/37836_Hero_Wars_2026-06-30-05-41-30__crop_debug.jpg;reports
DUP_0191;c39a6000ed18e496103308d6ac1dbc44cfc1ca02ab56738a5e43d4ef07e6a26a;246655;240.87 Ko;data/batches/hero_batch_001/reports/crop_layout_check/debug/37975_Screenshot_20260710_222604_Hero_Wars__crop_debug.jpg;reports
DUP_0191;c39a6000ed18e496103308d6ac1dbc44cfc1ca02ab56738a5e43d4ef07e6a26a;246655;240.87 Ko;data/batches/hero_batch_001/reports/crop_layout_check_v2/debug/37975_Screenshot_20260710_222604_Hero_Wars__crop_debug.jpg;reports
DUP_0192;86a5d3f8200f9b58ba0435d8c58d4b896e2e75e1915b1396c61ff7c765facc07;242988;237.29 Ko;data/batches/hero_batch_001/reports/crop_layout_check/debug/38049_Screenshot_2026-07-16-02-59-08-824_com.nexters.herowars__crop_debug.jpg;reports
DUP_0192;86a5d3f8200f9b58ba0435d8c58d4b896e2e75e1915b1396c61ff7c765facc07;242988;237.29 Ko;data/batches/hero_batch_001/reports/crop_layout_check_v2/debug/38049_Screenshot_2026-07-16-02-59-08-824_com.nexters.herowars__crop_debug.jpg;reports
DUP_0193;492358ec23fc8151596dac8b17f365a5a75ae5e5bb2575e9fad6099b76ee5607;240641;235.00 Ko;data/batches/hero_batch_001/reports/crop_layout_check/debug/38059_Screenshot_20260721_132012_Hero_Wars__crop_debug.jpg;reports
DUP_0193;492358ec23fc8151596dac8b17f365a5a75ae5e5bb2575e9fad6099b76ee5607;240641;235.00 Ko;data/batches/hero_batch_001/reports/crop_layout_check_v2/debug/38059_Screenshot_20260721_132012_Hero_Wars__crop_debug.jpg;reports
DUP_0194;57a3095593c2ddaea6078f291cc34576a428050e4bd374f9854fc9527f868350;243321;237.62 Ko;data/batches/hero_batch_001/reports/crop_layout_check/debug/38083_B636B8D3-B852-4FDA-8049-4181C84F9302__crop_debug.jpg;reports
DUP_0194;57a3095593c2ddaea6078f291cc34576a428050e4bd374f9854fc9527f868350;243321;237.62 Ko;data/batches/hero_batch_001/reports/crop_layout_check_v2/debug/38083_B636B8D3-B852-4FDA-8049-4181C84F9302__crop_debug.jpg;reports
DUP_0195;61ee9af65889bbc236e5049f1ea6f15173e33c33093608fce9f6aab723280320;305055;297.91 Ko;data/batches/hero_batch_001/reports/crop_layout_check/debug/6110_Screenshot_2025.08.14_19.21.55.241__crop_debug.jpg;reports
DUP_0195;61ee9af65889bbc236e5049f1ea6f15173e33c33093608fce9f6aab723280320;305055;297.91 Ko;data/batches/hero_batch_001/reports/crop_layout_check_v2/debug/6110_Screenshot_2025.08.14_19.21.55.241__crop_debug.jpg;reports
DUP_0196;23970691fafd7465e308a0db550463b42f64519781dba66ba53fc850c568b1ef;251583;245.69 Ko;data/batches/hero_batch_001/reports/crop_layout_check/debug/6626_Screenshot_20250818_190245_Hero_Wars__crop_debug.jpg;reports
DUP_0196;23970691fafd7465e308a0db550463b42f64519781dba66ba53fc850c568b1ef;251583;245.69 Ko;data/batches/hero_batch_001/reports/crop_layout_check_v2/debug/6626_Screenshot_20250818_190245_Hero_Wars__crop_debug.jpg;reports
DUP_0197;e8681961c330f8773a862e2109bc3df05f11f6a3808ac2a7216a35676b63313a;39575;38.65 Ko;data/crops/hero/avatars_full/2801_Screenshot_20250708-120939__L1.png;generated_crops
DUP_0197;e8681961c330f8773a862e2109bc3df05f11f6a3808ac2a7216a35676b63313a;39575;38.65 Ko;data/crops/hero/avatars_full/2802_Screenshot_20250708-120933__L1.png;generated_crops
DUP_0197;e8681961c330f8773a862e2109bc3df05f11f6a3808ac2a7216a35676b63313a;39575;38.65 Ko;data/crops/hero/avatars_full/2807_Screenshot_20250709-124710__L1.png;generated_crops
DUP_0197;e8681961c330f8773a862e2109bc3df05f11f6a3808ac2a7216a35676b63313a;39575;38.65 Ko;data/crops/hero/avatars_full/2808_Screenshot_20250709-124612__L1.png;generated_crops
DUP_0198;675e3e09a1bbab465b898df57ca8fdfabd799e12feda03c1fa19a70c8cb37178;45713;44.64 Ko;data/crops/hero/avatars_full/2801_Screenshot_20250708-120939__L2.png;generated_crops
DUP_0198;675e3e09a1bbab465b898df57ca8fdfabd799e12feda03c1fa19a70c8cb37178;45713;44.64 Ko;data/crops/hero/avatars_full/2807_Screenshot_20250709-124710__L2.png;generated_crops
DUP_0199;1eb1281064816fccf73166949283d0be622e3face36208cb9c5d305ac2738f58;35583;34.75 Ko;data/crops/hero/avatars_full/2801_Screenshot_20250708-120939__L3.png;generated_crops
DUP_0199;1eb1281064816fccf73166949283d0be622e3face36208cb9c5d305ac2738f58;35583;34.75 Ko;data/crops/hero/avatars_full/2807_Screenshot_20250709-124710__L3.png;generated_crops
DUP_0200;ededc4d50480032d4eb9f9b482e58d85f05cf71065494498574e4331598d46f1;40657;39.70 Ko;data/crops/hero/avatars_full/2801_Screenshot_20250708-120939__L4.png;generated_crops
DUP_0200;ededc4d50480032d4eb9f9b482e58d85f05cf71065494498574e4331598d46f1;40657;39.70 Ko;data/crops/hero/avatars_full/2807_Screenshot_20250709-124710__L4.png;generated_crops
DUP_0201;4d04067234cdced1b46aec5b2875e1ba06614c49201052c3857becad2423a3b3;40785;39.83 Ko;data/crops/hero/avatars_full/2802_Screenshot_20250708-120933__L3.png;generated_crops
DUP_0201;4d04067234cdced1b46aec5b2875e1ba06614c49201052c3857becad2423a3b3;40785;39.83 Ko;data/crops/hero/avatars_full/2808_Screenshot_20250709-124612__L3.png;generated_crops
DUP_0202;a79c148e21c9d93ff112141dbd6ca4383f9e74fc8a8d58507e97a40e93b8f56d;42042;41.06 Ko;data/crops/hero/avatars_full/2802_Screenshot_20250708-120933__R2.png;generated_crops
DUP_0202;a79c148e21c9d93ff112141dbd6ca4383f9e74fc8a8d58507e97a40e93b8f56d;42042;41.06 Ko;data/crops/hero/avatars_full/2806_Screenshot_20250709-124954__R2.png;generated_crops
DUP_0203;44ebc6ec6cdd138a2d27104780928264bd4de2ea992d81af4ba620d8c7c22205;40680;39.73 Ko;data/crops/hero/avatars_full/2802_Screenshot_20250708-120933__R4.png;generated_crops
DUP_0203;44ebc6ec6cdd138a2d27104780928264bd4de2ea992d81af4ba620d8c7c22205;40680;39.73 Ko;data/crops/hero/avatars_full/2808_Screenshot_20250709-124612__R4.png;generated_crops
DUP_0204;5b222e422161c80173c769fdee8319fb78025d3812f81c3d198e83185224f9bd;45201;44.14 Ko;data/crops/hero/avatars_full/2802_Screenshot_20250708-120933__R5.png;generated_crops
DUP_0204;5b222e422161c80173c769fdee8319fb78025d3812f81c3d198e83185224f9bd;45201;44.14 Ko;data/crops/hero/avatars_full/2805_Screenshot_20250709-125031__R5.png;generated_crops
DUP_0205;f924a21f6be61ca41322c3b20f0a3afc52e961a2b70f926233f9d4848bdcf286;44488;43.45 Ko;data/crops/hero/avatars_full/2803_Screenshot_20250709-140336__L1.png;generated_crops
DUP_0205;f924a21f6be61ca41322c3b20f0a3afc52e961a2b70f926233f9d4848bdcf286;44488;43.45 Ko;data/crops/hero/avatars_full/2804_Screenshot_20250709-140324__L1.png;generated_crops
DUP_0206;c9feca19f4718dbbb7f9d89894b18f302449fec794e6fb43c121c02673fe196f;42957;41.95 Ko;data/crops/hero/avatars_full/2803_Screenshot_20250709-140336__L2.png;generated_crops
DUP_0206;c9feca19f4718dbbb7f9d89894b18f302449fec794e6fb43c121c02673fe196f;42957;41.95 Ko;data/crops/hero/avatars_full/2804_Screenshot_20250709-140324__L2.png;generated_crops
DUP_0207;347c9d63efc16820bb16090f8e6ae87305229aceddc165c7bf1539db2d7d00a9;38723;37.82 Ko;data/crops/hero/avatars_full/2803_Screenshot_20250709-140336__L3.png;generated_crops
DUP_0207;347c9d63efc16820bb16090f8e6ae87305229aceddc165c7bf1539db2d7d00a9;38723;37.82 Ko;data/crops/hero/avatars_full/2804_Screenshot_20250709-140324__L3.png;generated_crops
DUP_0208;ad40f96537633f149697755dcb1f467287bcaf6ba647619671ae6e508f4ca663;41843;40.86 Ko;data/crops/hero/avatars_full/2803_Screenshot_20250709-140336__L4.png;generated_crops
DUP_0208;ad40f96537633f149697755dcb1f467287bcaf6ba647619671ae6e508f4ca663;41843;40.86 Ko;data/crops/hero/avatars_full/2804_Screenshot_20250709-140324__L4.png;generated_crops
DUP_0209;d32de13affdedfba5be6e3e894085de600a7127e0f9006fa229a39a731b9c59f;42669;41.67 Ko;data/crops/hero/avatars_full/2803_Screenshot_20250709-140336__L5.png;generated_crops
DUP_0209;d32de13affdedfba5be6e3e894085de600a7127e0f9006fa229a39a731b9c59f;42669;41.67 Ko;data/crops/hero/avatars_full/2804_Screenshot_20250709-140324__L5.png;generated_crops
DUP_0210;2caa1749475af372a6a6ff3ad7f65bfecc7b50dbb91269fd1f4ad635bce26bba;44391;43.35 Ko;data/crops/hero/avatars_full/2803_Screenshot_20250709-140336__R5.png;generated_crops
DUP_0210;2caa1749475af372a6a6ff3ad7f65bfecc7b50dbb91269fd1f4ad635bce26bba;44391;43.35 Ko;data/crops/hero/avatars_full/2804_Screenshot_20250709-140324__R5.png;generated_crops
DUP_0211;f7cb91648571973eaf09cdce77c79b861c2abccf85e3be5fe9c284675db7b0dd;43554;42.53 Ko;data/crops/hero/avatars_full/2805_Screenshot_20250709-125031__L2.png;generated_crops
DUP_0211;f7cb91648571973eaf09cdce77c79b861c2abccf85e3be5fe9c284675db7b0dd;43554;42.53 Ko;data/crops/hero/avatars_full/2809_Screenshot_20250709-175158__L2.png;generated_crops
DUP_0212;3f4d1586796e677a0db77afcd7bfa68e0e34ad1901e84d1a5764a3835c4959ba;45952;44.88 Ko;data/crops/hero/avatars_full/2805_Screenshot_20250709-125031__R1.png;generated_crops
DUP_0212;3f4d1586796e677a0db77afcd7bfa68e0e34ad1901e84d1a5764a3835c4959ba;45952;44.88 Ko;data/crops/hero/avatars_full/2807_Screenshot_20250709-124710__R1.png;generated_crops
DUP_0213;fab007efec6699e67830d52238b8346f23c6ec6e5fd0dabbc0f80b64f08e58d4;65404;63.87 Ko;data/crops/hero/avatars_full/38226_Screenshot_2026-07-28-03-54-24-668_com.nexters.herowars__R1.png;generated_crops
DUP_0213;fab007efec6699e67830d52238b8346f23c6ec6e5fd0dabbc0f80b64f08e58d4;65404;63.87 Ko;data/crops/hero/avatars_full/38229_Screenshot_2026-07-26-00-58-59-791_com.nexters.herowars__R1.png;generated_crops
DUP_0214;03dd1ddb2da10b0ab1a0eba1f29ffa2f89fda6d682225b4f71b871150ca6e416;58876;57.50 Ko;data/crops/hero/avatars_full/38227_Screenshot_2026-07-28-03-54-03-254_com.nexters.herowars__L5.png;generated_crops
DUP_0214;03dd1ddb2da10b0ab1a0eba1f29ffa2f89fda6d682225b4f71b871150ca6e416;58876;57.50 Ko;data/crops/hero/avatars_full/38232_Screenshot_2026-07-24-23-30-48-292_com.nexters.herowars__L5.png;generated_crops
DUP_0215;3ba8939910163ab982c07a0d85e4ba9e22d1f9fc4c5866a89260b287f2cf883f;52783;51.55 Ko;data/crops/hero/avatars_full/38233_Screenshot_20260728_194145_Hero_Wars__R2.png;generated_crops
DUP_0215;3ba8939910163ab982c07a0d85e4ba9e22d1f9fc4c5866a89260b287f2cf883f;52783;51.55 Ko;data/crops/hero/avatars_full/38234_Screenshot_20260728_193950_Hero_Wars__R2.png;generated_crops
DUP_0216;9da8cf591e680b2c4714d6b58b036d7f7fd390e5e40de81cc9fe8825f199512b;30319;29.61 Ko;data/crops/hero/avatars_inner/2801_Screenshot_20250708-120939__L1.png;generated_crops
DUP_0216;9da8cf591e680b2c4714d6b58b036d7f7fd390e5e40de81cc9fe8825f199512b;30319;29.61 Ko;data/crops/hero/avatars_inner/2802_Screenshot_20250708-120933__L1.png;generated_crops
DUP_0216;9da8cf591e680b2c4714d6b58b036d7f7fd390e5e40de81cc9fe8825f199512b;30319;29.61 Ko;data/crops/hero/avatars_inner/2807_Screenshot_20250709-124710__L1.png;generated_crops
DUP_0216;9da8cf591e680b2c4714d6b58b036d7f7fd390e5e40de81cc9fe8825f199512b;30319;29.61 Ko;data/crops/hero/avatars_inner/2808_Screenshot_20250709-124612__L1.png;generated_crops
DUP_0217;19b11239d5a2a54ad5dc0982295de97a7df02f882dda173d6b6b72a8489ae035;32685;31.92 Ko;data/crops/hero/avatars_inner/2801_Screenshot_20250708-120939__L2.png;generated_crops
DUP_0217;19b11239d5a2a54ad5dc0982295de97a7df02f882dda173d6b6b72a8489ae035;32685;31.92 Ko;data/crops/hero/avatars_inner/2807_Screenshot_20250709-124710__L2.png;generated_crops
DUP_0218;3a9cd208e5a1275188a81b3f303666fc9af60c2d16dff93edfcaec41ce45fe60;25032;24.45 Ko;data/crops/hero/avatars_inner/2801_Screenshot_20250708-120939__L3.png;generated_crops
DUP_0218;3a9cd208e5a1275188a81b3f303666fc9af60c2d16dff93edfcaec41ce45fe60;25032;24.45 Ko;data/crops/hero/avatars_inner/2807_Screenshot_20250709-124710__L3.png;generated_crops
DUP_0219;20b16df48bad9a0535bf59b4ef27fe4f636a0914c394f12c21baa74188ad7a76;31131;30.40 Ko;data/crops/hero/avatars_inner/2801_Screenshot_20250708-120939__L4.png;generated_crops
DUP_0219;20b16df48bad9a0535bf59b4ef27fe4f636a0914c394f12c21baa74188ad7a76;31131;30.40 Ko;data/crops/hero/avatars_inner/2807_Screenshot_20250709-124710__L4.png;generated_crops
DUP_0220;0cf485a7ceeb6e8e194ecd838538f6abbfdc3ecaeb6fe24a67e5ad85fe99c73e;30769;30.05 Ko;data/crops/hero/avatars_inner/2802_Screenshot_20250708-120933__L3.png;generated_crops
DUP_0220;0cf485a7ceeb6e8e194ecd838538f6abbfdc3ecaeb6fe24a67e5ad85fe99c73e;30769;30.05 Ko;data/crops/hero/avatars_inner/2808_Screenshot_20250709-124612__L3.png;generated_crops
DUP_0221;9132e75713151011e399a1b1108b812d22fdbbedfcb2881a1855866d91e09efb;31133;30.40 Ko;data/crops/hero/avatars_inner/2802_Screenshot_20250708-120933__R2.png;generated_crops
DUP_0221;9132e75713151011e399a1b1108b812d22fdbbedfcb2881a1855866d91e09efb;31133;30.40 Ko;data/crops/hero/avatars_inner/2806_Screenshot_20250709-124954__R2.png;generated_crops
DUP_0222;e406f582a00a1c5993007094110cc4f8a0c2231ea9ad4dac20f045939f4255df;28984;28.30 Ko;data/crops/hero/avatars_inner/2802_Screenshot_20250708-120933__R4.png;generated_crops
DUP_0222;e406f582a00a1c5993007094110cc4f8a0c2231ea9ad4dac20f045939f4255df;28984;28.30 Ko;data/crops/hero/avatars_inner/2808_Screenshot_20250709-124612__R4.png;generated_crops
DUP_0223;d6832348910cedd5a46a34b4c6005b8e728026627fde634a1e62e06f3afe9fab;33219;32.44 Ko;data/crops/hero/avatars_inner/2802_Screenshot_20250708-120933__R5.png;generated_crops
DUP_0223;d6832348910cedd5a46a34b4c6005b8e728026627fde634a1e62e06f3afe9fab;33219;32.44 Ko;data/crops/hero/avatars_inner/2805_Screenshot_20250709-125031__R5.png;generated_crops
DUP_0224;070336cbf9082bd5b66cd576509ad07691bf7843bb2da5ce20aca8097362731c;34255;33.45 Ko;data/crops/hero/avatars_inner/2803_Screenshot_20250709-140336__L1.png;generated_crops
DUP_0224;070336cbf9082bd5b66cd576509ad07691bf7843bb2da5ce20aca8097362731c;34255;33.45 Ko;data/crops/hero/avatars_inner/2804_Screenshot_20250709-140324__L1.png;generated_crops
DUP_0225;38287c12479d2d185af194d9e0835e37424740e9779ba3e9876a3369f34b43bb;32676;31.91 Ko;data/crops/hero/avatars_inner/2803_Screenshot_20250709-140336__L2.png;generated_crops
DUP_0225;38287c12479d2d185af194d9e0835e37424740e9779ba3e9876a3369f34b43bb;32676;31.91 Ko;data/crops/hero/avatars_inner/2804_Screenshot_20250709-140324__L2.png;generated_crops
DUP_0226;423d3d5ab93e86eebe65de496aa1bb834b7814e459ba0fe055f4589d41ec6be4;28572;27.90 Ko;data/crops/hero/avatars_inner/2803_Screenshot_20250709-140336__L3.png;generated_crops
DUP_0226;423d3d5ab93e86eebe65de496aa1bb834b7814e459ba0fe055f4589d41ec6be4;28572;27.90 Ko;data/crops/hero/avatars_inner/2804_Screenshot_20250709-140324__L3.png;generated_crops
DUP_0227;734dd96df3ac86f91250428866b3a70d213159132528f32824dcd385e74ccd8d;33138;32.36 Ko;data/crops/hero/avatars_inner/2803_Screenshot_20250709-140336__L5.png;generated_crops
DUP_0227;734dd96df3ac86f91250428866b3a70d213159132528f32824dcd385e74ccd8d;33138;32.36 Ko;data/crops/hero/avatars_inner/2804_Screenshot_20250709-140324__L5.png;generated_crops
DUP_0228;8ebc55ce686379404b172474c2e96193923c0729076b47f6a51bd79dfc7ddedf;33590;32.80 Ko;data/crops/hero/avatars_inner/2803_Screenshot_20250709-140336__R5.png;generated_crops
DUP_0228;8ebc55ce686379404b172474c2e96193923c0729076b47f6a51bd79dfc7ddedf;33590;32.80 Ko;data/crops/hero/avatars_inner/2804_Screenshot_20250709-140324__R5.png;generated_crops
DUP_0229;727b00ec0f07c4bd10da610d2d3307761fe72772b6d00545874fd5243c652a6e;31760;31.02 Ko;data/crops/hero/avatars_inner/2805_Screenshot_20250709-125031__L2.png;generated_crops
DUP_0229;727b00ec0f07c4bd10da610d2d3307761fe72772b6d00545874fd5243c652a6e;31760;31.02 Ko;data/crops/hero/avatars_inner/2809_Screenshot_20250709-175158__L2.png;generated_crops
DUP_0230;f09a096babbfda74e09a5f8e7fdecf42967b8f4f7cc0df56f0f226ad7d8c1a93;35067;34.25 Ko;data/crops/hero/avatars_inner/2805_Screenshot_20250709-125031__R1.png;generated_crops
DUP_0230;f09a096babbfda74e09a5f8e7fdecf42967b8f4f7cc0df56f0f226ad7d8c1a93;35067;34.25 Ko;data/crops/hero/avatars_inner/2807_Screenshot_20250709-124710__R1.png;generated_crops
DUP_0231;9c91c3f7b28e672b405ba73b916581270001f61a0bd52405b97072e6b66105af;48111;46.98 Ko;data/crops/hero/avatars_inner/38226_Screenshot_2026-07-28-03-54-24-668_com.nexters.herowars__R1.png;generated_crops
DUP_0231;9c91c3f7b28e672b405ba73b916581270001f61a0bd52405b97072e6b66105af;48111;46.98 Ko;data/crops/hero/avatars_inner/38229_Screenshot_2026-07-26-00-58-59-791_com.nexters.herowars__R1.png;generated_crops
DUP_0232;66aed62b79c870a1e65c4ecc7660bc21f6f879b1dcea33cc3a6b09ca85fe4a97;38631;37.73 Ko;data/crops/hero/avatars_inner/38233_Screenshot_20260728_194145_Hero_Wars__R2.png;generated_crops
DUP_0232;66aed62b79c870a1e65c4ecc7660bc21f6f879b1dcea33cc3a6b09ca85fe4a97;38631;37.73 Ko;data/crops/hero/avatars_inner/38234_Screenshot_20260728_193950_Hero_Wars__R2.png;generated_crops
DUP_0233;015c943a4c91346a6b824f9a25488c54faed5dc59eaf4feb2b72e240b32f90d5;9092;8.88 Ko;data/crops/hero/names/2801_Screenshot_20250708-120939__L1.png;generated_crops
DUP_0233;015c943a4c91346a6b824f9a25488c54faed5dc59eaf4feb2b72e240b32f90d5;9092;8.88 Ko;data/crops/hero/names/2802_Screenshot_20250708-120933__L1.png;generated_crops
DUP_0233;015c943a4c91346a6b824f9a25488c54faed5dc59eaf4feb2b72e240b32f90d5;9092;8.88 Ko;data/crops/hero/names/2807_Screenshot_20250709-124710__L1.png;generated_crops
DUP_0233;015c943a4c91346a6b824f9a25488c54faed5dc59eaf4feb2b72e240b32f90d5;9092;8.88 Ko;data/crops/hero/names/2808_Screenshot_20250709-124612__L1.png;generated_crops
DUP_0234;b568431269867f169ad80a5c64de8bba3eff791f25d5a72b2d00d6e0b773313a;9104;8.89 Ko;data/crops/hero/names/2802_Screenshot_20250708-120933__L5.png;generated_crops
DUP_0234;b568431269867f169ad80a5c64de8bba3eff791f25d5a72b2d00d6e0b773313a;9104;8.89 Ko;data/crops/hero/names/2807_Screenshot_20250709-124710__L5.png;generated_crops
DUP_0235;74edb746fe5627e9b13df09b7c6ed3275f39508fa8975be652d5b1b2ace9b8e1;9331;9.11 Ko;data/crops/hero/names/2803_Screenshot_20250709-140336__L1.png;generated_crops
DUP_0235;74edb746fe5627e9b13df09b7c6ed3275f39508fa8975be652d5b1b2ace9b8e1;9331;9.11 Ko;data/crops/hero/names/2804_Screenshot_20250709-140324__L1.png;generated_crops
DUP_0236;fc144e6b04495d0f5e6f84818ebe40c309c6770b3e3de99933d3c0ad56bf9a08;12234;11.95 Ko;data/crops/hero/names/2805_Screenshot_20250709-125031__R1.png;generated_crops
DUP_0236;fc144e6b04495d0f5e6f84818ebe40c309c6770b3e3de99933d3c0ad56bf9a08;12234;11.95 Ko;data/crops/hero/names/2807_Screenshot_20250709-124710__R1.png;generated_crops
DUP_0237;b61fea92c9f346e5ef96cb2fa9fbeb4c498da312486e318a62182b207cdfdd34;14169;13.84 Ko;data/crops/hero/names/38231_Screenshot_2026-07-24-23-35-05-086_com.nexters.herowars__L5.png;generated_crops
DUP_0237;b61fea92c9f346e5ef96cb2fa9fbeb4c498da312486e318a62182b207cdfdd34;14169;13.84 Ko;data/crops/hero/names/38232_Screenshot_2026-07-24-23-30-48-292_com.nexters.herowars__L5.png;generated_crops
DUP_0238;20b6fca57d95463287bf6778e9db7e3038e2ada172937564c3f7e6e046012fde;8586;8.38 Ko;data/crops/hero/names/38234_Screenshot_20260728_193950_Hero_Wars__R1.png;generated_crops
DUP_0238;20b6fca57d95463287bf6778e9db7e3038e2ada172937564c3f7e6e046012fde;8586;8.38 Ko;data/crops/hero/names/38235_Screenshot_20260728_193758_Hero_Wars__R1.png;generated_crops
DUP_0239;db21f2f97992591f15765250fb7d8be1d60afe236761e744577aab474a96dd1a;244800;239.06 Ko;data/sample/38226_Screenshot_2026-07-28-03-54-24-668_com.nexters.herowars.jpg;data_other
DUP_0239;db21f2f97992591f15765250fb7d8be1d60afe236761e744577aab474a96dd1a;244800;239.06 Ko;data/samples/hero/38226_Screenshot_2026-07-28-03-54-24-668_com.nexters.herowars.jpg;data_other
DUP_0240;c0b4263d8dbc4a348a5e5756a4745aaa492000c5d0e690c19cb90e73baa4bcaa;242003;236.33 Ko;data/sample/38227_Screenshot_2026-07-28-03-54-03-254_com.nexters.herowars.jpg;data_other
DUP_0240;c0b4263d8dbc4a348a5e5756a4745aaa492000c5d0e690c19cb90e73baa4bcaa;242003;236.33 Ko;data/samples/hero/38227_Screenshot_2026-07-28-03-54-03-254_com.nexters.herowars.jpg;data_other
DUP_0241;50762e93ab232f949c9ef32b842e1d30afd1223299ddc88c237ca5b04e0b43b2;244857;239.12 Ko;data/sample/38228_Screenshot_2026-07-27-01-27-44-005_com.nexters.herowars.jpg;data_other
DUP_0241;50762e93ab232f949c9ef32b842e1d30afd1223299ddc88c237ca5b04e0b43b2;244857;239.12 Ko;data/samples/hero/38228_Screenshot_2026-07-27-01-27-44-005_com.nexters.herowars.jpg;data_other
DUP_0242;3c0d775a2c6362ccaa575d7149993f1e76e2fb5a557b4376adb5dbdbdba98177;241122;235.47 Ko;data/sample/38229_Screenshot_2026-07-26-00-58-59-791_com.nexters.herowars.jpg;data_other
DUP_0242;3c0d775a2c6362ccaa575d7149993f1e76e2fb5a557b4376adb5dbdbdba98177;241122;235.47 Ko;data/samples/hero/38229_Screenshot_2026-07-26-00-58-59-791_com.nexters.herowars.jpg;data_other
DUP_0243;7bac99a9800a24878eda7ef4648000b7a8f1ddee3e2f0d4784201f6a032bdfd8;238136;232.55 Ko;data/sample/38230_Screenshot_2026-07-24-23-36-30-805_com.nexters.herowars.jpg;data_other
DUP_0243;7bac99a9800a24878eda7ef4648000b7a8f1ddee3e2f0d4784201f6a032bdfd8;238136;232.55 Ko;data/samples/hero/38230_Screenshot_2026-07-24-23-36-30-805_com.nexters.herowars.jpg;data_other
DUP_0244;040a5dca288ec63a43e13c8bec2ec100531e7a14bb5d8a1baff46c391c00449d;244114;238.39 Ko;data/sample/38231_Screenshot_2026-07-24-23-35-05-086_com.nexters.herowars.jpg;data_other
DUP_0244;040a5dca288ec63a43e13c8bec2ec100531e7a14bb5d8a1baff46c391c00449d;244114;238.39 Ko;data/samples/hero/38231_Screenshot_2026-07-24-23-35-05-086_com.nexters.herowars.jpg;data_other
DUP_0245;04df8033e6af8c4dbd0b8d10923ed740474b15902a72b9e823ce3ced6767536e;240158;234.53 Ko;data/sample/38232_Screenshot_2026-07-24-23-30-48-292_com.nexters.herowars.jpg;data_other
DUP_0245;04df8033e6af8c4dbd0b8d10923ed740474b15902a72b9e823ce3ced6767536e;240158;234.53 Ko;data/samples/hero/38232_Screenshot_2026-07-24-23-30-48-292_com.nexters.herowars.jpg;data_other
DUP_0246;ec93a9015317205db1838753ef83a216b56a1e5c0beec2cd7918c6c21a05674f;194687;190.12 Ko;data/sample/38233_Screenshot_20260728_194145_Hero_Wars.jpg;data_other
DUP_0246;ec93a9015317205db1838753ef83a216b56a1e5c0beec2cd7918c6c21a05674f;194687;190.12 Ko;data/samples/hero/38233_Screenshot_20260728_194145_Hero_Wars.jpg;data_other
DUP_0247;1b95ec6ae15d607cc6e0cc638238c5273c6e485b1be98e6030859d54977a5717;197418;192.79 Ko;data/sample/38234_Screenshot_20260728_193950_Hero_Wars.jpg;data_other
DUP_0247;1b95ec6ae15d607cc6e0cc638238c5273c6e485b1be98e6030859d54977a5717;197418;192.79 Ko;data/samples/hero/38234_Screenshot_20260728_193950_Hero_Wars.jpg;data_other
DUP_0248;b0e4ef8c552dd99df1b49232bda8993a3c75aba8bc2d33fb840f5aac5990ae58;197450;192.82 Ko;data/sample/38235_Screenshot_20260728_193758_Hero_Wars.jpg;data_other
DUP_0248;b0e4ef8c552dd99df1b49232bda8993a3c75aba8bc2d33fb840f5aac5990ae58;197450;192.82 Ko;data/samples/hero/38235_Screenshot_20260728_193758_Hero_Wars.jpg;data_other
