screenshot_id;side;slot;avatar_file;name_file;visual_hero_uid;visual_hero_name;visual_status;visual_similarity;visual_margin;ocr_text;ocr_confidence;ocr_status;ocr_matched_hero_uid;ocr_matched_hero_name;ocr_matched_alias;ocr_match_method;ocr_match_score;ocr_alias_key;ocr_cleaned_alias_key;decision;final_hero_uid;final_hero_name;review_required
22480;L;1;22480_Screenshot_20260129_204724_Hero_Wars__L1.png;22480_Screenshot_20260129_204724_Hero_Wars__L1.png;HW_HERO_0018;Iris;ACCEPTED;0.975689;0.070164;Iris C;0.8147282369284371;MEDIUM;;;Iris;NO_MATCH;0.8;iris c;;VISUAL_ONLY;HW_HERO_0018;Iris;0
22480;L;2;22480_Screenshot_20260129_204724_Hero_Wars__L2.png;22480_Screenshot_20260129_204724_Hero_Wars__L2.png;HW_HERO_0047;Soleil;ACCEPTED;0.958449;0.103132;Soleil;0.9999445679546158;HIGH;HW_HERO_0047;Soleil;Soleil;EXACT_ALIAS;1.0;soleil;soleil;CONFIRMED;HW_HERO_0047;Soleil;0
22480;L;3;22480_Screenshot_20260129_204724_Hero_Wars__L3.png;22480_Screenshot_20260129_204724_Hero_Wars__L3.png;HW_HERO_0048;Somna;ACCEPTED;0.963449;0.113913;Somna;0.999907129960849;HIGH;HW_HERO_0048;Somna;Somna;EXACT_ALIAS;1.0;somna;somna;CONFIRMED;HW_HERO_0048;Somna;0
22480;L;4;22480_Screenshot_20260129_204724_Hero_Wars__L4.png;22480_Screenshot_20260129_204724_Hero_Wars__L4.png;HW_HERO_0049;Tempus;ACCEPTED;0.976262;0.119731;Tempus;0.9999570755089463;HIGH;HW_HERO_0049;Tempus;Tempus;EXACT_ALIAS;1.0;tempus;tempus;CONFIRMED;HW_HERO_0049;Tempus;0
22480;L;5;22480_Screenshot_20260129_204724_Hero_Wars__L5.png;22480_Screenshot_20260129_204724_Hero_Wars__L5.png;HW_HERO_0036;Nébula;ACCEPTED;0.971136;0.08181;Nébula;0.9998797422458324;HIGH;HW_HERO_0036;Nébula;Nébula;EXACT_ALIAS;1.0;nebula;nebula;CONFIRMED;HW_HERO_0036;Nébula;0
22480;R;1;22480_Screenshot_20260129_204724_Hero_Wars__R1.png;22480_Screenshot_20260129_204724_Hero_Wars__R1.png;HW_HERO_0048;Somna;ACCEPTED;0.96183;0.104302;Somna;0.9998524310572435;HIGH;HW_HERO_0048;Somna;Somna;EXACT_ALIAS;1.0;somna;somna;CONFIRMED;HW_HERO_0048;Somna;0
22480;R;2;22480_Screenshot_20260129_204724_Hero_Wars__R2.png;22480_Screenshot_20260129_204724_Hero_Wars__R2.png;HW_HERO_0026;Kayla;ACCEPTED;0.973038;0.109454;Kayla;0.999970625028811;HIGH;HW_HERO_0026;Kayla;Kayla;EXACT_ALIAS;1.0;kayla;kayla;CONFIRMED;HW_HERO_0026;Kayla;0
22480;R;3;22480_Screenshot_20260129_204724_Hero_Wars__R3.png;22480_Screenshot_20260129_204724_Hero_Wars__R3.png;HW_HERO_0039;Oya;ACCEPTED;0.950026;0.082761;Oya;0.9998291082016558;HIGH;HW_HERO_0039;Oya;Oya;EXACT_ALIAS;1.0;oya;oya;CONFIRMED;HW_HERO_0039;Oya;0
22480;R;4;22480_Screenshot_20260129_204724_Hero_Wars__R4.png;22480_Screenshot_20260129_204724_Hero_Wars__R4.png;HW_HERO_0001;Aidan;ACCEPTED;0.980265;0.096056;Aidan;0.9999755297497771;HIGH;HW_HERO_0001;Aidan;Aidan;EXACT_ALIAS;1.0;aidan;aidan;CONFIRMED;HW_HERO_0001;Aidan;0
22480;R;5;22480_Screenshot_20260129_204724_Hero_Wars__R5.png;22480_Screenshot_20260129_204724_Hero_Wars__R5.png;HW_HERO_0003;Astaroth;ACCEPTED;0.921712;0.137854;Astaroth;0.9999779149503636;HIGH;HW_HERO_0003;Astaroth;Astaroth;EXACT_ALIAS;1.0;astaroth;astaroth;CONFIRMED;HW_HERO_0003;Astaroth;0
22660;L;1;22660_0978500A-117D-4E20-8582-F95469391E3E__L1.png;22660_0978500A-117D-4E20-8582-F95469391E3E__L1.png;HW_HERO_0045;Satori;ACCEPTED;0.984457;0.074394;Satori;0.6324506806952419;MEDIUM;HW_HERO_0045;Satori;Satori;EXACT_ALIAS;1.0;satori;satori;CONFIRMED;HW_HERO_0045;Satori;0
22660;L;2;22660_0978500A-117D-4E20-8582-F95469391E3E__L2.png;22660_0978500A-117D-4E20-8582-F95469391E3E__L2.png;HW_HERO_0030;Lian;ACCEPTED;0.97462;0.073076;Lian;0.9978792667388916;HIGH;HW_HERO_0030;Lian;Lian;EXACT_ALIAS;1.0;lian;lian;CONFIRMED;HW_HERO_0030;Lian;0
22660;L;3;22660_0978500A-117D-4E20-8582-F95469391E3E__L3.png;22660_0978500A-117D-4E20-8582-F95469391E3E__L3.png;HW_HERO_0003;Astaroth;ACCEPTED;0.955492;0.176305;Astaroth;0.9999751332313122;HIGH;HW_HERO_0003;Astaroth;Astaroth;EXACT_ALIAS;1.0;astaroth;astaroth;CONFIRMED;HW_HERO_0003;Astaroth;0
22660;L;4;22660_0978500A-117D-4E20-8582-F95469391E3E__L4.png;22660_0978500A-117D-4E20-8582-F95469391E3E__L4.png;HW_HERO_0001;Aidan;ACCEPTED;0.972556;0.093065;Aidan;0.9999769691782173;HIGH;HW_HERO_0001;Aidan;Aidan;EXACT_ALIAS;1.0;aidan;aidan;CONFIRMED;HW_HERO_0001;Aidan;0
22660;L;5;22660_0978500A-117D-4E20-8582-F95469391E3E__L5.png;22660_0978500A-117D-4E20-8582-F95469391E3E__L5.png;HW_HERO_0054;Amira;ACCEPTED;0.988498;0.100767;Amira;0.9933410145463132;HIGH;HW_HERO_0054;Amira;Amira;EXACT_ALIAS;1.0;amira;amira;CONFIRMED;HW_HERO_0054;Amira;0
22660;R;1;22660_0978500A-117D-4E20-8582-F95469391E3E__R1.png;22660_0978500A-117D-4E20-8582-F95469391E3E__R1.png;HW_HERO_0018;Iris;ACCEPTED;0.969518;0.081178;Iris;0.9993012547492981;HIGH;HW_HERO_0018;Iris;Iris;EXACT_ALIAS;1.0;iris;iris;CONFIRMED;HW_HERO_0018;Iris;0
22660;R;2;22660_0978500A-117D-4E20-8582-F95469391E3E__R2.png;22660_0978500A-117D-4E20-8582-F95469391E3E__R2.png;HW_HERO_0042;Polaris;ACCEPTED;0.941982;0.063327;Polaris;0.999982788225427;HIGH;HW_HERO_0042;Polaris;Polaris;EXACT_ALIAS;1.0;polaris;polaris;CONFIRMED;HW_HERO_0042;Polaris;0
22660;R;3;22660_0978500A-117D-4E20-8582-F95469391E3E__R3.png;22660_0978500A-117D-4E20-8582-F95469391E3E__R3.png;HW_HERO_0049;Tempus;ACCEPTED;0.948764;0.122595;Tempus;0.9997378029377221;HIGH;HW_HERO_0049;Tempus;Tempus;EXACT_ALIAS;1.0;tempus;tempus;CONFIRMED;HW_HERO_0049;Tempus;0
22660;R;4;22660_0978500A-117D-4E20-8582-F95469391E3E__R4.png;22660_0978500A-117D-4E20-8582-F95469391E3E__R4.png;HW_HERO_0001;Aidan;ACCEPTED;0.974554;0.090734;Aidan;0.9999571903437976;HIGH;HW_HERO_0001;Aidan;Aidan;EXACT_ALIAS;1.0;aidan;aidan;CONFIRMED;HW_HERO_0001;Aidan;0
22660;R;5;22660_0978500A-117D-4E20-8582-F95469391E3E__R5.png;22660_0978500A-117D-4E20-8582-F95469391E3E__R5.png;HW_HERO_0011;Dorian;ACCEPTED;0.952313;0.088213;Dorian;0.9999673443307705;HIGH;HW_HERO_0011;Dorian;Dorian;EXACT_ALIAS;1.0;dorian;dorian;CONFIRMED;HW_HERO_0011;Dorian;0
23224;L;1;23224_Screenshot_20260113_105929_Hero_Wars__L1.png;23224_Screenshot_20260113_105929_Hero_Wars__L1.png;HW_HERO_0010;Dante;ACCEPTED;0.951289;0.061205;Dante I;0.887440553219284;HIGH;HW_HERO_0010;Dante;Dante;VISUAL_ALIAS_EDGE_NOISE;1.0;dante i;dante;CONFIRMED;HW_HERO_0010;Dante;0
23224;L;2;23224_Screenshot_20260113_105929_Hero_Wars__L2.png;23224_Screenshot_20260113_105929_Hero_Wars__L2.png;HW_HERO_0070;Heidi;ACCEPTED;0.956586;0.105883;Heidi I;0.8883806504938926;HIGH;HW_HERO_0070;Heidi;Heidi;VISUAL_ALIAS_EDGE_NOISE;1.0;heidi i;heidi;CONFIRMED;HW_HERO_0070;Heidi;0
23224;L;3;23224_Screenshot_20260113_105929_Hero_Wars__L3.png;23224_Screenshot_20260113_105929_Hero_Wars__L3.png;HW_HERO_0037;Octavia;ACCEPTED;0.968882;0.075247;Octavia I;0.9302930960099622;HIGH;HW_HERO_0037;Octavia;Octavia;VISUAL_ALIAS_EDGE_NOISE;1.0;octavia i;octavia;CONFIRMED;HW_HERO_0037;Octavia;0
23224;L;4;23224_Screenshot_20260113_105929_Hero_Wars__L4.png;23224_Screenshot_20260113_105929_Hero_Wars__L4.png;HW_HERO_0008;Corvus;ACCEPTED;0.92921;0.069057;Corvus i;0.8768111377405855;HIGH;HW_HERO_0008;Corvus;Corvus;VISUAL_ALIAS_EDGE_NOISE;1.0;corvus i;corvus;CONFIRMED;HW_HERO_0008;Corvus;0
23224;L;5;23224_Screenshot_20260113_105929_Hero_Wars__L5.png;23224_Screenshot_20260113_105929_Hero_Wars__L5.png;HW_HERO_0049;Tempus;ACCEPTED;0.965204;0.103834;Tempus i;0.8835202877702174;HIGH;HW_HERO_0049;Tempus;Tempus;VISUAL_ALIAS_EDGE_NOISE;1.0;tempus i;tempus;CONFIRMED;HW_HERO_0049;Tempus;0
23224;R;1;23224_Screenshot_20260113_105929_Hero_Wars__R1.png;23224_Screenshot_20260113_105929_Hero_Wars__R1.png;HW_HERO_0018;Iris;ACCEPTED;0.979162;0.075533;' Iris;0.8140733512750332;MEDIUM;HW_HERO_0018;Iris;Iris;EXACT_ALIAS;1.0;iris;iris;CONFIRMED;HW_HERO_0018;Iris;0
23224;R;2;23224_Screenshot_20260113_105929_Hero_Wars__R2.png;23224_Screenshot_20260113_105929_Hero_Wars__R2.png;HW_HERO_0008;Corvus;ACCEPTED;0.933369;0.07354;s a Corvus;0.8457763848559674;MEDIUM;;;Corvus;NO_MATCH;0.75;s a corvus;;VISUAL_ONLY;HW_HERO_0008;Corvus;0
23224;R;3;23224_Screenshot_20260113_105929_Hero_Wars__R3.png;23224_Screenshot_20260113_105929_Hero_Wars__R3.png;HW_HERO_0037;Octavia;ACCEPTED;0.974426;0.077823;g Octavia;0.9067419698847657;HIGH;HW_HERO_0037;Octavia;Octavia;VISUAL_ALIAS_EDGE_NOISE;1.0;g octavia;octavia;CONFIRMED;HW_HERO_0037;Octavia;0
23224;R;4;23224_Screenshot_20260113_105929_Hero_Wars__R4.png;23224_Screenshot_20260113_105929_Hero_Wars__R4.png;HW_HERO_0041;Phobos;ACCEPTED;0.980335;0.146589;Phobos;0.9999878332361988;HIGH;HW_HERO_0041;Phobos;Phobos;EXACT_ALIAS;1.0;phobos;phobos;CONFIRMED;HW_HERO_0041;Phobos;0
23224;R;5;23224_Screenshot_20260113_105929_Hero_Wars__R5.png;23224_Screenshot_20260113_105929_Hero_Wars__R5.png;HW_HERO_0036;Nébula;ACCEPTED;0.967937;0.087248;o Nebula;0.8954348845039429;HIGH;HW_HERO_0036;Nébula;Nébula;VISUAL_ALIAS_EDGE_NOISE;1.0;o nebula;nebula;CONFIRMED;HW_HERO_0036;Nébula;0
23860;L;1;23860_Screenshot_20260203_143010_Hero_Wars__L1.png;23860_Screenshot_20260203_143010_Hero_Wars__L1.png;HW_HERO_0018;Iris;ACCEPTED;0.961463;0.071685;Iris i;0.911120404113197;HIGH;HW_HERO_0018;Iris;Iris;VISUAL_ALIAS_EDGE_NOISE;1.0;iris i;iris;CONFIRMED;HW_HERO_0018;Iris;0
23860;L;2;23860_Screenshot_20260203_143010_Hero_Wars__L2.png;23860_Screenshot_20260203_143010_Hero_Wars__L2.png;HW_HERO_0037;Octavia;ACCEPTED;0.97962;0.087041;Octavia;0.99957035288068;HIGH;HW_HERO_0037;Octavia;Octavia;EXACT_ALIAS;1.0;octavia;octavia;CONFIRMED;HW_HERO_0037;Octavia;0
23860;L;3;23860_Screenshot_20260203_143010_Hero_Wars__L3.png;23860_Screenshot_20260203_143010_Hero_Wars__L3.png;HW_HERO_0010;Dante;ACCEPTED;0.942808;0.053259;Dante I ù;0.755537271153285;MEDIUM;;;Dante;NO_MATCH;0.7142857142857143;dante i u;;VISUAL_ONLY;HW_HERO_0010;Dante;0
23860;L;4;23860_Screenshot_20260203_143010_Hero_Wars__L4.png;23860_Screenshot_20260203_143010_Hero_Wars__L4.png;HW_HERO_0044;Rufus;ACCEPTED;0.951344;0.080751;Rufus i;0.8613192178966896;HIGH;HW_HERO_0044;Rufus;Rufus;VISUAL_ALIAS_EDGE_NOISE;1.0;rufus i;rufus;CONFIRMED;HW_HERO_0044;Rufus;0
23860;L;5;23860_Screenshot_20260203_143010_Hero_Wars__L5.png;23860_Screenshot_20260203_143010_Hero_Wars__L5.png;HW_HERO_0030;Lian;ACCEPTED;0.966816;0.077191;Lian;0.9980376958847046;HIGH;HW_HERO_0030;Lian;Lian;EXACT_ALIAS;1.0;lian;lian;CONFIRMED;HW_HERO_0030;Lian;0
23860;R;1;23860_Screenshot_20260203_143010_Hero_Wars__R1.png;23860_Screenshot_20260203_143010_Hero_Wars__R1.png;HW_HERO_0018;Iris;ACCEPTED;0.98771;0.077364;A Iris;0.8225242377374415;MEDIUM;;;Iris;NO_MATCH;0.8;a iris;;VISUAL_ONLY;HW_HERO_0018;Iris;0
23860;R;2;23860_Screenshot_20260203_143010_Hero_Wars__R2.png;23860_Screenshot_20260203_143010_Hero_Wars__R2.png;HW_HERO_0047;Soleil;ACCEPTED;0.954112;0.091488;o Soleil;0.8955979228524843;HIGH;HW_HERO_0047;Soleil;Soleil;VISUAL_ALIAS_EDGE_NOISE;1.0;o soleil;soleil;CONFIRMED;HW_HERO_0047;Soleil;0
23860;R;3;23860_Screenshot_20260203_143010_Hero_Wars__R3.png;23860_Screenshot_20260203_143010_Hero_Wars__R3.png;HW_HERO_0049;Tempus;ACCEPTED;0.98585;0.109579;Z Tempus;0.6485559795818306;MEDIUM;;;Tempus;NO_MATCH;0.8571428571428571;z tempus;;VISUAL_ONLY;HW_HERO_0049;Tempus;0
23860;R;4;23860_Screenshot_20260203_143010_Hero_Wars__R4.png;23860_Screenshot_20260203_143010_Hero_Wars__R4.png;HW_HERO_0042;Polaris;ACCEPTED;0.980882;0.109097;B Polaris;0.7184458365308428;MEDIUM;;;Polaris;NO_MATCH;0.875;b polaris;;VISUAL_ONLY;HW_HERO_0042;Polaris;0
23860;R;5;23860_Screenshot_20260203_143010_Hero_Wars__R5.png;23860_Screenshot_20260203_143010_Hero_Wars__R5.png;HW_HERO_0003;Astaroth;ACCEPTED;0.904253;0.111358;I Astaroth;0.971885732821967;HIGH;HW_HERO_0003;Astaroth;Astaroth;VISUAL_ALIAS_EDGE_NOISE;1.0;i astaroth;astaroth;CONFIRMED;HW_HERO_0003;Astaroth;0
24060;L;1;24060_Screenshot_2026-01-30-18-53-45-287_com.nexters.herowars__L1.png;24060_Screenshot_2026-01-30-18-53-45-287_com.nexters.herowars__L1.png;HW_HERO_0007;Champi et Gnon;ACCEPTED;0.982684;0.086377;Champi et Gnon;0.9747383156830581;HIGH;HW_HERO_0007;Champi et Gnon;Champi et Gnon;EXACT_ALIAS;1.0;champi et gnon;champi et gnon;CONFIRMED;HW_HERO_0007;Champi et Gnon;0
24060;L;2;24060_Screenshot_2026-01-30-18-53-45-287_com.nexters.herowars__L2.png;24060_Screenshot_2026-01-30-18-53-45-287_com.nexters.herowars__L2.png;HW_HERO_0037;Octavia;ACCEPTED;0.971043;0.091145;Octavia;0.7871063071140786;MEDIUM;HW_HERO_0037;Octavia;Octavia;EXACT_ALIAS;1.0;octavia;octavia;CONFIRMED;HW_HERO_0037;Octavia;0
24060;L;3;24060_Screenshot_2026-01-30-18-53-45-287_com.nexters.herowars__L3.png;24060_Screenshot_2026-01-30-18-53-45-287_com.nexters.herowars__L3.png;HW_HERO_0004;Byrna;ACCEPTED;0.982736;0.129636;Byrna;0.9999714780239657;HIGH;HW_HERO_0004;Byrna;Byrna;EXACT_ALIAS;1.0;byrna;byrna;CONFIRMED;HW_HERO_0004;Byrna;0
24060;L;4;24060_Screenshot_2026-01-30-18-53-45-287_com.nexters.herowars__L4.png;24060_Screenshot_2026-01-30-18-53-45-287_com.nexters.herowars__L4.png;HW_HERO_0017;Guus;ACCEPTED;0.97659;0.138766;Guus;0.9999797344207764;HIGH;HW_HERO_0017;Guus;Guus;EXACT_ALIAS;1.0;guus;guus;CONFIRMED;HW_HERO_0017;Guus;0
24060;L;5;24060_Screenshot_2026-01-30-18-53-45-287_com.nexters.herowars__L5.png;24060_Screenshot_2026-01-30-18-53-45-287_com.nexters.herowars__L5.png;HW_HERO_0001;Aidan;ACCEPTED;0.976599;0.099827;Aidan;0.6090164397466833;MEDIUM;HW_HERO_0001;Aidan;Aidan;EXACT_ALIAS;1.0;aidan;aidan;CONFIRMED;HW_HERO_0001;Aidan;0
24060;R;1;24060_Screenshot_2026-01-30-18-53-45-287_com.nexters.herowars__R1.png;24060_Screenshot_2026-01-30-18-53-45-287_com.nexters.herowars__R1.png;HW_HERO_0018;Iris;ACCEPTED;0.959142;0.056069;Pa Iris;0.6685733916181001;MEDIUM;;;Iris;NO_MATCH;0.7272727272727273;pa iris;;VISUAL_ONLY;HW_HERO_0018;Iris;0
24060;R;2;24060_Screenshot_2026-01-30-18-53-45-287_com.nexters.herowars__R2.png;24060_Screenshot_2026-01-30-18-53-45-287_com.nexters.herowars__R2.png;HW_HERO_0026;Kayla;ACCEPTED;0.935313;0.050287;Kayla;0.9999532452338343;HIGH;HW_HERO_0026;Kayla;Kayla;EXACT_ALIAS;1.0;kayla;kayla;CONFIRMED;HW_HERO_0026;Kayla;0
24060;R;3;24060_Screenshot_2026-01-30-18-53-45-287_com.nexters.herowars__R3.png;24060_Screenshot_2026-01-30-18-53-45-287_com.nexters.herowars__R3.png;HW_HERO_0012;Electra von Grave;ACCEPTED;0.967735;0.07857;Electra von Grave;0.7576937409819725;MEDIUM;HW_HERO_0012;Electra von Grave;Electra von Grave;EXACT_ALIAS;1.0;electra von grave;electra von grave;CONFIRMED;HW_HERO_0012;Electra von Grave;0
24060;R;4;24060_Screenshot_2026-01-30-18-53-45-287_com.nexters.herowars__R4.png;24060_Screenshot_2026-01-30-18-53-45-287_com.nexters.herowars__R4.png;HW_HERO_0049;Tempus;ACCEPTED;0.971145;0.113384;Tempus;0.9999745470921265;HIGH;HW_HERO_0049;Tempus;Tempus;EXACT_ALIAS;1.0;tempus;tempus;CONFIRMED;HW_HERO_0049;Tempus;0
24060;R;5;24060_Screenshot_2026-01-30-18-53-45-287_com.nexters.herowars__R5.png;24060_Screenshot_2026-01-30-18-53-45-287_com.nexters.herowars__R5.png;HW_HERO_0001;Aidan;ACCEPTED;0.975399;0.101029;Aidan;0.9999704117800089;HIGH;HW_HERO_0001;Aidan;Aidan;EXACT_ALIAS;1.0;aidan;aidan;CONFIRMED;HW_HERO_0001;Aidan;0
24246;L;1;24246_IMG_3659__L1.png;24246_IMG_3659__L1.png;HW_HERO_0045;Satori;ACCEPTED;0.96085;0.058857;Satori;0.9999817011746336;HIGH;HW_HERO_0045;Satori;Satori;EXACT_ALIAS;1.0;satori;satori;CONFIRMED;HW_HERO_0045;Satori;0
24246;L;2;24246_IMG_3659__L2.png;24246_IMG_3659__L2.png;HW_HERO_0014;Folio;ACCEPTED;0.963158;0.129718;Folio;0.789462100376206;MEDIUM;HW_HERO_0014;Folio;Folio;EXACT_ALIAS;1.0;folio;folio;CONFIRMED;HW_HERO_0014;Folio;0
24246;L;3;24246_IMG_3659__L3.png;24246_IMG_3659__L3.png;HW_HERO_0004;Byrna;ACCEPTED;0.96486;0.105451;Byrna;0.9999811808378045;HIGH;HW_HERO_0004;Byrna;Byrna;EXACT_ALIAS;1.0;byrna;byrna;CONFIRMED;HW_HERO_0004;Byrna;0
24246;L;4;24246_IMG_3659__L4.png;24246_IMG_3659__L4.png;HW_HERO_0042;Polaris;ACCEPTED;0.940006;0.05355;Polaris;0.9999863477363906;HIGH;HW_HERO_0042;Polaris;Polaris;EXACT_ALIAS;1.0;polaris;polaris;CONFIRMED;HW_HERO_0042;Polaris;0
24246;L;5;24246_IMG_3659__L5.png;24246_IMG_3659__L5.png;HW_HERO_0001;Aidan;ACCEPTED;0.979078;0.101237;Aidan;0.9999715846483539;HIGH;HW_HERO_0001;Aidan;Aidan;EXACT_ALIAS;1.0;aidan;aidan;CONFIRMED;HW_HERO_0001;Aidan;0
24246;R;1;24246_IMG_3659__R1.png;24246_IMG_3659__R1.png;HW_HERO_0052;Yasmine;ACCEPTED;0.96828;0.086378;Yasmine T;0.8821041512317485;HIGH;HW_HERO_0052;Yasmine;Yasmine;VISUAL_ALIAS_EDGE_NOISE;1.0;yasmine t;yasmine;CONFIRMED;HW_HERO_0052;Yasmine;0
24246;R;2;24246_IMG_3659__R2.png;24246_IMG_3659__R2.png;HW_HERO_0004;Byrna;ACCEPTED;0.97086;0.103663;Byrna;0.9998970005609025;HIGH;HW_HERO_0004;Byrna;Byrna;EXACT_ALIAS;1.0;byrna;byrna;CONFIRMED;HW_HERO_0004;Byrna;0
24246;R;3;24246_IMG_3659__R3.png;24246_IMG_3659__R3.png;HW_HERO_0024;Julius;ACCEPTED;0.963868;0.140411;Julius;0.9999983939890842;HIGH;HW_HERO_0024;Julius;Julius;EXACT_ALIAS;1.0;julius;julius;CONFIRMED;HW_HERO_0024;Julius;0
24246;R;4;24246_IMG_3659__R4.png;24246_IMG_3659__R4.png;HW_HERO_0017;Guus;ACCEPTED;0.967903;0.13858;Guus;0.9998727440834045;HIGH;HW_HERO_0017;Guus;Guus;EXACT_ALIAS;1.0;guus;guus;CONFIRMED;HW_HERO_0017;Guus;0
24246;R;5;24246_IMG_3659__R5.png;24246_IMG_3659__R5.png;HW_HERO_0037;Octavia;ACCEPTED;0.970683;0.08533;Octavia;0.9998149909399189;HIGH;HW_HERO_0037;Octavia;Octavia;EXACT_ALIAS;1.0;octavia;octavia;CONFIRMED;HW_HERO_0037;Octavia;0
24360;L;1;24360_Screenshot_20260211_231426_Hero_Wars__L1.png;24360_Screenshot_20260211_231426_Hero_Wars__L1.png;HW_HERO_0018;Iris;ACCEPTED;0.980377;0.086648;Iris I;0.8217063573640759;MEDIUM;;;Iris;NO_MATCH;0.8;iris i;;VISUAL_ONLY;HW_HERO_0018;Iris;0
24360;L;2;24360_Screenshot_20260211_231426_Hero_Wars__L2.png;24360_Screenshot_20260211_231426_Hero_Wars__L2.png;HW_HERO_0052;Yasmine;ACCEPTED;0.974572;0.083113;Yasmine I;0.8999420862990504;HIGH;HW_HERO_0052;Yasmine;Yasmine;VISUAL_ALIAS_EDGE_NOISE;1.0;yasmine i;yasmine;CONFIRMED;HW_HERO_0052;Yasmine;0
24360;L;3;24360_Screenshot_20260211_231426_Hero_Wars__L3.png;24360_Screenshot_20260211_231426_Hero_Wars__L3.png;HW_HERO_0039;Oya;ACCEPTED;0.956252;0.090769;Oya;0.9992797069196557;HIGH;HW_HERO_0039;Oya;Oya;EXACT_ALIAS;1.0;oya;oya;CONFIRMED;HW_HERO_0039;Oya;0
24360;L;4;24360_Screenshot_20260211_231426_Hero_Wars__L4.png;24360_Screenshot_20260211_231426_Hero_Wars__L4.png;HW_HERO_0048;Somna;ACCEPTED;0.960527;0.090042;Somna;0.9998687448022977;HIGH;HW_HERO_0048;Somna;Somna;EXACT_ALIAS;1.0;somna;somna;CONFIRMED;HW_HERO_0048;Somna;0
24360;L;5;24360_Screenshot_20260211_231426_Hero_Wars__L5.png;24360_Screenshot_20260211_231426_Hero_Wars__L5.png;HW_HERO_0003;Astaroth;REVIEW;0.895248;0.104466;Astaroth;0.9449125023214026;HIGH;HW_HERO_0003;Astaroth;Astaroth;EXACT_ALIAS;1.0;astaroth;astaroth;RESCUED_BY_OCR;HW_HERO_0003;Astaroth;0
24360;R;1;24360_Screenshot_20260211_231426_Hero_Wars__R1.png;24360_Screenshot_20260211_231426_Hero_Wars__R1.png;HW_HERO_0014;Folio;ACCEPTED;0.970626;0.10696;A Folio;0.8503651142959199;HIGH;HW_HERO_0014;Folio;Folio;VISUAL_ALIAS_EDGE_NOISE;1.0;a folio;folio;CONFIRMED;HW_HERO_0014;Folio;0
24360;R;2;24360_Screenshot_20260211_231426_Hero_Wars__R2.png;24360_Screenshot_20260211_231426_Hero_Wars__R2.png;HW_HERO_0026;Kayla;ACCEPTED;0.961593;0.079785;z Kayla;0.871216592861556;HIGH;HW_HERO_0026;Kayla;Kayla;VISUAL_ALIAS_EDGE_NOISE;1.0;z kayla;kayla;CONFIRMED;HW_HERO_0026;Kayla;0
24360;R;3;24360_Screenshot_20260211_231426_Hero_Wars__R3.png;24360_Screenshot_20260211_231426_Hero_Wars__R3.png;HW_HERO_0024;Julius;ACCEPTED;0.970528;0.136223;Z Julius;0.8813485146566321;HIGH;HW_HERO_0024;Julius;Julius;VISUAL_ALIAS_EDGE_NOISE;1.0;z julius;julius;CONFIRMED;HW_HERO_0024;Julius;0
24360;R;4;24360_Screenshot_20260211_231426_Hero_Wars__R4.png;24360_Screenshot_20260211_231426_Hero_Wars__R4.png;HW_HERO_0039;Oya;ACCEPTED;0.952473;0.072625;Ó Oya;0.7839113543984754;MEDIUM;;;Oya;NO_MATCH;0.75;o oya;;VISUAL_ONLY;HW_HERO_0039;Oya;0
24360;R;5;24360_Screenshot_20260211_231426_Hero_Wars__R5.png;24360_Screenshot_20260211_231426_Hero_Wars__R5.png;HW_HERO_0001;Aidan;ACCEPTED;0.97568;0.087436;g Aidan;0.9772678014346478;HIGH;HW_HERO_0001;Aidan;Aidan;VISUAL_ALIAS_EDGE_NOISE;1.0;g aidan;aidan;CONFIRMED;HW_HERO_0001;Aidan;0
24378;L;1;24378_Screenshot_20260201-061141__L1.png;24378_Screenshot_20260201-061141__L1.png;HW_HERO_0018;Iris;ACCEPTED;0.96109;0.062289;Iris;0.9993966221809387;HIGH;HW_HERO_0018;Iris;Iris;EXACT_ALIAS;1.0;iris;iris;CONFIRMED;HW_HERO_0018;Iris;0
24378;L;2;24378_Screenshot_20260201-061141__L2.png;24378_Screenshot_20260201-061141__L2.png;HW_HERO_0014;Folio;ACCEPTED;0.953501;0.127607;Folio;0.999990510456016;HIGH;HW_HERO_0014;Folio;Folio;EXACT_ALIAS;1.0;folio;folio;CONFIRMED;HW_HERO_0014;Folio;0
24378;L;3;24378_Screenshot_20260201-061141__L3.png;24378_Screenshot_20260201-061141__L3.png;HW_HERO_0008;Corvus;ACCEPTED;0.968687;0.113303;Corvus;0.7839822492399878;MEDIUM;HW_HERO_0008;Corvus;Corvus;EXACT_ALIAS;1.0;corvus;corvus;CONFIRMED;HW_HERO_0008;Corvus;0
24378;L;4;24378_Screenshot_20260201-061141__L4.png;24378_Screenshot_20260201-061141__L4.png;HW_HERO_0048;Somna;ACCEPTED;0.924755;0.096916;Somna;0.9824225215225721;HIGH;HW_HERO_0048;Somna;Somna;EXACT_ALIAS;1.0;somna;somna;CONFIRMED;HW_HERO_0048;Somna;0
24378;L;5;24378_Screenshot_20260201-061141__L5.png;24378_Screenshot_20260201-061141__L5.png;HW_HERO_0037;Octavia;ACCEPTED;0.957389;0.089721;Octavia;0.9998620778305861;HIGH;HW_HERO_0037;Octavia;Octavia;EXACT_ALIAS;1.0;octavia;octavia;CONFIRMED;HW_HERO_0037;Octavia;0
24378;R;1;24378_Screenshot_20260201-061141__R1.png;24378_Screenshot_20260201-061141__R1.png;HW_HERO_0059;Artemis;ACCEPTED;0.992143;0.103312;Artémis;0.9999615662460432;HIGH;HW_HERO_0059;Artemis;Artemis;EXACT_ALIAS;1.0;artemis;artemis;CONFIRMED;HW_HERO_0059;Artemis;0
24378;R;2;24378_Screenshot_20260201-061141__R2.png;24378_Screenshot_20260201-061141__R2.png;HW_HERO_0060;Cleaver;ACCEPTED;0.976256;0.141589;Ì Coupe-chou;0.760502718205098;MEDIUM;;;Coupe-chou;NO_MATCH;0.9090909090909091;i coupe chou;;VISUAL_ONLY;HW_HERO_0060;Cleaver;0
24378;R;3;24378_Screenshot_20260201-061141__R3.png;24378_Screenshot_20260201-061141__R3.png;HW_HERO_0039;Oya;ACCEPTED;0.939773;0.075508;Ì Oya;0.7568703869203883;MEDIUM;;;Oya;NO_MATCH;0.75;i oya;;VISUAL_ONLY;HW_HERO_0039;Oya;0
24378;R;4;24378_Screenshot_20260201-061141__R4.png;24378_Screenshot_20260201-061141__R4.png;HW_HERO_0017;Guus;ACCEPTED;0.955671;0.133769;Guus;0.999962568283081;HIGH;HW_HERO_0017;Guus;Guus;EXACT_ALIAS;1.0;guus;guus;CONFIRMED;HW_HERO_0017;Guus;0
24378;R;5;24378_Screenshot_20260201-061141__R5.png;24378_Screenshot_20260201-061141__R5.png;HW_HERO_0013;Fafnir;ACCEPTED;0.95497;0.137436;l Fafnir;0.8641464037054509;HIGH;HW_HERO_0013;Fafnir;Fafnir;VISUAL_ALIAS_EDGE_NOISE;1.0;l fafnir;fafnir;CONFIRMED;HW_HERO_0013;Fafnir;0
24701;L;1;24701_Screenshot_2026-02-10-20-49-08-282_com.nexters.herowars__L1.png;24701_Screenshot_2026-02-10-20-49-08-282_com.nexters.herowars__L1.png;HW_HERO_0024;Julius;ACCEPTED;0.960319;0.141322;Julius;0.9999989779931205;HIGH;HW_HERO_0024;Julius;Julius;EXACT_ALIAS;1.0;julius;julius;CONFIRMED;HW_HERO_0024;Julius;0
24701;L;2;24701_Screenshot_2026-02-10-20-49-08-282_com.nexters.herowars__L2.png;24701_Screenshot_2026-02-10-20-49-08-282_com.nexters.herowars__L2.png;HW_HERO_0056;Isaac;ACCEPTED;0.96177;0.125162;Isaac;0.9994823778314041;HIGH;HW_HERO_0056;Isaac;Isaac;EXACT_ALIAS;1.0;isaac;isaac;CONFIRMED;HW_HERO_0056;Isaac;0
24701;L;3;24701_Screenshot_2026-02-10-20-49-08-282_com.nexters.herowars__L3.png;24701_Screenshot_2026-02-10-20-49-08-282_com.nexters.herowars__L3.png;HW_HERO_0023;Juge;ACCEPTED;0.963346;0.131255;Juge;0.9999983310699463;HIGH;HW_HERO_0023;Juge;Juge;EXACT_ALIAS;1.0;juge;juge;CONFIRMED;HW_HERO_0023;Juge;0
24701;L;4;24701_Screenshot_2026-02-10-20-49-08-282_com.nexters.herowars__L4.png;24701_Screenshot_2026-02-10-20-49-08-282_com.nexters.herowars__L4.png;HW_HERO_0042;Polaris;ACCEPTED;0.960092;0.082508;Polaris;0.9999829233968042;HIGH;HW_HERO_0042;Polaris;Polaris;EXACT_ALIAS;1.0;polaris;polaris;CONFIRMED;HW_HERO_0042;Polaris;0
24701;L;5;24701_Screenshot_2026-02-10-20-49-08-282_com.nexters.herowars__L5.png;24701_Screenshot_2026-02-10-20-49-08-282_com.nexters.herowars__L5.png;HW_HERO_0014;Folio;ACCEPTED;0.954822;0.124718;Folio;0.999989924023174;HIGH;HW_HERO_0014;Folio;Folio;EXACT_ALIAS;1.0;folio;folio;CONFIRMED;HW_HERO_0014;Folio;0
24701;R;1;24701_Screenshot_2026-02-10-20-49-08-282_com.nexters.herowars__R1.png;24701_Screenshot_2026-02-10-20-49-08-282_com.nexters.herowars__R1.png;HW_HERO_0052;Yasmine;ACCEPTED;0.949625;0.083515;Yasmine;0.9999969811878164;HIGH;HW_HERO_0052;Yasmine;Yasmine;EXACT_ALIAS;1.0;yasmine;yasmine;CONFIRMED;HW_HERO_0052;Yasmine;0
24701;R;2;24701_Screenshot_2026-02-10-20-49-08-282_com.nexters.herowars__R2.png;24701_Screenshot_2026-02-10-20-49-08-282_com.nexters.herowars__R2.png;HW_HERO_0003;Astaroth;ACCEPTED;0.912025;0.133541;Astaroth;0.999972056477719;HIGH;HW_HERO_0003;Astaroth;Astaroth;EXACT_ALIAS;1.0;astaroth;astaroth;CONFIRMED;HW_HERO_0003;Astaroth;0
24701;R;3;24701_Screenshot_2026-02-10-20-49-08-282_com.nexters.herowars__R3.png;24701_Screenshot_2026-02-10-20-49-08-282_com.nexters.herowars__R3.png;HW_HERO_0037;Octavia;ACCEPTED;0.959514;0.072433;Octavia;0.857619622344746;HIGH;HW_HERO_0037;Octavia;Octavia;EXACT_ALIAS;1.0;octavia;octavia;CONFIRMED;HW_HERO_0037;Octavia;0
24701;R;4;24701_Screenshot_2026-02-10-20-49-08-282_com.nexters.herowars__R4.png;24701_Screenshot_2026-02-10-20-49-08-282_com.nexters.herowars__R4.png;HW_HERO_0017;Guus;ACCEPTED;0.958544;0.122079;Guus;0.9999324083328247;HIGH;HW_HERO_0017;Guus;Guus;EXACT_ALIAS;1.0;guus;guus;CONFIRMED;HW_HERO_0017;Guus;0
24701;R;5;24701_Screenshot_2026-02-10-20-49-08-282_com.nexters.herowars__R5.png;24701_Screenshot_2026-02-10-20-49-08-282_com.nexters.herowars__R5.png;HW_HERO_0046;Sébastien;ACCEPTED;0.922779;0.044289;Sébastien;0.9835154887457799;HIGH;HW_HERO_0046;Sébastien;Sébastien;EXACT_ALIAS;1.0;sebastien;sebastien;CONFIRMED;HW_HERO_0046;Sébastien;0
24809;L;1;24809_Screenshot_20260216_003225_Hero_Wars__L1.png;24809_Screenshot_20260216_003225_Hero_Wars__L1.png;HW_HERO_0018;Iris;ACCEPTED;0.973679;0.082392;Iris;0.9800760182065057;HIGH;HW_HERO_0018;Iris;Iris;EXACT_ALIAS;1.0;iris;iris;CONFIRMED;HW_HERO_0018;Iris;0
24809;L;2;24809_Screenshot_20260216_003225_Hero_Wars__L2.png;24809_Screenshot_20260216_003225_Hero_Wars__L2.png;HW_HERO_0052;Yasmine;ACCEPTED;0.976478;0.082471;Yasmine I;0.8948844435506355;HIGH;HW_HERO_0052;Yasmine;Yasmine;VISUAL_ALIAS_EDGE_NOISE;1.0;yasmine i;yasmine;CONFIRMED;HW_HERO_0052;Yasmine;0
24809;L;3;24809_Screenshot_20260216_003225_Hero_Wars__L3.png;24809_Screenshot_20260216_003225_Hero_Wars__L3.png;HW_HERO_0039;Oya;ACCEPTED;0.956162;0.090358;Oya;0.9994480397790105;HIGH;HW_HERO_0039;Oya;Oya;EXACT_ALIAS;1.0;oya;oya;CONFIRMED;HW_HERO_0039;Oya;0
24809;L;4;24809_Screenshot_20260216_003225_Hero_Wars__L4.png;24809_Screenshot_20260216_003225_Hero_Wars__L4.png;HW_HERO_0048;Somna;ACCEPTED;0.966615;0.092445;Somna;0.9998666656012436;HIGH;HW_HERO_0048;Somna;Somna;EXACT_ALIAS;1.0;somna;somna;CONFIRMED;HW_HERO_0048;Somna;0
24809;L;5;24809_Screenshot_20260216_003225_Hero_Wars__L5.png;24809_Screenshot_20260216_003225_Hero_Wars__L5.png;HW_HERO_0003;Astaroth;ACCEPTED;0.907204;0.102174;Astaroth;0.9999908119695406;HIGH;HW_HERO_0003;Astaroth;Astaroth;EXACT_ALIAS;1.0;astaroth;astaroth;CONFIRMED;HW_HERO_0003;Astaroth;0
24809;R;1;24809_Screenshot_20260216_003225_Hero_Wars__R1.png;24809_Screenshot_20260216_003225_Hero_Wars__R1.png;HW_HERO_0027;Keira;ACCEPTED;0.931456;0.066774;ç Keira;0.8450864364055314;MEDIUM;;;Keira;NO_MATCH;0.8333333333333334;c keira;;VISUAL_ONLY;HW_HERO_0027;Keira;0
24809;R;2;24809_Screenshot_20260216_003225_Hero_Wars__R2.png;24809_Screenshot_20260216_003225_Hero_Wars__R2.png;HW_HERO_0052;Yasmine;ACCEPTED;0.957946;0.080874;s Yasmine;0.9691250804453788;HIGH;HW_HERO_0052;Yasmine;Yasmine;VISUAL_ALIAS_EDGE_NOISE;1.0;s yasmine;yasmine;CONFIRMED;HW_HERO_0052;Yasmine;0
24809;R;3;24809_Screenshot_20260216_003225_Hero_Wars__R3.png;24809_Screenshot_20260216_003225_Hero_Wars__R3.png;HW_HERO_0067;Arachné;ACCEPTED;0.973311;0.080037;g Arachne;0.7898864702846128;MEDIUM;;;Arachné;NO_MATCH;0.875;g arachne;;VISUAL_ONLY;HW_HERO_0067;Arachné;0
24809;R;4;24809_Screenshot_20260216_003225_Hero_Wars__R4.png;24809_Screenshot_20260216_003225_Hero_Wars__R4.png;HW_HERO_0015;Galaad;ACCEPTED;0.975739;0.084167;g Galahad;0.9266462026144515;HIGH;HW_HERO_0015;Galaad;Galahad;VISUAL_ALIAS_EDGE_NOISE;1.0;g galahad;galahad;CONFIRMED;HW_HERO_0015;Galaad;0
24809;R;5;24809_Screenshot_20260216_003225_Hero_Wars__R5.png;24809_Screenshot_20260216_003225_Hero_Wars__R5.png;HW_HERO_0032;Martha;ACCEPTED;0.921736;0.072802;' Martha;0.8845598140275832;HIGH;HW_HERO_0032;Martha;Martha;EXACT_ALIAS;1.0;martha;martha;CONFIRMED;HW_HERO_0032;Martha;0
24845;L;1;24845_Screenshot_20260216_075956_Hero_Wars__L1.png;24845_Screenshot_20260216_075956_Hero_Wars__L1.png;HW_HERO_0007;Champi et Gnon;ACCEPTED;0.965582;0.085514;Champi et Gnon A O;0.8304631190376649;MEDIUM;;;Champi et Gnon;NO_MATCH;0.875;champi et gnon a o;;VISUAL_ONLY;HW_HERO_0007;Champi et Gnon;0
24845;L;2;24845_Screenshot_20260216_075956_Hero_Wars__L2.png;24845_Screenshot_20260216_075956_Hero_Wars__L2.png;HW_HERO_0051;Xe'Sha;ACCEPTED;0.983516;0.102583;Xe'Sha a o I;0.6226614990649206;MEDIUM;;;Xe'Sha;NO_MATCH;0.6666666666666666;xe sha a o i;;VISUAL_ONLY;HW_HERO_0051;Xe'Sha;0
24845;L;3;24845_Screenshot_20260216_075956_Hero_Wars__L3.png;24845_Screenshot_20260216_075956_Hero_Wars__L3.png;HW_HERO_0004;Byrna;ACCEPTED;0.985311;0.127391;Byrna J;0.8582404721940269;HIGH;HW_HERO_0004;Byrna;Byrna;VISUAL_ALIAS_EDGE_NOISE;1.0;byrna j;byrna;CONFIRMED;HW_HERO_0004;Byrna;0
24845;L;4;24845_Screenshot_20260216_075956_Hero_Wars__L4.png;24845_Screenshot_20260216_075956_Hero_Wars__L4.png;HW_HERO_0048;Somna;ACCEPTED;0.971608;0.108992;Somna I G;0.7616496172889343;MEDIUM;;;Somna;NO_MATCH;0.7142857142857143;somna i g;;VISUAL_ONLY;HW_HERO_0048;Somna;0
24845;L;5;24845_Screenshot_20260216_075956_Hero_Wars__L5.png;24845_Screenshot_20260216_075956_Hero_Wars__L5.png;HW_HERO_0049;Tempus;ACCEPTED;0.967989;0.098634;Tempus i;0.8846382879316949;HIGH;HW_HERO_0049;Tempus;Tempus;VISUAL_ALIAS_EDGE_NOISE;1.0;tempus i;tempus;CONFIRMED;HW_HERO_0049;Tempus;0
24845;R;1;24845_Screenshot_20260216_075956_Hero_Wars__R1.png;24845_Screenshot_20260216_075956_Hero_Wars__R1.png;HW_HERO_0026;Kayla;ACCEPTED;0.973364;0.096968;g E Kayla;0.8171521051880701;MEDIUM;;;Kayla;NO_MATCH;0.7142857142857143;g e kayla;;VISUAL_ONLY;HW_HERO_0026;Kayla;0
24845;R;2;24845_Screenshot_20260216_075956_Hero_Wars__R2.png;24845_Screenshot_20260216_075956_Hero_Wars__R2.png;HW_HERO_0050;Tristan;ACCEPTED;0.926943;0.059052;' Tristan;0.8842217890664514;HIGH;HW_HERO_0050;Tristan;Tristan;EXACT_ALIAS;1.0;tristan;tristan;CONFIRMED;HW_HERO_0050;Tristan;0
24845;R;3;24845_Screenshot_20260216_075956_Hero_Wars__R3.png;24845_Screenshot_20260216_075956_Hero_Wars__R3.png;HW_HERO_0048;Somna;ACCEPTED;0.970682;0.124374;Somna;0.999915126846988;HIGH;HW_HERO_0048;Somna;Somna;EXACT_ALIAS;1.0;somna;somna;CONFIRMED;HW_HERO_0048;Somna;0
24845;R;4;24845_Screenshot_20260216_075956_Hero_Wars__R4.png;24845_Screenshot_20260216_075956_Hero_Wars__R4.png;HW_HERO_0001;Aidan;ACCEPTED;0.967272;0.087831;g Aidan;0.8641018043357437;HIGH;HW_HERO_0001;Aidan;Aidan;VISUAL_ALIAS_EDGE_NOISE;1.0;g aidan;aidan;CONFIRMED;HW_HERO_0001;Aidan;0
24845;R;5;24845_Screenshot_20260216_075956_Hero_Wars__R5.png;24845_Screenshot_20260216_075956_Hero_Wars__R5.png;HW_HERO_0017;Guus;ACCEPTED;0.975819;0.13955;g Guus;0.9689079665120772;HIGH;HW_HERO_0017;Guus;Guus;VISUAL_ALIAS_EDGE_NOISE;1.0;g guus;guus;CONFIRMED;HW_HERO_0017;Guus;0
25051;L;1;25051_Screenshot_2026-02-20-13-16-47-781_com.nexters.herowars__L1.png;25051_Screenshot_2026-02-20-13-16-47-781_com.nexters.herowars__L1.png;HW_HERO_0018;Iris;ACCEPTED;0.981905;0.085909;Iris J o;0.6024835295520387;MEDIUM;;;Iris;NO_MATCH;0.6666666666666666;iris j o;;VISUAL_ONLY;HW_HERO_0018;Iris;0
25051;L;2;25051_Screenshot_2026-02-20-13-16-47-781_com.nexters.herowars__L2.png;25051_Screenshot_2026-02-20-13-16-47-781_com.nexters.herowars__L2.png;HW_HERO_0004;Byrna;ACCEPTED;0.982174;0.125504;Byrna i;0.8612818693945593;HIGH;HW_HERO_0004;Byrna;Byrna;VISUAL_ALIAS_EDGE_NOISE;1.0;byrna i;byrna;CONFIRMED;HW_HERO_0004;Byrna;0
25051;L;3;25051_Screenshot_2026-02-20-13-16-47-781_com.nexters.herowars__L3.png;25051_Screenshot_2026-02-20-13-16-47-781_com.nexters.herowars__L3.png;HW_HERO_0038;Orion;ACCEPTED;0.947071;0.077932;Orion I ù;0.7373798892235295;MEDIUM;;;Orion;NO_MATCH;0.7142857142857143;orion i u;;VISUAL_ONLY;HW_HERO_0038;Orion;0
25051;L;4;25051_Screenshot_2026-02-20-13-16-47-781_com.nexters.herowars__L4.png;25051_Screenshot_2026-02-20-13-16-47-781_com.nexters.herowars__L4.png;HW_HERO_0047;Soleil;ACCEPTED;0.953102;0.088785;Soleil I a;0.8000669692640233;MEDIUM;;;Soleil;NO_MATCH;0.75;soleil i a;;VISUAL_ONLY;HW_HERO_0047;Soleil;0
25051;L;5;25051_Screenshot_2026-02-20-13-16-47-781_com.nexters.herowars__L5.png;25051_Screenshot_2026-02-20-13-16-47-781_com.nexters.herowars__L5.png;HW_HERO_0036;Nébula;ACCEPTED;0.963874;0.070869;Nébula I;0.8832080345545752;HIGH;HW_HERO_0036;Nébula;Nébula;VISUAL_ALIAS_EDGE_NOISE;1.0;nebula i;nebula;CONFIRMED;HW_HERO_0036;Nébula;0
25051;R;1;25051_Screenshot_2026-02-20-13-16-47-781_com.nexters.herowars__R1.png;25051_Screenshot_2026-02-20-13-16-47-781_com.nexters.herowars__R1.png;HW_HERO_0004;Byrna;ACCEPTED;0.977707;0.122173;B Byrna;0.9693468855173625;HIGH;HW_HERO_0004;Byrna;Byrna;VISUAL_ALIAS_EDGE_NOISE;1.0;b byrna;byrna;CONFIRMED;HW_HERO_0004;Byrna;0
25051;R;2;25051_Screenshot_2026-02-20-13-16-47-781_com.nexters.herowars__R2.png;25051_Screenshot_2026-02-20-13-16-47-781_com.nexters.herowars__R2.png;HW_HERO_0048;Somna;ACCEPTED;0.944031;0.088405;o Somna;0.9487902493584449;HIGH;HW_HERO_0048;Somna;Somna;VISUAL_ALIAS_EDGE_NOISE;1.0;o somna;somna;CONFIRMED;HW_HERO_0048;Somna;0
25051;R;3;25051_Screenshot_2026-02-20-13-16-47-781_com.nexters.herowars__R3.png;25051_Screenshot_2026-02-20-13-16-47-781_com.nexters.herowars__R3.png;HW_HERO_0042;Polaris;ACCEPTED;0.979007;0.099307;ó Polaris;0.8877104595383573;HIGH;HW_HERO_0042;Polaris;Polaris;VISUAL_ALIAS_EDGE_NOISE;1.0;o polaris;polaris;CONFIRMED;HW_HERO_0042;Polaris;0
25051;R;4;25051_Screenshot_2026-02-20-13-16-47-781_com.nexters.herowars__R4.png;25051_Screenshot_2026-02-20-13-16-47-781_com.nexters.herowars__R4.png;HW_HERO_0024;Julius;ACCEPTED;0.973117;0.130612;ë Julius;0.8754942925976356;HIGH;HW_HERO_0024;Julius;Julius;VISUAL_ALIAS_EDGE_NOISE;1.0;e julius;julius;CONFIRMED;HW_HERO_0024;Julius;0
25051;R;5;25051_Screenshot_2026-02-20-13-16-47-781_com.nexters.herowars__R5.png;25051_Screenshot_2026-02-20-13-16-47-781_com.nexters.herowars__R5.png;HW_HERO_0014;Folio;ACCEPTED;0.966983;0.101745;o Folio;0.9055404841719238;HIGH;HW_HERO_0014;Folio;Folio;VISUAL_ALIAS_EDGE_NOISE;1.0;o folio;folio;CONFIRMED;HW_HERO_0014;Folio;0
25184;L;1;25184_Screenshot_20260217_195155_Hero_Wars__L1.png;25184_Screenshot_20260217_195155_Hero_Wars__L1.png;HW_HERO_0026;Kayla;ACCEPTED;0.968342;0.096193;Kayla A H I;0.6442024223842341;MEDIUM;;;Kayla;NO_MATCH;0.625;kayla a h i;;VISUAL_ONLY;HW_HERO_0026;Kayla;0
25184;L;2;25184_Screenshot_20260217_195155_Hero_Wars__L2.png;25184_Screenshot_20260217_195155_Hero_Wars__L2.png;HW_HERO_0008;Corvus;ACCEPTED;0.95228;0.085975;Corvus I;0.8846415966491279;HIGH;HW_HERO_0008;Corvus;Corvus;VISUAL_ALIAS_EDGE_NOISE;1.0;corvus i;corvus;CONFIRMED;HW_HERO_0008;Corvus;0
25184;L;3;25184_Screenshot_20260217_195155_Hero_Wars__L3.png;25184_Screenshot_20260217_195155_Hero_Wars__L3.png;HW_HERO_0068;Astrid and Lucas;ACCEPTED;0.981328;0.094106;Astrid et Lucas a I;0.8650201382892088;HIGH;HW_HERO_0068;Astrid and Lucas;Astrid et Lucas;VISUAL_ALIAS_EDGE_NOISE;1.0;astrid et lucas a i;astrid et lucas;CONFIRMED;HW_HERO_0068;Astrid and Lucas;0
25184;L;4;25184_Screenshot_20260217_195155_Hero_Wars__L4.png;25184_Screenshot_20260217_195155_Hero_Wars__L4.png;HW_HERO_0055;Morrigan;ACCEPTED;0.989259;0.086039;Morrigan I;0.9194764956415467;HIGH;HW_HERO_0055;Morrigan;Morrigan;VISUAL_ALIAS_EDGE_NOISE;1.0;morrigan i;morrigan;CONFIRMED;HW_HERO_0055;Morrigan;0
25184;L;5;25184_Screenshot_20260217_195155_Hero_Wars__L5.png;25184_Screenshot_20260217_195155_Hero_Wars__L5.png;HW_HERO_0060;Cleaver;ACCEPTED;0.976325;0.129963;Coupe-chou I;0.9353592021585245;HIGH;HW_HERO_0060;Cleaver;Coupe-chou;VISUAL_ALIAS_EDGE_NOISE;1.0;coupe chou i;coupe chou;CONFIRMED;HW_HERO_0060;Cleaver;0
25184;R;1;25184_Screenshot_20260217_195155_Hero_Wars__R1.png;25184_Screenshot_20260217_195155_Hero_Wars__R1.png;HW_HERO_0039;Oya;ACCEPTED;0.94602;0.084673;o C Oya;0.696655743198909;MEDIUM;;;Oya;NO_MATCH;0.6;o c oya;;VISUAL_ONLY;HW_HERO_0039;Oya;0
25184;R;2;25184_Screenshot_20260217_195155_Hero_Wars__R2.png;25184_Screenshot_20260217_195155_Hero_Wars__R2.png;HW_HERO_0026;Kayla;ACCEPTED;0.96921;0.087889;g a Kayla;0.7342230468170842;MEDIUM;;;Kayla;NO_MATCH;0.7142857142857143;g a kayla;;VISUAL_ONLY;HW_HERO_0026;Kayla;0
25184;R;3;25184_Screenshot_20260217_195155_Hero_Wars__R3.png;25184_Screenshot_20260217_195155_Hero_Wars__R3.png;HW_HERO_0050;Tristan;ACCEPTED;0.947565;0.072058;Z Tristan;0.8932464245828109;HIGH;HW_HERO_0050;Tristan;Tristan;VISUAL_ALIAS_EDGE_NOISE;1.0;z tristan;tristan;CONFIRMED;HW_HERO_0050;Tristan;0
25184;R;4;25184_Screenshot_20260217_195155_Hero_Wars__R4.png;25184_Screenshot_20260217_195155_Hero_Wars__R4.png;HW_HERO_0024;Julius;ACCEPTED;0.974889;0.134739;Julius;0.9950861145649069;HIGH;HW_HERO_0024;Julius;Julius;EXACT_ALIAS;1.0;julius;julius;CONFIRMED;HW_HERO_0024;Julius;0
25184;R;5;25184_Screenshot_20260217_195155_Hero_Wars__R5.png;25184_Screenshot_20260217_195155_Hero_Wars__R5.png;HW_HERO_0001;Aidan;ACCEPTED;0.981952;0.09987;Aidan;0.9999783019821106;HIGH;HW_HERO_0001;Aidan;Aidan;EXACT_ALIAS;1.0;aidan;aidan;CONFIRMED;HW_HERO_0001;Aidan;0
25476;L;1;25476_IMG_3778__L1.png;25476_IMG_3778__L1.png;HW_HERO_0018;Iris;ACCEPTED;0.962671;0.065146;Iris C;0.808003833584991;MEDIUM;;;Iris;NO_MATCH;0.8;iris c;;VISUAL_ONLY;HW_HERO_0018;Iris;0
25476;L;2;25476_IMG_3778__L2.png;25476_IMG_3778__L2.png;HW_HERO_0010;Dante;ACCEPTED;0.966185;0.093145;Dante;0.9999733972627494;HIGH;HW_HERO_0010;Dante;Dante;EXACT_ALIAS;1.0;dante;dante;CONFIRMED;HW_HERO_0010;Dante;0
25476;L;3;25476_IMG_3778__L3.png;25476_IMG_3778__L3.png;HW_HERO_0037;Octavia;ACCEPTED;0.962505;0.07891;Octavia;0.9997933451566455;HIGH;HW_HERO_0037;Octavia;Octavia;EXACT_ALIAS;1.0;octavia;octavia;CONFIRMED;HW_HERO_0037;Octavia;0
25476;L;4;25476_IMG_3778__L4.png;25476_IMG_3778__L4.png;HW_HERO_0044;Rufus;ACCEPTED;0.969684;0.063824;Rufus;0.9999928028749185;HIGH;HW_HERO_0044;Rufus;Rufus;EXACT_ALIAS;1.0;rufus;rufus;CONFIRMED;HW_HERO_0044;Rufus;0
25476;L;5;25476_IMG_3778__L5.png;25476_IMG_3778__L5.png;HW_HERO_0001;Aidan;ACCEPTED;0.96628;0.07991;Aidan;0.9999711048385962;HIGH;HW_HERO_0001;Aidan;Aidan;EXACT_ALIAS;1.0;aidan;aidan;CONFIRMED;HW_HERO_0001;Aidan;0
25476;R;1;25476_IMG_3778__R1.png;25476_IMG_3778__R1.png;HW_HERO_0018;Iris;ACCEPTED;0.972936;0.060128;Iris;0.9992451071739197;HIGH;HW_HERO_0018;Iris;Iris;EXACT_ALIAS;1.0;iris;iris;CONFIRMED;HW_HERO_0018;Iris;0
25476;R;2;25476_IMG_3778__R2.png;25476_IMG_3778__R2.png;HW_HERO_0045;Satori;ACCEPTED;0.969598;0.057726;Satori;0.9999505540647718;HIGH;HW_HERO_0045;Satori;Satori;EXACT_ALIAS;1.0;satori;satori;CONFIRMED;HW_HERO_0045;Satori;0
25476;R;3;25476_IMG_3778__R3.png;25476_IMG_3778__R3.png;HW_HERO_0047;Soleil;ACCEPTED;0.952758;0.090395;Soleil;0.9999145886151034;HIGH;HW_HERO_0047;Soleil;Soleil;EXACT_ALIAS;1.0;soleil;soleil;CONFIRMED;HW_HERO_0047;Soleil;0
25476;R;4;25476_IMG_3778__R4.png;25476_IMG_3778__R4.png;HW_HERO_0048;Somna;ACCEPTED;0.946207;0.10463;Somna;0.9999175792238916;HIGH;HW_HERO_0048;Somna;Somna;EXACT_ALIAS;1.0;somna;somna;CONFIRMED;HW_HERO_0048;Somna;0
25476;R;5;25476_IMG_3778__R5.png;25476_IMG_3778__R5.png;HW_HERO_0012;Electra von Grave;ACCEPTED;0.970359;0.078989;Electra von Grave;0.8719363173252569;HIGH;HW_HERO_0012;Electra von Grave;Electra von Grave;EXACT_ALIAS;1.0;electra von grave;electra von grave;CONFIRMED;HW_HERO_0012;Electra von Grave;0
25510;L;1;25510_Screenshot_20260225_152814_Hero_Wars__L1.png;25510_Screenshot_20260225_152814_Hero_Wars__L1.png;HW_HERO_0007;Champi et Gnon;ACCEPTED;0.948731;0.070378;Champi et Gnon;0.991842284934019;HIGH;HW_HERO_0007;Champi et Gnon;Champi et Gnon;EXACT_ALIAS;1.0;champi et gnon;champi et gnon;CONFIRMED;HW_HERO_0007;Champi et Gnon;0
25510;L;2;25510_Screenshot_20260225_152814_Hero_Wars__L2.png;25510_Screenshot_20260225_152814_Hero_Wars__L2.png;HW_HERO_0004;Byrna;ACCEPTED;0.975998;0.128319;Byrna;0.9999799546586472;HIGH;HW_HERO_0004;Byrna;Byrna;EXACT_ALIAS;1.0;byrna;byrna;CONFIRMED;HW_HERO_0004;Byrna;0
25510;L;3;25510_Screenshot_20260225_152814_Hero_Wars__L3.png;25510_Screenshot_20260225_152814_Hero_Wars__L3.png;HW_HERO_0049;Tempus;ACCEPTED;0.966865;0.111348;Tempus;0.9999278262704433;HIGH;HW_HERO_0049;Tempus;Tempus;EXACT_ALIAS;1.0;tempus;tempus;CONFIRMED;HW_HERO_0049;Tempus;0
25510;L;4;25510_Screenshot_20260225_152814_Hero_Wars__L4.png;25510_Screenshot_20260225_152814_Hero_Wars__L4.png;HW_HERO_0048;Somna;ACCEPTED;0.958764;0.114738;Somna;0.9997587596972897;HIGH;HW_HERO_0048;Somna;Somna;EXACT_ALIAS;1.0;somna;somna;CONFIRMED;HW_HERO_0048;Somna;0
25510;L;5;25510_Screenshot_20260225_152814_Hero_Wars__L5.png;25510_Screenshot_20260225_152814_Hero_Wars__L5.png;HW_HERO_0017;Guus;ACCEPTED;0.958415;0.112188;Guus;0.9998542666435242;HIGH;HW_HERO_0017;Guus;Guus;EXACT_ALIAS;1.0;guus;guus;CONFIRMED;HW_HERO_0017;Guus;0
25510;R;1;25510_Screenshot_20260225_152814_Hero_Wars__R1.png;25510_Screenshot_20260225_152814_Hero_Wars__R1.png;HW_HERO_0026;Kayla;ACCEPTED;0.962602;0.116667;Kayla;0.8882527936389648;HIGH;HW_HERO_0026;Kayla;Kayla;EXACT_ALIAS;1.0;kayla;kayla;CONFIRMED;HW_HERO_0026;Kayla;0
25510;R;2;25510_Screenshot_20260225_152814_Hero_Wars__R2.png;25510_Screenshot_20260225_152814_Hero_Wars__R2.png;HW_HERO_0042;Polaris;ACCEPTED;0.974118;0.104571;Polaris;0.9999752186188912;HIGH;HW_HERO_0042;Polaris;Polaris;EXACT_ALIAS;1.0;polaris;polaris;CONFIRMED;HW_HERO_0042;Polaris;0
25510;R;3;25510_Screenshot_20260225_152814_Hero_Wars__R3.png;25510_Screenshot_20260225_152814_Hero_Wars__R3.png;HW_HERO_0003;Astaroth;REVIEW;0.886302;0.098041;Astaroth;0.9999785050115686;HIGH;HW_HERO_0003;Astaroth;Astaroth;EXACT_ALIAS;1.0;astaroth;astaroth;RESCUED_BY_OCR;HW_HERO_0003;Astaroth;0
25510;R;4;25510_Screenshot_20260225_152814_Hero_Wars__R4.png;25510_Screenshot_20260225_152814_Hero_Wars__R4.png;HW_HERO_0017;Guus;ACCEPTED;0.958127;0.11374;Guus;0.9998857975006104;HIGH;HW_HERO_0017;Guus;Guus;EXACT_ALIAS;1.0;guus;guus;CONFIRMED;HW_HERO_0017;Guus;0
25510;R;5;25510_Screenshot_20260225_152814_Hero_Wars__R5.png;25510_Screenshot_20260225_152814_Hero_Wars__R5.png;HW_HERO_0001;Aidan;ACCEPTED;0.973976;0.117003;Aidan;0.9999582565894183;HIGH;HW_HERO_0001;Aidan;Aidan;EXACT_ALIAS;1.0;aidan;aidan;CONFIRMED;HW_HERO_0001;Aidan;0
25512;L;1;25512_86D3B7F3-DF09-4D23-A922-6ECC1599643B__L1.png;25512_86D3B7F3-DF09-4D23-A922-6ECC1599643B__L1.png;HW_HERO_0066;Faceless;ACCEPTED;0.985323;0.121483;Faceless;0.9998906820938264;HIGH;HW_HERO_0066;Faceless;Faceless;EXACT_ALIAS;1.0;faceless;faceless;CONFIRMED;HW_HERO_0066;Faceless;0
25512;L;2;25512_86D3B7F3-DF09-4D23-A922-6ECC1599643B__L2.png;25512_86D3B7F3-DF09-4D23-A922-6ECC1599643B__L2.png;HW_HERO_0072;Krista;ACCEPTED;0.981943;0.0952;Krista;0.9999931379493067;HIGH;HW_HERO_0072;Krista;Krista;EXACT_ALIAS;1.0;krista;krista;CONFIRMED;HW_HERO_0072;Krista;0
25512;L;3;25512_86D3B7F3-DF09-4D23-A922-6ECC1599643B__L3.png;25512_86D3B7F3-DF09-4D23-A922-6ECC1599643B__L3.png;HW_HERO_0010;Dante;ACCEPTED;0.963773;0.080427;Dante;0.9999778754848876;HIGH;HW_HERO_0010;Dante;Dante;EXACT_ALIAS;1.0;dante;dante;CONFIRMED;HW_HERO_0010;Dante;0
25512;L;4;25512_86D3B7F3-DF09-4D23-A922-6ECC1599643B__L4.png;25512_86D3B7F3-DF09-4D23-A922-6ECC1599643B__L4.png;HW_HERO_0008;Corvus;ACCEPTED;0.962761;0.108348;Corvus;0.8122787603515897;MEDIUM;HW_HERO_0008;Corvus;Corvus;EXACT_ALIAS;1.0;corvus;corvus;CONFIRMED;HW_HERO_0008;Corvus;0
25512;L;5;25512_86D3B7F3-DF09-4D23-A922-6ECC1599643B__L5.png;25512_86D3B7F3-DF09-4D23-A922-6ECC1599643B__L5.png;HW_HERO_0012;Electra von Grave;ACCEPTED;0.94023;0.059084;Electra von Grave;0.9984837295802214;HIGH;HW_HERO_0012;Electra von Grave;Electra von Grave;EXACT_ALIAS;1.0;electra von grave;electra von grave;CONFIRMED;HW_HERO_0012;Electra von Grave;0
25512;R;1;25512_86D3B7F3-DF09-4D23-A922-6ECC1599643B__R1.png;25512_86D3B7F3-DF09-4D23-A922-6ECC1599643B__R1.png;HW_HERO_0021;Jhu;ACCEPTED;0.931334;0.081196;P Jhu;0.751046687389622;MEDIUM;;;Jhu;NO_MATCH;0.75;p jhu;;VISUAL_ONLY;HW_HERO_0021;Jhu;0
25512;R;2;25512_86D3B7F3-DF09-4D23-A922-6ECC1599643B__R2.png;25512_86D3B7F3-DF09-4D23-A922-6ECC1599643B__R2.png;HW_HERO_0007;Champi et Gnon;ACCEPTED;0.9895;0.101272;Mushy and Shroom;0.8470283235209313;MEDIUM;HW_HERO_0007;Champi et Gnon;Mushy and Shroom;EXACT_ALIAS;1.0;mushy and shroom;mushy and shroom;CONFIRMED;HW_HERO_0007;Champi et Gnon;0
25512;R;3;25512_86D3B7F3-DF09-4D23-A922-6ECC1599643B__R3.png;25512_86D3B7F3-DF09-4D23-A922-6ECC1599643B__R3.png;HW_HERO_0016;Ginger;ACCEPTED;0.967886;0.071612;Ginger;0.9999956686359005;HIGH;HW_HERO_0016;Ginger;Ginger;EXACT_ALIAS;1.0;ginger;ginger;CONFIRMED;HW_HERO_0016;Ginger;0
25512;R;4;25512_86D3B7F3-DF09-4D23-A922-6ECC1599643B__R4.png;25512_86D3B7F3-DF09-4D23-A922-6ECC1599643B__R4.png;HW_HERO_0033;Maya;ACCEPTED;0.915177;0.040815;Maya;0.9998793005943298;HIGH;HW_HERO_0033;Maya;Maya;EXACT_ALIAS;1.0;maya;maya;CONFIRMED;HW_HERO_0033;Maya;0
25512;R;5;25512_86D3B7F3-DF09-4D23-A922-6ECC1599643B__R5.png;25512_86D3B7F3-DF09-4D23-A922-6ECC1599643B__R5.png;HW_HERO_0059;Artemis;ACCEPTED;0.993145;0.098719;Artemis;0.9999815266256225;HIGH;HW_HERO_0059;Artemis;Artemis;EXACT_ALIAS;1.0;artemis;artemis;CONFIRMED;HW_HERO_0059;Artemis;0
25524;L;1;25524_A16CC374-29C6-4090-8DAA-35F070E19790__L1.png;25524_A16CC374-29C6-4090-8DAA-35F070E19790__L1.png;HW_HERO_0018;Iris;ACCEPTED;0.955006;0.070432;Iris a I;0.698037992483285;MEDIUM;;;Iris;NO_MATCH;0.6666666666666666;iris a i;;VISUAL_ONLY;HW_HERO_0018;Iris;0
25524;L;2;25524_A16CC374-29C6-4090-8DAA-35F070E19790__L2.png;25524_A16CC374-29C6-4090-8DAA-35F070E19790__L2.png;HW_HERO_0026;Kayla;ACCEPTED;0.953711;0.070618;Kayla E;0.8351008635142815;MEDIUM;;;Kayla;NO_MATCH;0.8333333333333334;kayla e;;VISUAL_ONLY;HW_HERO_0026;Kayla;0
25524;L;3;25524_A16CC374-29C6-4090-8DAA-35F070E19790__L3.png;25524_A16CC374-29C6-4090-8DAA-35F070E19790__L3.png;HW_HERO_0044;Rufus;ACCEPTED;0.964363;0.061741;Rufus I;0.8731836247566687;HIGH;HW_HERO_0044;Rufus;Rufus;VISUAL_ALIAS_EDGE_NOISE;1.0;rufus i;rufus;CONFIRMED;HW_HERO_0044;Rufus;0
25524;L;4;25524_A16CC374-29C6-4090-8DAA-35F070E19790__L4.png;25524_A16CC374-29C6-4090-8DAA-35F070E19790__L4.png;HW_HERO_0047;Soleil;ACCEPTED;0.97068;0.110103;Soleil;0.9999280209415516;HIGH;HW_HERO_0047;Soleil;Soleil;EXACT_ALIAS;1.0;soleil;soleil;CONFIRMED;HW_HERO_0047;Soleil;0
25524;L;5;25524_A16CC374-29C6-4090-8DAA-35F070E19790__L5.png;25524_A16CC374-29C6-4090-8DAA-35F070E19790__L5.png;HW_HERO_0012;Electra von Grave;ACCEPTED;0.947093;0.079234;Electra von Grave I;0.9513806678100729;HIGH;HW_HERO_0012;Electra von Grave;Electra von Grave;FUZZY_ALIAS;0.9444444444444444;electra von grave i;electra von grave i;CONFIRMED;HW_HERO_0012;Electra von Grave;0
25524;R;1;25524_A16CC374-29C6-4090-8DAA-35F070E19790__R1.png;25524_A16CC374-29C6-4090-8DAA-35F070E19790__R1.png;HW_HERO_0045;Satori;ACCEPTED;0.96577;0.049672;z Lao Satori;0.5987666139139864;LOW;;;Satori;NO_MATCH;0.6666666666666666;z lao satori;;VISUAL_ONLY;HW_HERO_0045;Satori;0
25524;R;2;25524_A16CC374-29C6-4090-8DAA-35F070E19790__R2.png;25524_A16CC374-29C6-4090-8DAA-35F070E19790__R2.png;HW_HERO_0014;Folio;ACCEPTED;0.942454;0.107968;I H Folio;0.7296267786635922;MEDIUM;;;Folio;NO_MATCH;0.7142857142857143;i h folio;;VISUAL_ONLY;HW_HERO_0014;Folio;0
25524;R;3;25524_A16CC374-29C6-4090-8DAA-35F070E19790__R3.png;25524_A16CC374-29C6-4090-8DAA-35F070E19790__R3.png;HW_HERO_0042;Polaris;ACCEPTED;0.959385;0.091201;z O Polaris;0.791142716776979;MEDIUM;;;Polaris;NO_MATCH;0.7777777777777778;z o polaris;;VISUAL_ONLY;HW_HERO_0042;Polaris;0
25524;R;4;25524_A16CC374-29C6-4090-8DAA-35F070E19790__R4.png;25524_A16CC374-29C6-4090-8DAA-35F070E19790__R4.png;HW_HERO_0004;Byrna;ACCEPTED;0.967748;0.106197;o Byrna;0.8962967685942479;HIGH;HW_HERO_0004;Byrna;Byrna;VISUAL_ALIAS_EDGE_NOISE;1.0;o byrna;byrna;CONFIRMED;HW_HERO_0004;Byrna;0
25524;R;5;25524_A16CC374-29C6-4090-8DAA-35F070E19790__R5.png;25524_A16CC374-29C6-4090-8DAA-35F070E19790__R5.png;HW_HERO_0001;Aidan;ACCEPTED;0.968896;0.089375;s Aidan;0.9674720847836634;HIGH;HW_HERO_0001;Aidan;Aidan;VISUAL_ALIAS_EDGE_NOISE;1.0;s aidan;aidan;CONFIRMED;HW_HERO_0001;Aidan;0
26116;L;1;26116_Screenshot_20260203_102220_Hero_Wars__L1.png;26116_Screenshot_20260203_102220_Hero_Wars__L1.png;HW_HERO_0018;Iris;ACCEPTED;0.975889;0.068194;Iris aa;0.6732299062083916;MEDIUM;;;Iris;NO_MATCH;0.7272727272727273;iris aa;;VISUAL_ONLY;HW_HERO_0018;Iris;0
26116;L;2;26116_Screenshot_20260203_102220_Hero_Wars__L2.png;26116_Screenshot_20260203_102220_Hero_Wars__L2.png;HW_HERO_0010;Dante;ACCEPTED;0.956086;0.060976;Dante D;0.8567426718478278;HIGH;HW_HERO_0010;Dante;Dante;VISUAL_ALIAS_EDGE_NOISE;1.0;dante d;dante;CONFIRMED;HW_HERO_0010;Dante;0
26116;L;3;26116_Screenshot_20260203_102220_Hero_Wars__L3.png;26116_Screenshot_20260203_102220_Hero_Wars__L3.png;HW_HERO_0005;Cascade;ACCEPTED;0.920897;0.044326;Cascade;0.9933294208577832;HIGH;HW_HERO_0005;Cascade;Cascade;EXACT_ALIAS;1.0;cascade;cascade;CONFIRMED;HW_HERO_0005;Cascade;0
26116;L;4;26116_Screenshot_20260203_102220_Hero_Wars__L4.png;26116_Screenshot_20260203_102220_Hero_Wars__L4.png;HW_HERO_0037;Octavia;ACCEPTED;0.972958;0.080419;Octavia;0.9995150148643094;HIGH;HW_HERO_0037;Octavia;Octavia;EXACT_ALIAS;1.0;octavia;octavia;CONFIRMED;HW_HERO_0037;Octavia;0
26116;L;5;26116_Screenshot_20260203_102220_Hero_Wars__L5.png;26116_Screenshot_20260203_102220_Hero_Wars__L5.png;HW_HERO_0036;Nébula;ACCEPTED;0.956475;0.064278;Nebula i;0.9462802957233648;HIGH;HW_HERO_0036;Nébula;Nébula;VISUAL_ALIAS_EDGE_NOISE;1.0;nebula i;nebula;CONFIRMED;HW_HERO_0036;Nébula;0
26116;R;1;26116_Screenshot_20260203_102220_Hero_Wars__R1.png;26116_Screenshot_20260203_102220_Hero_Wars__R1.png;HW_HERO_0026;Kayla;ACCEPTED;0.962525;0.085211;B é Kayla;0.8350310507092404;MEDIUM;;;Kayla;NO_MATCH;0.7142857142857143;b e kayla;;VISUAL_ONLY;HW_HERO_0026;Kayla;0
26116;R;2;26116_Screenshot_20260203_102220_Hero_Wars__R2.png;26116_Screenshot_20260203_102220_Hero_Wars__R2.png;HW_HERO_0001;Aidan;ACCEPTED;0.977654;0.104551;Aidan;0.9979986064116056;HIGH;HW_HERO_0001;Aidan;Aidan;EXACT_ALIAS;1.0;aidan;aidan;CONFIRMED;HW_HERO_0001;Aidan;0
26116;R;3;26116_Screenshot_20260203_102220_Hero_Wars__R3.png;26116_Screenshot_20260203_102220_Hero_Wars__R3.png;HW_HERO_0024;Julius;ACCEPTED;0.977411;0.132541;g Julius;0.9493423999597578;HIGH;HW_HERO_0024;Julius;Julius;VISUAL_ALIAS_EDGE_NOISE;1.0;g julius;julius;CONFIRMED;HW_HERO_0024;Julius;0
26116;R;4;26116_Screenshot_20260203_102220_Hero_Wars__R4.png;26116_Screenshot_20260203_102220_Hero_Wars__R4.png;HW_HERO_0017;Guus;ACCEPTED;0.964493;0.116597;Guus;0.9999664425849915;HIGH;HW_HERO_0017;Guus;Guus;EXACT_ALIAS;1.0;guus;guus;CONFIRMED;HW_HERO_0017;Guus;0
26116;R;5;26116_Screenshot_20260203_102220_Hero_Wars__R5.png;26116_Screenshot_20260203_102220_Hero_Wars__R5.png;HW_HERO_0013;Fafnir;ACCEPTED;0.953446;0.122685;o Fafnir;0.8984646940843622;HIGH;HW_HERO_0013;Fafnir;Fafnir;VISUAL_ALIAS_EDGE_NOISE;1.0;o fafnir;fafnir;CONFIRMED;HW_HERO_0013;Fafnir;0
26446;L;1;26446_Screenshot_20260218-071313__L1.png;26446_Screenshot_20260218-071313__L1.png;HW_HERO_0014;Folio;ACCEPTED;0.962103;0.125765;Folio T;0.8415149393267264;MEDIUM;;;Folio;NO_MATCH;0.8333333333333334;folio t;;VISUAL_ONLY;HW_HERO_0014;Folio;0
26446;L;2;26446_Screenshot_20260218-071313__L2.png;26446_Screenshot_20260218-071313__L2.png;HW_HERO_0024;Julius;ACCEPTED;0.96702;0.129664;Julius;0.9999986373241087;HIGH;HW_HERO_0024;Julius;Julius;EXACT_ALIAS;1.0;julius;julius;CONFIRMED;HW_HERO_0024;Julius;0
26446;L;3;26446_Screenshot_20260218-071313__L3.png;26446_Screenshot_20260218-071313__L3.png;HW_HERO_0056;Isaac;ACCEPTED;0.993773;0.168428;Isaac T;0.8345262023354773;MEDIUM;;;Isaac;NO_MATCH;0.8333333333333334;isaac t;;VISUAL_ONLY;HW_HERO_0056;Isaac;0
26446;L;4;26446_Screenshot_20260218-071313__L4.png;26446_Screenshot_20260218-071313__L4.png;HW_HERO_0042;Polaris;ACCEPTED;0.955837;0.086729;Polaris Y G;0.7796751514200743;MEDIUM;;;Polaris;NO_MATCH;0.7777777777777778;polaris y g;;VISUAL_ONLY;HW_HERO_0042;Polaris;0
26446;L;5;26446_Screenshot_20260218-071313__L5.png;26446_Screenshot_20260218-071313__L5.png;HW_HERO_0023;Juge;ACCEPTED;0.982244;0.140343;Juge I;0.8056492105083294;MEDIUM;;;Juge;NO_MATCH;0.8;juge i;;VISUAL_ONLY;HW_HERO_0023;Juge;0
26446;R;1;26446_Screenshot_20260218-071313__R1.png;26446_Screenshot_20260218-071313__R1.png;HW_HERO_0014;Folio;ACCEPTED;0.958363;0.120447;ó a Folio;0.8099398294986262;MEDIUM;;;Folio;NO_MATCH;0.7142857142857143;o a folio;;VISUAL_ONLY;HW_HERO_0014;Folio;0
26446;R;2;26446_Screenshot_20260218-071313__R2.png;26446_Screenshot_20260218-071313__R2.png;HW_HERO_0023;Juge;ACCEPTED;0.988892;0.142338;ó Juge;0.9443631115546879;HIGH;HW_HERO_0023;Juge;Juge;VISUAL_ALIAS_EDGE_NOISE;1.0;o juge;juge;CONFIRMED;HW_HERO_0023;Juge;0
26446;R;3;26446_Screenshot_20260218-071313__R3.png;26446_Screenshot_20260218-071313__R3.png;HW_HERO_0056;Isaac;ACCEPTED;0.993295;0.163695;ó Isaac;0.9332751990956375;HIGH;HW_HERO_0056;Isaac;Isaac;VISUAL_ALIAS_EDGE_NOISE;1.0;o isaac;isaac;CONFIRMED;HW_HERO_0056;Isaac;0
26446;R;4;26446_Screenshot_20260218-071313__R4.png;26446_Screenshot_20260218-071313__R4.png;HW_HERO_0042;Polaris;ACCEPTED;0.962767;0.093673;B a Polaris;0.5500836590424092;LOW;;;Polaris;NO_MATCH;0.7777777777777778;b a polaris;;VISUAL_ONLY;HW_HERO_0042;Polaris;0
26446;R;5;26446_Screenshot_20260218-071313__R5.png;26446_Screenshot_20260218-071313__R5.png;HW_HERO_0024;Julius;ACCEPTED;0.974174;0.13653;z H Julius;0.6424329577212929;MEDIUM;;;Julius;NO_MATCH;0.75;z h julius;;VISUAL_ONLY;HW_HERO_0024;Julius;0
26594;L;1;26594_Screenshot_20260226-075626__L1.png;26594_Screenshot_20260226-075626__L1.png;HW_HERO_0014;Folio;ACCEPTED;0.958827;0.128483;Folio i;0.8754179930362002;HIGH;HW_HERO_0014;Folio;Folio;VISUAL_ALIAS_EDGE_NOISE;1.0;folio i;folio;CONFIRMED;HW_HERO_0014;Folio;0
26594;L;2;26594_Screenshot_20260226-075626__L2.png;26594_Screenshot_20260226-075626__L2.png;HW_HERO_0023;Juge;ACCEPTED;0.990332;0.147977;Juge I;0.8230086029016548;MEDIUM;;;Juge;NO_MATCH;0.8;juge i;;VISUAL_ONLY;HW_HERO_0023;Juge;0
26594;L;3;26594_Screenshot_20260226-075626__L3.png;26594_Screenshot_20260226-075626__L3.png;HW_HERO_0056;Isaac;ACCEPTED;0.9959;0.168766;Isaac I;0.8628387834117245;HIGH;HW_HERO_0056;Isaac;Isaac;VISUAL_ALIAS_EDGE_NOISE;1.0;isaac i;isaac;CONFIRMED;HW_HERO_0056;Isaac;0
26594;L;4;26594_Screenshot_20260226-075626__L4.png;26594_Screenshot_20260226-075626__L4.png;HW_HERO_0042;Polaris;ACCEPTED;0.958639;0.087545;Polaris E;0.8765522968962751;HIGH;HW_HERO_0042;Polaris;Polaris;VISUAL_ALIAS_EDGE_NOISE;1.0;polaris e;polaris;CONFIRMED;HW_HERO_0042;Polaris;0
26594;L;5;26594_Screenshot_20260226-075626__L5.png;26594_Screenshot_20260226-075626__L5.png;HW_HERO_0024;Julius;ACCEPTED;0.972228;0.136172;Julius I ó;0.773051474807691;MEDIUM;;;Julius;NO_MATCH;0.75;julius i o;;VISUAL_ONLY;HW_HERO_0024;Julius;0
26594;R;1;26594_Screenshot_20260226-075626__R1.png;26594_Screenshot_20260226-075626__R1.png;HW_HERO_0026;Kayla;ACCEPTED;0.957885;0.06412;A V Kayla;0.7238964034566449;MEDIUM;;;Kayla;NO_MATCH;0.7142857142857143;a v kayla;;VISUAL_ONLY;HW_HERO_0026;Kayla;0
26594;R;2;26594_Screenshot_20260226-075626__R2.png;26594_Screenshot_20260226-075626__R2.png;HW_HERO_0049;Tempus;ACCEPTED;0.955247;0.121855;o Tempus;0.9069350913586376;HIGH;HW_HERO_0049;Tempus;Tempus;VISUAL_ALIAS_EDGE_NOISE;1.0;o tempus;tempus;CONFIRMED;HW_HERO_0049;Tempus;0
26594;R;3;26594_Screenshot_20260226-075626__R3.png;26594_Screenshot_20260226-075626__R3.png;HW_HERO_0013;Fafnir;ACCEPTED;0.957099;0.138783;g Fafnir;0.9734901787702;HIGH;HW_HERO_0013;Fafnir;Fafnir;VISUAL_ALIAS_EDGE_NOISE;1.0;g fafnir;fafnir;CONFIRMED;HW_HERO_0013;Fafnir;0
26594;R;4;26594_Screenshot_20260226-075626__R4.png;26594_Screenshot_20260226-075626__R4.png;HW_HERO_0001;Aidan;ACCEPTED;0.973432;0.092319;B Aidan;0.9760731756349085;HIGH;HW_HERO_0001;Aidan;Aidan;VISUAL_ALIAS_EDGE_NOISE;1.0;b aidan;aidan;CONFIRMED;HW_HERO_0001;Aidan;0
26594;R;5;26594_Screenshot_20260226-075626__R5.png;26594_Screenshot_20260226-075626__R5.png;HW_HERO_0017;Guus;ACCEPTED;0.963034;0.154214;A Guus;0.8029561655407811;MEDIUM;;;Guus;NO_MATCH;0.8;a guus;;VISUAL_ONLY;HW_HERO_0017;Guus;0
26697;L;1;26697_IMG_3883__L1.png;26697_IMG_3883__L1.png;HW_HERO_0007;Champi et Gnon;ACCEPTED;0.986983;0.089564;Mushy and Shroom J a I;0.7913096715154824;MEDIUM;;;Mushy and Shroom;NO_MATCH;0.8421052631578947;mushy and shroom j a i;;VISUAL_ONLY;HW_HERO_0007;Champi et Gnon;0
26697;L;2;26697_IMG_3883__L2.png;26697_IMG_3883__L2.png;HW_HERO_0051;Xe'Sha;ACCEPTED;0.971629;0.086159;Xe'Sha I;0.8431574964536408;MEDIUM;;;Xe'Sha;NO_MATCH;0.8571428571428571;xe sha i;;VISUAL_ONLY;HW_HERO_0051;Xe'Sha;0
26697;L;3;26697_IMG_3883__L3.png;26697_IMG_3883__L3.png;HW_HERO_0048;Somna;ACCEPTED;0.948578;0.101268;Somna O I;0.7826952457309463;MEDIUM;;;Somna;NO_MATCH;0.7142857142857143;somna o i;;VISUAL_ONLY;HW_HERO_0048;Somna;0
26697;L;4;26697_IMG_3883__L4.png;26697_IMG_3883__L4.png;HW_HERO_0049;Tempus;ACCEPTED;0.960684;0.115872;Tempus;0.9999610662387267;HIGH;HW_HERO_0049;Tempus;Tempus;EXACT_ALIAS;1.0;tempus;tempus;CONFIRMED;HW_HERO_0049;Tempus;0
26697;L;5;26697_IMG_3883__L5.png;26697_IMG_3883__L5.png;HW_HERO_0001;Aidan;ACCEPTED;0.960762;0.073675;Aidan;0.9999777155484233;HIGH;HW_HERO_0001;Aidan;Aidan;EXACT_ALIAS;1.0;aidan;aidan;CONFIRMED;HW_HERO_0001;Aidan;0
26697;R;1;26697_IMG_3883__R1.png;26697_IMG_3883__R1.png;HW_HERO_0026;Kayla;ACCEPTED;0.963999;0.077161;o on Kayla;0.7281898161351008;MEDIUM;;;Kayla;NO_MATCH;0.6666666666666666;o on kayla;;VISUAL_ONLY;HW_HERO_0026;Kayla;0
26697;R;2;26697_IMG_3883__R2.png;26697_IMG_3883__R2.png;HW_HERO_0040;Peech;ACCEPTED;0.967381;0.081652;g E Peech;0.8217490049387453;MEDIUM;;;Peech;NO_MATCH;0.7142857142857143;g e peech;;VISUAL_ONLY;HW_HERO_0040;Peech;0
26697;R;3;26697_IMG_3883__R3.png;26697_IMG_3883__R3.png;HW_HERO_0001;Aidan;ACCEPTED;0.959072;0.068157;' Aidan;0.8408917990658145;MEDIUM;HW_HERO_0001;Aidan;Aidan;EXACT_ALIAS;1.0;aidan;aidan;CONFIRMED;HW_HERO_0001;Aidan;0
26697;R;4;26697_IMG_3883__R4.png;26697_IMG_3883__R4.png;HW_HERO_0017;Guus;ACCEPTED;0.962552;0.138301;B Guus;0.9281977445184821;HIGH;HW_HERO_0017;Guus;Guus;VISUAL_ALIAS_EDGE_NOISE;1.0;b guus;guus;CONFIRMED;HW_HERO_0017;Guus;0
26697;R;5;26697_IMG_3883__R5.png;26697_IMG_3883__R5.png;HW_HERO_0003;Astaroth;ACCEPTED;0.949968;0.168791;o Astaroth;0.9484678022014007;HIGH;HW_HERO_0003;Astaroth;Astaroth;VISUAL_ALIAS_EDGE_NOISE;1.0;o astaroth;astaroth;CONFIRMED;HW_HERO_0003;Astaroth;0
26802;L;1;26802_IMG_0714__L1.png;26802_IMG_0714__L1.png;HW_HERO_0026;Kayla;ACCEPTED;0.972262;0.097938;Kayla a;0.8351288799941585;MEDIUM;;;Kayla;NO_MATCH;0.8333333333333334;kayla a;;VISUAL_ONLY;HW_HERO_0026;Kayla;0
26802;L;2;26802_IMG_0714__L2.png;26802_IMG_0714__L2.png;HW_HERO_0037;Octavia;ACCEPTED;0.96365;0.08443;Octavia;0.9998846071901069;HIGH;HW_HERO_0037;Octavia;Octavia;EXACT_ALIAS;1.0;octavia;octavia;CONFIRMED;HW_HERO_0037;Octavia;0
26802;L;3;26802_IMG_0714__L3.png;26802_IMG_0714__L3.png;HW_HERO_0010;Dante;ACCEPTED;0.971082;0.09899;Dante;0.9999565505963608;HIGH;HW_HERO_0010;Dante;Dante;EXACT_ALIAS;1.0;dante;dante;CONFIRMED;HW_HERO_0010;Dante;0
26802;L;4;26802_IMG_0714__L4.png;26802_IMG_0714__L4.png;HW_HERO_0001;Aidan;ACCEPTED;0.9711;0.086308;Aidan;0.9999718512093189;HIGH;HW_HERO_0001;Aidan;Aidan;EXACT_ALIAS;1.0;aidan;aidan;CONFIRMED;HW_HERO_0001;Aidan;0
26802;L;5;26802_IMG_0714__L5.png;26802_IMG_0714__L5.png;HW_HERO_0017;Guus;ACCEPTED;0.965967;0.132389;Guus;0.9999324083328247;HIGH;HW_HERO_0017;Guus;Guus;EXACT_ALIAS;1.0;guus;guus;CONFIRMED;HW_HERO_0017;Guus;0
26802;R;1;26802_IMG_0714__R1.png;26802_IMG_0714__R1.png;HW_HERO_0018;Iris;ACCEPTED;0.967302;0.069316;Iris;0.7548715908879741;MEDIUM;HW_HERO_0018;Iris;Iris;EXACT_ALIAS;1.0;iris;iris;CONFIRMED;HW_HERO_0018;Iris;0
26802;R;2;26802_IMG_0714__R2.png;26802_IMG_0714__R2.png;HW_HERO_0026;Kayla;ACCEPTED;0.967188;0.076503;Kayla;0.7186353121823543;MEDIUM;HW_HERO_0026;Kayla;Kayla;EXACT_ALIAS;1.0;kayla;kayla;CONFIRMED;HW_HERO_0026;Kayla;0
26802;R;3;26802_IMG_0714__R3.png;26802_IMG_0714__R3.png;HW_HERO_0052;Yasmine;ACCEPTED;0.966455;0.077372;Yasmine;0.9999958547646062;HIGH;HW_HERO_0052;Yasmine;Yasmine;EXACT_ALIAS;1.0;yasmine;yasmine;CONFIRMED;HW_HERO_0052;Yasmine;0
26802;R;4;26802_IMG_0714__R4.png;26802_IMG_0714__R4.png;HW_HERO_0001;Aidan;ACCEPTED;0.963441;0.076307;Aidan;0.9999775556119562;HIGH;HW_HERO_0001;Aidan;Aidan;EXACT_ALIAS;1.0;aidan;aidan;CONFIRMED;HW_HERO_0001;Aidan;0
26802;R;5;26802_IMG_0714__R5.png;26802_IMG_0714__R5.png;HW_HERO_0017;Guus;ACCEPTED;0.972434;0.139223;Guus;0.9999009966850281;HIGH;HW_HERO_0017;Guus;Guus;EXACT_ALIAS;1.0;guus;guus;CONFIRMED;HW_HERO_0017;Guus;0
27103;L;1;27103_Screenshot_20260304_092921_Hero_Wars__L1.png;27103_Screenshot_20260304_092921_Hero_Wars__L1.png;HW_HERO_0018;Iris;ACCEPTED;0.98015;0.07444;Iris ào i;0.6311895966660731;MEDIUM;;;Iris;NO_MATCH;0.6153846153846154;iris ao i;;VISUAL_ONLY;HW_HERO_0018;Iris;0
27103;L;2;27103_Screenshot_20260304_092921_Hero_Wars__L2.png;27103_Screenshot_20260304_092921_Hero_Wars__L2.png;HW_HERO_0005;Cascade;ACCEPTED;0.92894;0.051783;Cascade I;0.8932667085468108;HIGH;HW_HERO_0005;Cascade;Cascade;VISUAL_ALIAS_EDGE_NOISE;1.0;cascade i;cascade;CONFIRMED;HW_HERO_0005;Cascade;0
27103;L;3;27103_Screenshot_20260304_092921_Hero_Wars__L3.png;27103_Screenshot_20260304_092921_Hero_Wars__L3.png;HW_HERO_0010;Dante;ACCEPTED;0.95612;0.059807;Dante;0.9999770758025367;HIGH;HW_HERO_0010;Dante;Dante;EXACT_ALIAS;1.0;dante;dante;CONFIRMED;HW_HERO_0010;Dante;0
27103;L;4;27103_Screenshot_20260304_092921_Hero_Wars__L4.png;27103_Screenshot_20260304_092921_Hero_Wars__L4.png;HW_HERO_0037;Octavia;ACCEPTED;0.975601;0.078472;Octavia;0.9995105084676276;HIGH;HW_HERO_0037;Octavia;Octavia;EXACT_ALIAS;1.0;octavia;octavia;CONFIRMED;HW_HERO_0037;Octavia;0
27103;L;5;27103_Screenshot_20260304_092921_Hero_Wars__L5.png;27103_Screenshot_20260304_092921_Hero_Wars__L5.png;HW_HERO_0036;Nébula;ACCEPTED;0.954758;0.06479;Nebula;0.999932498374689;HIGH;HW_HERO_0036;Nébula;Nébula;EXACT_ALIAS;1.0;nebula;nebula;CONFIRMED;HW_HERO_0036;Nébula;0
27103;R;1;27103_Screenshot_20260304_092921_Hero_Wars__R1.png;27103_Screenshot_20260304_092921_Hero_Wars__R1.png;HW_HERO_0062;Luther;ACCEPTED;0.968662;0.11003;g Luther;0.8662482676947553;HIGH;HW_HERO_0062;Luther;Luther;VISUAL_ALIAS_EDGE_NOISE;1.0;g luther;luther;CONFIRMED;HW_HERO_0062;Luther;0
27103;R;2;27103_Screenshot_20260304_092921_Hero_Wars__R2.png;27103_Screenshot_20260304_092921_Hero_Wars__R2.png;HW_HERO_0059;Artemis;ACCEPTED;0.978705;0.089399;Z Artemis;0.8859115906504325;HIGH;HW_HERO_0059;Artemis;Artemis;VISUAL_ALIAS_EDGE_NOISE;1.0;z artemis;artemis;CONFIRMED;HW_HERO_0059;Artemis;0
27103;R;3;27103_Screenshot_20260304_092921_Hero_Wars__R3.png;27103_Screenshot_20260304_092921_Hero_Wars__R3.png;HW_HERO_0050;Tristan;ACCEPTED;0.935223;0.067897;g a Tristan;0.8457225779264728;MEDIUM;;;Tristan;NO_MATCH;0.7777777777777778;g a tristan;;VISUAL_ONLY;HW_HERO_0050;Tristan;0
27103;R;4;27103_Screenshot_20260304_092921_Hero_Wars__R4.png;27103_Screenshot_20260304_092921_Hero_Wars__R4.png;HW_HERO_0060;Cleaver;ACCEPTED;0.98006;0.127718;g Cleaver;0.8862505069675878;HIGH;HW_HERO_0060;Cleaver;Cleaver;VISUAL_ALIAS_EDGE_NOISE;1.0;g cleaver;cleaver;CONFIRMED;HW_HERO_0060;Cleaver;0
27103;R;5;27103_Screenshot_20260304_092921_Hero_Wars__R5.png;27103_Screenshot_20260304_092921_Hero_Wars__R5.png;HW_HERO_0013;Fafnir;ACCEPTED;0.95938;0.119321;Z Fafnir;0.8385399957732212;MEDIUM;;;Fafnir;NO_MATCH;0.8571428571428571;z fafnir;;VISUAL_ONLY;HW_HERO_0013;Fafnir;0
27330;L;1;27330_Screenshot_20260309_203352_Hero_Wars__L1.png;27330_Screenshot_20260309_203352_Hero_Wars__L1.png;HW_HERO_0014;Folio;ACCEPTED;0.975442;0.134847;Folio;0.9999819805197679;HIGH;HW_HERO_0014;Folio;Folio;EXACT_ALIAS;1.0;folio;folio;CONFIRMED;HW_HERO_0014;Folio;0
27330;L;2;27330_Screenshot_20260309_203352_Hero_Wars__L2.png;27330_Screenshot_20260309_203352_Hero_Wars__L2.png;HW_HERO_0061;Lara Croft;ACCEPTED;0.996691;0.11187;Lara Croft;0.9986990987117628;HIGH;HW_HERO_0061;Lara Croft;Lara Croft;EXACT_ALIAS;1.0;lara croft;lara croft;CONFIRMED;HW_HERO_0061;Lara Croft;0
27330;L;3;27330_Screenshot_20260309_203352_Hero_Wars__L3.png;27330_Screenshot_20260309_203352_Hero_Wars__L3.png;HW_HERO_0024;Julius;ACCEPTED;0.975631;0.139791;Julius;0.999997809984971;HIGH;HW_HERO_0024;Julius;Julius;EXACT_ALIAS;1.0;julius;julius;CONFIRMED;HW_HERO_0024;Julius;0
27330;L;4;27330_Screenshot_20260309_203352_Hero_Wars__L4.png;27330_Screenshot_20260309_203352_Hero_Wars__L4.png;HW_HERO_0042;Polaris;ACCEPTED;0.967286;0.093058;Polaris;0.9999860323368502;HIGH;HW_HERO_0042;Polaris;Polaris;EXACT_ALIAS;1.0;polaris;polaris;CONFIRMED;HW_HERO_0042;Polaris;0
27330;L;5;27330_Screenshot_20260309_203352_Hero_Wars__L5.png;27330_Screenshot_20260309_203352_Hero_Wars__L5.png;HW_HERO_0023;Juge;ACCEPTED;0.986082;0.146594;Juge;0.9908570006346978;HIGH;HW_HERO_0023;Juge;Juge;EXACT_ALIAS;1.0;juge;juge;CONFIRMED;HW_HERO_0023;Juge;0
27330;R;1;27330_Screenshot_20260309_203352_Hero_Wars__R1.png;27330_Screenshot_20260309_203352_Hero_Wars__R1.png;HW_HERO_0051;Xe'Sha;ACCEPTED;0.980697;0.102362;Xe'Sha;0.9986594117750088;HIGH;HW_HERO_0051;Xe'Sha;Xe'Sha;EXACT_ALIAS;1.0;xe sha;xe sha;CONFIRMED;HW_HERO_0051;Xe'Sha;0
27330;R;2;27330_Screenshot_20260309_203352_Hero_Wars__R2.png;27330_Screenshot_20260309_203352_Hero_Wars__R2.png;HW_HERO_0060;Cleaver;ACCEPTED;0.975499;0.124814;Coupe-chou;0.9999151790129674;HIGH;HW_HERO_0060;Cleaver;Coupe-chou;EXACT_ALIAS;1.0;coupe chou;coupe chou;CONFIRMED;HW_HERO_0060;Cleaver;0
27330;R;3;27330_Screenshot_20260309_203352_Hero_Wars__R3.png;27330_Screenshot_20260309_203352_Hero_Wars__R3.png;HW_HERO_0066;Faceless;ACCEPTED;0.994887;0.132161;Sanface;0.9999866180788283;HIGH;HW_HERO_0066;Faceless;Sanface;EXACT_ALIAS;1.0;sanface;sanface;CONFIRMED;HW_HERO_0066;Faceless;0
27330;R;4;27330_Screenshot_20260309_203352_Hero_Wars__R4.png;27330_Screenshot_20260309_203352_Hero_Wars__R4.png;HW_HERO_0065;Peppy;ACCEPTED;0.982632;0.113236;Peppy;0.9999265357248126;HIGH;HW_HERO_0065;Peppy;Peppy;EXACT_ALIAS;1.0;peppy;peppy;CONFIRMED;HW_HERO_0065;Peppy;0
27330;R;5;27330_Screenshot_20260309_203352_Hero_Wars__R5.png;27330_Screenshot_20260309_203352_Hero_Wars__R5.png;HW_HERO_0001;Aidan;ACCEPTED;0.976117;0.093272;Aidan;0.999978515230714;HIGH;HW_HERO_0001;Aidan;Aidan;EXACT_ALIAS;1.0;aidan;aidan;CONFIRMED;HW_HERO_0001;Aidan;0
27583;L;1;27583_Screenshot_20260315_193309_Hero_Wars__L1.png;27583_Screenshot_20260315_193309_Hero_Wars__L1.png;HW_HERO_0014;Folio;ACCEPTED;0.979165;0.12099;Folio S;0.8371628299342234;MEDIUM;;;Folio;NO_MATCH;0.8333333333333334;folio s;;VISUAL_ONLY;HW_HERO_0014;Folio;0
27583;L;2;27583_Screenshot_20260315_193309_Hero_Wars__L2.png;27583_Screenshot_20260315_193309_Hero_Wars__L2.png;HW_HERO_0004;Byrna;ACCEPTED;0.98358;0.129559;Byrna I a;0.7363468698615464;MEDIUM;;;Byrna;NO_MATCH;0.7142857142857143;byrna i a;;VISUAL_ONLY;HW_HERO_0004;Byrna;0
27583;L;3;27583_Screenshot_20260315_193309_Hero_Wars__L3.png;27583_Screenshot_20260315_193309_Hero_Wars__L3.png;HW_HERO_0042;Polaris;ACCEPTED;0.983929;0.088531;Polaris I A;0.542098886556875;LOW;;;Polaris;NO_MATCH;0.7777777777777778;polaris i a;;VISUAL_ONLY;HW_HERO_0042;Polaris;0
27583;L;4;27583_Screenshot_20260315_193309_Hero_Wars__L4.png;27583_Screenshot_20260315_193309_Hero_Wars__L4.png;HW_HERO_0024;Julius;ACCEPTED;0.978537;0.151039;Julius i;0.8976722839553313;HIGH;HW_HERO_0024;Julius;Julius;VISUAL_ALIAS_EDGE_NOISE;1.0;julius i;julius;CONFIRMED;HW_HERO_0024;Julius;0
27583;L;5;27583_Screenshot_20260315_193309_Hero_Wars__L5.png;27583_Screenshot_20260315_193309_Hero_Wars__L5.png;HW_HERO_0013;Fafnir;ACCEPTED;0.944758;0.102647;Fafnir;0.999982285180861;HIGH;HW_HERO_0013;Fafnir;Fafnir;EXACT_ALIAS;1.0;fafnir;fafnir;CONFIRMED;HW_HERO_0013;Fafnir;0
27583;R;1;27583_Screenshot_20260315_193309_Hero_Wars__R1.png;27583_Screenshot_20260315_193309_Hero_Wars__R1.png;HW_HERO_0004;Byrna;ACCEPTED;0.974432;0.110782;g a Byrna;0.7598714866205729;MEDIUM;;;Byrna;NO_MATCH;0.7142857142857143;g a byrna;;VISUAL_ONLY;HW_HERO_0004;Byrna;0
27583;R;2;27583_Screenshot_20260315_193309_Hero_Wars__R2.png;27583_Screenshot_20260315_193309_Hero_Wars__R2.png;HW_HERO_0051;Xe'Sha;ACCEPTED;0.974992;0.103482;s o Xe'Sha;0.791240253317504;MEDIUM;;;Xe'Sha;NO_MATCH;0.75;s o xe sha;;VISUAL_ONLY;HW_HERO_0051;Xe'Sha;0
27583;R;3;27583_Screenshot_20260315_193309_Hero_Wars__R3.png;27583_Screenshot_20260315_193309_Hero_Wars__R3.png;HW_HERO_0048;Somna;ACCEPTED;0.973493;0.116175;Ó Somna;0.8584964764550252;HIGH;HW_HERO_0048;Somna;Somna;VISUAL_ALIAS_EDGE_NOISE;1.0;o somna;somna;CONFIRMED;HW_HERO_0048;Somna;0
27583;R;4;27583_Screenshot_20260315_193309_Hero_Wars__R4.png;27583_Screenshot_20260315_193309_Hero_Wars__R4.png;HW_HERO_0007;Champi et Gnon;ACCEPTED;0.965787;0.068181;o Champi et Gnon;0.9583772482676293;HIGH;HW_HERO_0007;Champi et Gnon;Champi et Gnon;VISUAL_ALIAS_EDGE_NOISE;1.0;o champi et gnon;champi et gnon;CONFIRMED;HW_HERO_0007;Champi et Gnon;0
27583;R;5;27583_Screenshot_20260315_193309_Hero_Wars__R5.png;27583_Screenshot_20260315_193309_Hero_Wars__R5.png;HW_HERO_0001;Aidan;ACCEPTED;0.976508;0.09644;' Aidan;0.8462665109898478;MEDIUM;HW_HERO_0001;Aidan;Aidan;EXACT_ALIAS;1.0;aidan;aidan;CONFIRMED;HW_HERO_0001;Aidan;0
27592;L;1;27592_Screenshot_20260316_212018_Hero_Wars__L1.png;27592_Screenshot_20260316_212018_Hero_Wars__L1.png;HW_HERO_0026;Kayla;ACCEPTED;0.976766;0.103866;Kayla G;0.8745486002090583;HIGH;HW_HERO_0026;Kayla;Kayla;VISUAL_ALIAS_EDGE_NOISE;1.0;kayla g;kayla;CONFIRMED;HW_HERO_0026;Kayla;0
27592;L;2;27592_Screenshot_20260316_212018_Hero_Wars__L2.png;27592_Screenshot_20260316_212018_Hero_Wars__L2.png;HW_HERO_0042;Polaris;ACCEPTED;0.97975;0.097488;Polaris i;0.9280859815552313;HIGH;HW_HERO_0042;Polaris;Polaris;VISUAL_ALIAS_EDGE_NOISE;1.0;polaris i;polaris;CONFIRMED;HW_HERO_0042;Polaris;0
27592;L;3;27592_Screenshot_20260316_212018_Hero_Wars__L3.png;27592_Screenshot_20260316_212018_Hero_Wars__L3.png;HW_HERO_0024;Julius;ACCEPTED;0.973715;0.147616;Julius O;0.8580258014047084;HIGH;HW_HERO_0024;Julius;Julius;VISUAL_ALIAS_EDGE_NOISE;1.0;julius o;julius;CONFIRMED;HW_HERO_0024;Julius;0
27592;L;4;27592_Screenshot_20260316_212018_Hero_Wars__L4.png;27592_Screenshot_20260316_212018_Hero_Wars__L4.png;HW_HERO_0017;Guus;ACCEPTED;0.974102;0.129413;Guus;0.9775634260745334;HIGH;HW_HERO_0017;Guus;Guus;EXACT_ALIAS;1.0;guus;guus;CONFIRMED;HW_HERO_0017;Guus;0
27592;L;5;27592_Screenshot_20260316_212018_Hero_Wars__L5.png;27592_Screenshot_20260316_212018_Hero_Wars__L5.png;HW_HERO_0001;Aidan;ACCEPTED;0.969053;0.105043;Aidan i;0.917676153645091;HIGH;HW_HERO_0001;Aidan;Aidan;VISUAL_ALIAS_EDGE_NOISE;1.0;aidan i;aidan;CONFIRMED;HW_HERO_0001;Aidan;0
27592;R;1;27592_Screenshot_20260316_212018_Hero_Wars__R1.png;27592_Screenshot_20260316_212018_Hero_Wars__R1.png;HW_HERO_0026;Kayla;ACCEPTED;0.96111;0.082741;B Za Kayla;0.7393657207451179;MEDIUM;;;Kayla;NO_MATCH;0.6666666666666666;b za kayla;;VISUAL_ONLY;HW_HERO_0026;Kayla;0
27592;R;2;27592_Screenshot_20260316_212018_Hero_Wars__R2.png;27592_Screenshot_20260316_212018_Hero_Wars__R2.png;HW_HERO_0052;Yasmine;ACCEPTED;0.94439;0.05326;g Yasmine;0.8962469655989548;HIGH;HW_HERO_0052;Yasmine;Yasmine;VISUAL_ALIAS_EDGE_NOISE;1.0;g yasmine;yasmine;CONFIRMED;HW_HERO_0052;Yasmine;0
27592;R;3;27592_Screenshot_20260316_212018_Hero_Wars__R3.png;27592_Screenshot_20260316_212018_Hero_Wars__R3.png;HW_HERO_0037;Octavia;ACCEPTED;0.97839;0.095569;Z M Octavia;0.7876738174460551;MEDIUM;;;Octavia;NO_MATCH;0.7777777777777778;z m octavia;;VISUAL_ONLY;HW_HERO_0037;Octavia;0
27592;R;4;27592_Screenshot_20260316_212018_Hero_Wars__R4.png;27592_Screenshot_20260316_212018_Hero_Wars__R4.png;HW_HERO_0017;Guus;ACCEPTED;0.966479;0.115238;q Guus;0.8058009102502247;MEDIUM;;;Guus;NO_MATCH;0.8;q guus;;VISUAL_ONLY;HW_HERO_0017;Guus;0
27592;R;5;27592_Screenshot_20260316_212018_Hero_Wars__R5.png;27592_Screenshot_20260316_212018_Hero_Wars__R5.png;HW_HERO_0001;Aidan;ACCEPTED;0.97613;0.104652;ó Aidan;0.8621885826350337;HIGH;HW_HERO_0001;Aidan;Aidan;VISUAL_ALIAS_EDGE_NOISE;1.0;o aidan;aidan;CONFIRMED;HW_HERO_0001;Aidan;0
27594;L;1;27594_Screenshot_20260316_212040_Hero_Wars__L1.png;27594_Screenshot_20260316_212040_Hero_Wars__L1.png;HW_HERO_0018;Iris;ACCEPTED;0.961509;0.068224;Iris o i;0.6875344761774899;MEDIUM;;;Iris;NO_MATCH;0.6666666666666666;iris o i;;VISUAL_ONLY;HW_HERO_0018;Iris;0
27594;L;2;27594_Screenshot_20260316_212040_Hero_Wars__L2.png;27594_Screenshot_20260316_212040_Hero_Wars__L2.png;HW_HERO_0010;Dante;ACCEPTED;0.94246;0.049799;Dante;0.9999306003329309;HIGH;HW_HERO_0010;Dante;Dante;EXACT_ALIAS;1.0;dante;dante;CONFIRMED;HW_HERO_0010;Dante;0
27594;L;3;27594_Screenshot_20260316_212040_Hero_Wars__L3.png;27594_Screenshot_20260316_212040_Hero_Wars__L3.png;HW_HERO_0024;Julius;ACCEPTED;0.973987;0.142361;Julius;0.999997177313762;HIGH;HW_HERO_0024;Julius;Julius;EXACT_ALIAS;1.0;julius;julius;CONFIRMED;HW_HERO_0024;Julius;0
27594;L;4;27594_Screenshot_20260316_212040_Hero_Wars__L4.png;27594_Screenshot_20260316_212040_Hero_Wars__L4.png;HW_HERO_0048;Somna;ACCEPTED;0.964654;0.1135;Somna;0.9997812579784362;HIGH;HW_HERO_0048;Somna;Somna;EXACT_ALIAS;1.0;somna;somna;CONFIRMED;HW_HERO_0048;Somna;0
27594;L;5;27594_Screenshot_20260316_212040_Hero_Wars__L5.png;27594_Screenshot_20260316_212040_Hero_Wars__L5.png;HW_HERO_0037;Octavia;ACCEPTED;0.974997;0.098043;Octavia;0.9397450575905226;HIGH;HW_HERO_0037;Octavia;Octavia;EXACT_ALIAS;1.0;octavia;octavia;CONFIRMED;HW_HERO_0037;Octavia;0
27594;R;1;27594_Screenshot_20260316_212040_Hero_Wars__R1.png;27594_Screenshot_20260316_212040_Hero_Wars__R1.png;HW_HERO_0026;Kayla;ACCEPTED;0.963173;0.091543;n Kayla;0.8374844102152791;MEDIUM;;;Kayla;NO_MATCH;0.8333333333333334;n kayla;;VISUAL_ONLY;HW_HERO_0026;Kayla;0
27594;R;2;27594_Screenshot_20260316_212040_Hero_Wars__R2.png;27594_Screenshot_20260316_212040_Hero_Wars__R2.png;HW_HERO_0049;Tempus;ACCEPTED;0.971872;0.123806;Tempus;0.9998111680768588;HIGH;HW_HERO_0049;Tempus;Tempus;EXACT_ALIAS;1.0;tempus;tempus;CONFIRMED;HW_HERO_0049;Tempus;0
27594;R;3;27594_Screenshot_20260316_212040_Hero_Wars__R3.png;27594_Screenshot_20260316_212040_Hero_Wars__R3.png;HW_HERO_0017;Guus;ACCEPTED;0.964023;0.122523;Guus;0.9994439907477284;HIGH;HW_HERO_0017;Guus;Guus;EXACT_ALIAS;1.0;guus;guus;CONFIRMED;HW_HERO_0017;Guus;0
27594;R;4;27594_Screenshot_20260316_212040_Hero_Wars__R4.png;27594_Screenshot_20260316_212040_Hero_Wars__R4.png;HW_HERO_0001;Aidan;ACCEPTED;0.972722;0.103528;' Aidan;0.8492704214878498;MEDIUM;HW_HERO_0001;Aidan;Aidan;EXACT_ALIAS;1.0;aidan;aidan;CONFIRMED;HW_HERO_0001;Aidan;0
27594;R;5;27594_Screenshot_20260316_212040_Hero_Wars__R5.png;27594_Screenshot_20260316_212040_Hero_Wars__R5.png;HW_HERO_0007;Champi et Gnon;ACCEPTED;0.95315;0.071427;Champi et Gnon;0.9859688888365447;HIGH;HW_HERO_0007;Champi et Gnon;Champi et Gnon;EXACT_ALIAS;1.0;champi et gnon;champi et gnon;CONFIRMED;HW_HERO_0007;Champi et Gnon;0
27697;L;1;27697_IMG_0852__L1.png;27697_IMG_0852__L1.png;HW_HERO_0054;Amira;ACCEPTED;0.983894;0.104353;Amira;0.9999780887335017;HIGH;HW_HERO_0054;Amira;Amira;EXACT_ALIAS;1.0;amira;amira;CONFIRMED;HW_HERO_0054;Amira;0
27697;L;2;27697_IMG_0852__L2.png;27697_IMG_0852__L2.png;HW_HERO_0056;Isaac;ACCEPTED;0.992531;0.162187;Isaac;0.999810793545904;HIGH;HW_HERO_0056;Isaac;Isaac;EXACT_ALIAS;1.0;isaac;isaac;CONFIRMED;HW_HERO_0056;Isaac;0
27697;L;3;27697_IMG_0852__L3.png;27697_IMG_0852__L3.png;HW_HERO_0046;Sébastien;ACCEPTED;0.973466;0.10305;Sebastian;0.9997098235376204;HIGH;HW_HERO_0046;Sébastien;Sebastian;EXACT_ALIAS;1.0;sebastian;sebastian;CONFIRMED;HW_HERO_0046;Sébastien;0
27697;L;4;27697_IMG_0852__L4.png;27697_IMG_0852__L4.png;HW_HERO_0024;Julius;ACCEPTED;0.964574;0.123015;Julius;0.9999976153169164;HIGH;HW_HERO_0024;Julius;Julius;EXACT_ALIAS;1.0;julius;julius;CONFIRMED;HW_HERO_0024;Julius;0
27697;L;5;27697_IMG_0852__L5.png;27697_IMG_0852__L5.png;HW_HERO_0023;Juge;ACCEPTED;0.986896;0.144091;Judge;0.9999982407033224;HIGH;HW_HERO_0023;Juge;Judge;EXACT_ALIAS;1.0;judge;judge;CONFIRMED;HW_HERO_0023;Juge;0
27697;R;1;27697_IMG_0852__R1.png;27697_IMG_0852__R1.png;HW_HERO_0030;Lian;ACCEPTED;0.965886;0.06506;Lian;0.9978911280632019;HIGH;HW_HERO_0030;Lian;Lian;EXACT_ALIAS;1.0;lian;lian;CONFIRMED;HW_HERO_0030;Lian;0
27697;R;2;27697_IMG_0852__R2.png;27697_IMG_0852__R2.png;HW_HERO_0054;Amira;ACCEPTED;0.984632;0.115512;Amira;0.99997153133616;HIGH;HW_HERO_0054;Amira;Amira;EXACT_ALIAS;1.0;amira;amira;CONFIRMED;HW_HERO_0054;Amira;0
27697;R;3;27697_IMG_0852__R3.png;27697_IMG_0852__R3.png;HW_HERO_0045;Satori;ACCEPTED;0.975206;0.069192;Satori;0.999981311837106;HIGH;HW_HERO_0045;Satori;Satori;EXACT_ALIAS;1.0;satori;satori;CONFIRMED;HW_HERO_0045;Satori;0
27697;R;4;27697_IMG_0852__R4.png;27697_IMG_0852__R4.png;HW_HERO_0048;Somna;ACCEPTED;0.944464;0.087012;Somna;0.9999150735344389;HIGH;HW_HERO_0048;Somna;Somna;EXACT_ALIAS;1.0;somna;somna;CONFIRMED;HW_HERO_0048;Somna;0
27697;R;5;27697_IMG_0852__R5.png;27697_IMG_0852__R5.png;HW_HERO_0003;Astaroth;ACCEPTED;0.952015;0.169923;Astaroth;0.9999721407723903;HIGH;HW_HERO_0003;Astaroth;Astaroth;EXACT_ALIAS;1.0;astaroth;astaroth;CONFIRMED;HW_HERO_0003;Astaroth;0
27789;L;1;27789_Screenshot_2026-03-19-20-52-15-251_com.nexters.herowars__L1.png;27789_Screenshot_2026-03-19-20-52-15-251_com.nexters.herowars__L1.png;HW_HERO_0045;Satori;ACCEPTED;0.960388;0.062137;Satori;0.9999858378837599;HIGH;HW_HERO_0045;Satori;Satori;EXACT_ALIAS;1.0;satori;satori;CONFIRMED;HW_HERO_0045;Satori;0
27789;L;2;27789_Screenshot_2026-03-19-20-52-15-251_com.nexters.herowars__L2.png;27789_Screenshot_2026-03-19-20-52-15-251_com.nexters.herowars__L2.png;HW_HERO_0004;Byrna;ACCEPTED;0.978736;0.1166;Byrna;0.9999740903210924;HIGH;HW_HERO_0004;Byrna;Byrna;EXACT_ALIAS;1.0;byrna;byrna;CONFIRMED;HW_HERO_0004;Byrna;0
27789;L;3;27789_Screenshot_2026-03-19-20-52-15-251_com.nexters.herowars__L3.png;27789_Screenshot_2026-03-19-20-52-15-251_com.nexters.herowars__L3.png;HW_HERO_0048;Somna;ACCEPTED;0.963392;0.104935;Somna;0.9999204581002203;HIGH;HW_HERO_0048;Somna;Somna;EXACT_ALIAS;1.0;somna;somna;CONFIRMED;HW_HERO_0048;Somna;0
27789;L;4;27789_Screenshot_2026-03-19-20-52-15-251_com.nexters.herowars__L4.png;27789_Screenshot_2026-03-19-20-52-15-251_com.nexters.herowars__L4.png;HW_HERO_0001;Aidan;ACCEPTED;0.983131;0.102837;Aidan;0.9999719045215107;HIGH;HW_HERO_0001;Aidan;Aidan;EXACT_ALIAS;1.0;aidan;aidan;CONFIRMED;HW_HERO_0001;Aidan;0
27789;L;5;27789_Screenshot_2026-03-19-20-52-15-251_com.nexters.herowars__L5.png;27789_Screenshot_2026-03-19-20-52-15-251_com.nexters.herowars__L5.png;HW_HERO_0003;Astaroth;ACCEPTED;0.927465;0.142288;Astaroth;0.999980528077462;HIGH;HW_HERO_0003;Astaroth;Astaroth;EXACT_ALIAS;1.0;astaroth;astaroth;CONFIRMED;HW_HERO_0003;Astaroth;0
27789;R;1;27789_Screenshot_2026-03-19-20-52-15-251_com.nexters.herowars__R1.png;27789_Screenshot_2026-03-19-20-52-15-251_com.nexters.herowars__R1.png;HW_HERO_0026;Kayla;ACCEPTED;0.964864;0.091942;Kayla;0.9268096267917361;HIGH;HW_HERO_0026;Kayla;Kayla;EXACT_ALIAS;1.0;kayla;kayla;CONFIRMED;HW_HERO_0026;Kayla;0
27789;R;2;27789_Screenshot_2026-03-19-20-52-15-251_com.nexters.herowars__R2.png;27789_Screenshot_2026-03-19-20-52-15-251_com.nexters.herowars__R2.png;HW_HERO_0004;Byrna;ACCEPTED;0.980297;0.123051;Byrna;0.9999897107748575;HIGH;HW_HERO_0004;Byrna;Byrna;EXACT_ALIAS;1.0;byrna;byrna;CONFIRMED;HW_HERO_0004;Byrna;0
27789;R;3;27789_Screenshot_2026-03-19-20-52-15-251_com.nexters.herowars__R3.png;27789_Screenshot_2026-03-19-20-52-15-251_com.nexters.herowars__R3.png;HW_HERO_0052;Yasmine;ACCEPTED;0.974377;0.088082;Yasmine;0.9999936920308939;HIGH;HW_HERO_0052;Yasmine;Yasmine;EXACT_ALIAS;1.0;yasmine;yasmine;CONFIRMED;HW_HERO_0052;Yasmine;0
27789;R;4;27789_Screenshot_2026-03-19-20-52-15-251_com.nexters.herowars__R4.png;27789_Screenshot_2026-03-19-20-52-15-251_com.nexters.herowars__R4.png;HW_HERO_0017;Guus;ACCEPTED;0.971039;0.133072;Guus;0.9999197125434875;HIGH;HW_HERO_0017;Guus;Guus;EXACT_ALIAS;1.0;guus;guus;CONFIRMED;HW_HERO_0017;Guus;0
27789;R;5;27789_Screenshot_2026-03-19-20-52-15-251_com.nexters.herowars__R5.png;27789_Screenshot_2026-03-19-20-52-15-251_com.nexters.herowars__R5.png;HW_HERO_0001;Aidan;ACCEPTED;0.979748;0.090131;Aidan;0.9999602291434627;HIGH;HW_HERO_0001;Aidan;Aidan;EXACT_ALIAS;1.0;aidan;aidan;CONFIRMED;HW_HERO_0001;Aidan;0
28132;L;1;28132_IMG_0995__L1.png;28132_IMG_0995__L1.png;HW_HERO_0018;Iris;ACCEPTED;0.971312;0.069367;Iris;0.8779777220556328;HIGH;HW_HERO_0018;Iris;Iris;EXACT_ALIAS;1.0;iris;iris;CONFIRMED;HW_HERO_0018;Iris;0
28132;L;2;28132_IMG_0995__L2.png;28132_IMG_0995__L2.png;HW_HERO_0010;Dante;ACCEPTED;0.962156;0.088478;Dante;0.9999711048385962;HIGH;HW_HERO_0010;Dante;Dante;EXACT_ALIAS;1.0;dante;dante;CONFIRMED;HW_HERO_0010;Dante;0
28132;L;3;28132_IMG_0995__L3.png;28132_IMG_0995__L3.png;HW_HERO_0014;Folio;ACCEPTED;0.964984;0.129654;Folio;0.999987844851861;HIGH;HW_HERO_0014;Folio;Folio;EXACT_ALIAS;1.0;folio;folio;CONFIRMED;HW_HERO_0014;Folio;0
28132;L;4;28132_IMG_0995__L4.png;28132_IMG_0995__L4.png;HW_HERO_0048;Somna;ACCEPTED;0.952931;0.103098;Somna;0.9998837790101179;HIGH;HW_HERO_0048;Somna;Somna;EXACT_ALIAS;1.0;somna;somna;CONFIRMED;HW_HERO_0048;Somna;0
28132;L;5;28132_IMG_0995__L5.png;28132_IMG_0995__L5.png;HW_HERO_0062;Luther;ACCEPTED;0.978313;0.112963;Luther;0.9975232798674032;HIGH;HW_HERO_0062;Luther;Luther;EXACT_ALIAS;1.0;luther;luther;CONFIRMED;HW_HERO_0062;Luther;0
28132;R;1;28132_IMG_0995__R1.png;28132_IMG_0995__R1.png;HW_HERO_0021;Jhu;ACCEPTED;0.947025;0.079954;Jhu;0.9999844454497242;HIGH;HW_HERO_0021;Jhu;Jhu;EXACT_ALIAS;1.0;jhu;jhu;CONFIRMED;HW_HERO_0021;Jhu;0
28132;R;2;28132_IMG_0995__R2.png;28132_IMG_0995__R2.png;HW_HERO_0052;Yasmine;ACCEPTED;0.967818;0.08332;Yasmine;0.9999906281555496;HIGH;HW_HERO_0052;Yasmine;Yasmine;EXACT_ALIAS;1.0;yasmine;yasmine;CONFIRMED;HW_HERO_0052;Yasmine;0
28132;R;3;28132_IMG_0995__R3.png;28132_IMG_0995__R3.png;HW_HERO_0005;Cascade;ACCEPTED;0.958629;0.084176;Cascade;0.9999789133101068;HIGH;HW_HERO_0005;Cascade;Cascade;EXACT_ALIAS;1.0;cascade;cascade;CONFIRMED;HW_HERO_0005;Cascade;0
28132;R;4;28132_IMG_0995__R4.png;28132_IMG_0995__R4.png;HW_HERO_0060;Cleaver;ACCEPTED;0.979721;0.137337;Cleaver;0.9993698605296142;HIGH;HW_HERO_0060;Cleaver;Cleaver;EXACT_ALIAS;1.0;cleaver;cleaver;CONFIRMED;HW_HERO_0060;Cleaver;0
28132;R;5;28132_IMG_0995__R5.png;28132_IMG_0995__R5.png;HW_HERO_0040;Peech;ACCEPTED;0.969564;0.092408;Peech;0.9999932293713899;HIGH;HW_HERO_0040;Peech;Peech;EXACT_ALIAS;1.0;peech;peech;CONFIRMED;HW_HERO_0040;Peech;0
2819;L;1;2819_Screenshot_20250709-175304__L1.png;2819_Screenshot_20250709-175304__L1.png;HW_HERO_0021;Jhu;ACCEPTED;0.973868;0.117252;Jhu I;0.7862042458614739;MEDIUM;;;Jhu;NO_MATCH;0.75;jhu i;;VISUAL_ONLY;HW_HERO_0021;Jhu;0
2819;L;2;2819_Screenshot_20250709-175304__L2.png;2819_Screenshot_20250709-175304__L2.png;HW_HERO_0014;Folio;ACCEPTED;0.974433;0.150531;Folio;0.9999586297753538;HIGH;HW_HERO_0014;Folio;Folio;EXACT_ALIAS;1.0;folio;folio;CONFIRMED;HW_HERO_0014;Folio;0
2819;L;3;2819_Screenshot_20250709-175304__L3.png;2819_Screenshot_20250709-175304__L3.png;HW_HERO_0033;Maya;ACCEPTED;0.977035;0.131248;Maya;0.9998676180839539;HIGH;HW_HERO_0033;Maya;Maya;EXACT_ALIAS;1.0;maya;maya;CONFIRMED;HW_HERO_0033;Maya;0
2819;L;4;2819_Screenshot_20250709-175304__L4.png;2819_Screenshot_20250709-175304__L4.png;HW_HERO_0015;Galaad;ACCEPTED;0.974006;0.09656;Galaad;0.9999902665916206;HIGH;HW_HERO_0015;Galaad;Galaad;EXACT_ALIAS;1.0;galaad;galaad;CONFIRMED;HW_HERO_0015;Galaad;0
2819;L;5;2819_Screenshot_20250709-175304__L5.png;2819_Screenshot_20250709-175304__L5.png;HW_HERO_0036;Nébula;ACCEPTED;0.969343;0.094598;Nébula;0.9999169246747902;HIGH;HW_HERO_0036;Nébula;Nébula;EXACT_ALIAS;1.0;nebula;nebula;CONFIRMED;HW_HERO_0036;Nébula;0
2819;R;1;2819_Screenshot_20250709-175304__R1.png;2819_Screenshot_20250709-175304__R1.png;HW_HERO_0015;Galaad;ACCEPTED;0.966829;0.088655;Z à Galaad;0.7783947990148329;MEDIUM;;;Galaad;NO_MATCH;0.75;z a galaad;;VISUAL_ONLY;HW_HERO_0015;Galaad;0
2819;R;2;2819_Screenshot_20250709-175304__R2.png;2819_Screenshot_20250709-175304__R2.png;HW_HERO_0043;Qing Mao;ACCEPTED;0.976257;0.067713;E Qing Mao;0.903613345240747;HIGH;HW_HERO_0043;Qing Mao;Qing Mao;VISUAL_ALIAS_EDGE_NOISE;1.0;e qing mao;qing mao;CONFIRMED;HW_HERO_0043;Qing Mao;0
2819;R;3;2819_Screenshot_20250709-175304__R3.png;2819_Screenshot_20250709-175304__R3.png;HW_HERO_0033;Maya;ACCEPTED;0.974545;0.133102;o Maya;0.8158069840201465;MEDIUM;;;Maya;NO_MATCH;0.8;o maya;;VISUAL_ONLY;HW_HERO_0033;Maya;0
2819;R;4;2819_Screenshot_20250709-175304__R4.png;2819_Screenshot_20250709-175304__R4.png;HW_HERO_0050;Tristan;UNKNOWN;0.718092;0.007638;Chabba;0.997525373714041;HIGH;;;Cascade;NO_MATCH;0.46153846153846156;chabba;;UNRESOLVED_OCR_TEXT;;;1
2819;R;5;2819_Screenshot_20250709-175304__R5.png;2819_Screenshot_20250709-175304__R5.png;HW_HERO_0053;Ziri;UNKNOWN;0.463923;0.012143;;0.0;NO_DETECTION;;;;EMPTY;0.0;;;MANUAL_REVIEW;;;1
28253;L;1;28253_Screenshot_20260319_205656_Hero_Wars__L1.png;28253_Screenshot_20260319_205656_Hero_Wars__L1.png;HW_HERO_0018;Iris;ACCEPTED;0.971535;0.087231;Iris;0.9992602467536926;HIGH;HW_HERO_0018;Iris;Iris;EXACT_ALIAS;1.0;iris;iris;CONFIRMED;HW_HERO_0018;Iris;0
28253;L;2;28253_Screenshot_20260319_205656_Hero_Wars__L2.png;28253_Screenshot_20260319_205656_Hero_Wars__L2.png;HW_HERO_0042;Polaris;ACCEPTED;0.962973;0.076145;Polaris;0.9999905830985367;HIGH;HW_HERO_0042;Polaris;Polaris;EXACT_ALIAS;1.0;polaris;polaris;CONFIRMED;HW_HERO_0042;Polaris;0
28253;L;3;28253_Screenshot_20260319_205656_Hero_Wars__L3.png;28253_Screenshot_20260319_205656_Hero_Wars__L3.png;HW_HERO_0023;Juge;ACCEPTED;0.967145;0.127014;Juge;0.9999980330467224;HIGH;HW_HERO_0023;Juge;Juge;EXACT_ALIAS;1.0;juge;juge;CONFIRMED;HW_HERO_0023;Juge;0
28253;L;4;28253_Screenshot_20260319_205656_Hero_Wars__L4.png;28253_Screenshot_20260319_205656_Hero_Wars__L4.png;HW_HERO_0024;Julius;ACCEPTED;0.962042;0.119485;Julius;0.9999980533200276;HIGH;HW_HERO_0024;Julius;Julius;EXACT_ALIAS;1.0;julius;julius;CONFIRMED;HW_HERO_0024;Julius;0
28253;L;5;28253_Screenshot_20260319_205656_Hero_Wars__L5.png;28253_Screenshot_20260319_205656_Hero_Wars__L5.png;HW_HERO_0036;Nébula;ACCEPTED;0.968283;0.094223;Nébula;0.9998881131862628;HIGH;HW_HERO_0036;Nébula;Nébula;EXACT_ALIAS;1.0;nebula;nebula;CONFIRMED;HW_HERO_0036;Nébula;0
28253;R;1;28253_Screenshot_20260319_205656_Hero_Wars__R1.png;28253_Screenshot_20260319_205656_Hero_Wars__R1.png;HW_HERO_0006;Céleste;ACCEPTED;0.955239;0.046778;Céleste;0.9137746159382383;HIGH;HW_HERO_0006;Céleste;Céleste;EXACT_ALIAS;1.0;celeste;celeste;CONFIRMED;HW_HERO_0006;Céleste;0
28253;R;2;28253_Screenshot_20260319_205656_Hero_Wars__R2.png;28253_Screenshot_20260319_205656_Hero_Wars__R2.png;HW_HERO_0005;Cascade;ACCEPTED;0.930372;0.048704;Cascade;0.9999709832357339;HIGH;HW_HERO_0005;Cascade;Cascade;EXACT_ALIAS;1.0;cascade;cascade;CONFIRMED;HW_HERO_0005;Cascade;0
28253;R;3;28253_Screenshot_20260319_205656_Hero_Wars__R3.png;28253_Screenshot_20260319_205656_Hero_Wars__R3.png;HW_HERO_0003;Astaroth;ACCEPTED;0.911576;0.111147;Astaroth;0.9999723093617239;HIGH;HW_HERO_0003;Astaroth;Astaroth;EXACT_ALIAS;1.0;astaroth;astaroth;CONFIRMED;HW_HERO_0003;Astaroth;0
28253;R;4;28253_Screenshot_20260319_205656_Hero_Wars__R4.png;28253_Screenshot_20260319_205656_Hero_Wars__R4.png;HW_HERO_0036;Nébula;ACCEPTED;0.953406;0.086746;Nébula;0.9998935153545738;HIGH;HW_HERO_0036;Nébula;Nébula;EXACT_ALIAS;1.0;nebula;nebula;CONFIRMED;HW_HERO_0036;Nébula;0
28253;R;5;28253_Screenshot_20260319_205656_Hero_Wars__R5.png;28253_Screenshot_20260319_205656_Hero_Wars__R5.png;HW_HERO_0051;Xe'Sha;ACCEPTED;0.967423;0.075715;Xe'Sha;0.9923842538388619;HIGH;HW_HERO_0051;Xe'Sha;Xe'Sha;EXACT_ALIAS;1.0;xe sha;xe sha;CONFIRMED;HW_HERO_0051;Xe'Sha;0
28341;L;1;28341_Screenshot_20260323_232717_Hero_Wars__L1.png;28341_Screenshot_20260323_232717_Hero_Wars__L1.png;HW_HERO_0070;Heidi;ACCEPTED;0.966761;0.111876;Heidi;0.9999919498819109;HIGH;HW_HERO_0070;Heidi;Heidi;EXACT_ALIAS;1.0;heidi;heidi;CONFIRMED;HW_HERO_0070;Heidi;0
28341;L;2;28341_Screenshot_20260323_232717_Hero_Wars__L2.png;28341_Screenshot_20260323_232717_Hero_Wars__L2.png;HW_HERO_0037;Octavia;ACCEPTED;0.982638;0.093796;Octavia;0.9528228893632689;HIGH;HW_HERO_0037;Octavia;Octavia;EXACT_ALIAS;1.0;octavia;octavia;CONFIRMED;HW_HERO_0037;Octavia;0
28341;L;3;28341_Screenshot_20260323_232717_Hero_Wars__L3.png;28341_Screenshot_20260323_232717_Hero_Wars__L3.png;HW_HERO_0010;Dante;ACCEPTED;0.946687;0.05633;Dante;0.9999766493052518;HIGH;HW_HERO_0010;Dante;Dante;EXACT_ALIAS;1.0;dante;dante;CONFIRMED;HW_HERO_0010;Dante;0
28341;L;4;28341_Screenshot_20260323_232717_Hero_Wars__L4.png;28341_Screenshot_20260323_232717_Hero_Wars__L4.png;HW_HERO_0033;Maya;REVIEW;0.89594;0.03088;Maya;0.9999293684959412;HIGH;HW_HERO_0033;Maya;Maya;EXACT_ALIAS;1.0;maya;maya;RESCUED_BY_OCR;HW_HERO_0033;Maya;0
28341;L;5;28341_Screenshot_20260323_232717_Hero_Wars__L5.png;28341_Screenshot_20260323_232717_Hero_Wars__L5.png;HW_HERO_0011;Dorian;ACCEPTED;0.930515;0.050607;Dorian;0.9999477800147253;HIGH;HW_HERO_0011;Dorian;Dorian;EXACT_ALIAS;1.0;dorian;dorian;CONFIRMED;HW_HERO_0011;Dorian;0
28341;R;1;28341_Screenshot_20260323_232717_Hero_Wars__R1.png;28341_Screenshot_20260323_232717_Hero_Wars__R1.png;HW_HERO_0008;Corvus;ACCEPTED;0.937592;0.081702;Corvus;0.9993485442158642;HIGH;HW_HERO_0008;Corvus;Corvus;EXACT_ALIAS;1.0;corvus;corvus;CONFIRMED;HW_HERO_0008;Corvus;0
28341;R;2;28341_Screenshot_20260323_232717_Hero_Wars__R2.png;28341_Screenshot_20260323_232717_Hero_Wars__R2.png;HW_HERO_0018;Iris;ACCEPTED;0.986263;0.08093;Iris;0.998889148235321;HIGH;HW_HERO_0018;Iris;Iris;EXACT_ALIAS;1.0;iris;iris;CONFIRMED;HW_HERO_0018;Iris;0
28341;R;3;28341_Screenshot_20260323_232717_Hero_Wars__R3.png;28341_Screenshot_20260323_232717_Hero_Wars__R3.png;HW_HERO_0037;Octavia;ACCEPTED;0.982501;0.091076;Octavia;0.9998028698923768;HIGH;HW_HERO_0037;Octavia;Octavia;EXACT_ALIAS;1.0;octavia;octavia;CONFIRMED;HW_HERO_0037;Octavia;0
28341;R;4;28341_Screenshot_20260323_232717_Hero_Wars__R4.png;28341_Screenshot_20260323_232717_Hero_Wars__R4.png;HW_HERO_0055;Morrigan;ACCEPTED;0.983981;0.098322;Morrigan;0.9999931300539181;HIGH;HW_HERO_0055;Morrigan;Morrigan;EXACT_ALIAS;1.0;morrigan;morrigan;CONFIRMED;HW_HERO_0055;Morrigan;0
28341;R;5;28341_Screenshot_20260323_232717_Hero_Wars__R5.png;28341_Screenshot_20260323_232717_Hero_Wars__R5.png;HW_HERO_0010;Dante;ACCEPTED;0.941264;0.032336;Dante;0.9999797947222222;HIGH;HW_HERO_0010;Dante;Dante;EXACT_ALIAS;1.0;dante;dante;CONFIRMED;HW_HERO_0010;Dante;0
28354;L;1;28354_IMG_4156__L1.png;28354_IMG_4156__L1.png;HW_HERO_0007;Champi et Gnon;ACCEPTED;0.986093;0.085921;Mushy and Shroom;0.8113645327673403;MEDIUM;HW_HERO_0007;Champi et Gnon;Mushy and Shroom;EXACT_ALIAS;1.0;mushy and shroom;mushy and shroom;CONFIRMED;HW_HERO_0007;Champi et Gnon;0
28354;L;2;28354_IMG_4156__L2.png;28354_IMG_4156__L2.png;HW_HERO_0051;Xe'Sha;ACCEPTED;0.961045;0.070981;Xe'Sha;0.8752312009270306;HIGH;HW_HERO_0051;Xe'Sha;Xe'Sha;EXACT_ALIAS;1.0;xe sha;xe sha;CONFIRMED;HW_HERO_0051;Xe'Sha;0
28354;L;3;28354_IMG_4156__L3.png;28354_IMG_4156__L3.png;HW_HERO_0004;Byrna;ACCEPTED;0.975632;0.113497;Byrna;0.9999713180873806;HIGH;HW_HERO_0004;Byrna;Byrna;EXACT_ALIAS;1.0;byrna;byrna;CONFIRMED;HW_HERO_0004;Byrna;0
28354;L;4;28354_IMG_4156__L4.png;28354_IMG_4156__L4.png;HW_HERO_0048;Somna;ACCEPTED;0.931933;0.086011;Somna;0.9999248830378551;HIGH;HW_HERO_0048;Somna;Somna;EXACT_ALIAS;1.0;somna;somna;CONFIRMED;HW_HERO_0048;Somna;0
28354;L;5;28354_IMG_4156__L5.png;28354_IMG_4156__L5.png;HW_HERO_0001;Aidan;ACCEPTED;0.971228;0.090556;Aidan;0.9999730240774645;HIGH;HW_HERO_0001;Aidan;Aidan;EXACT_ALIAS;1.0;aidan;aidan;CONFIRMED;HW_HERO_0001;Aidan;0
28354;R;1;28354_IMG_4156__R1.png;28354_IMG_4156__R1.png;HW_HERO_0026;Kayla;ACCEPTED;0.96494;0.088878;o Kayla;0.8461098085803407;MEDIUM;;;Kayla;NO_MATCH;0.8333333333333334;o kayla;;VISUAL_ONLY;HW_HERO_0026;Kayla;0
28354;R;2;28354_IMG_4156__R2.png;28354_IMG_4156__R2.png;HW_HERO_0024;Julius;ACCEPTED;0.972515;0.142141;Julius;0.9999981506540464;HIGH;HW_HERO_0024;Julius;Julius;EXACT_ALIAS;1.0;julius;julius;CONFIRMED;HW_HERO_0024;Julius;0
28354;R;3;28354_IMG_4156__R3.png;28354_IMG_4156__R3.png;HW_HERO_0049;Tempus;ACCEPTED;0.963533;0.104377;Tempus;0.9998737073720309;HIGH;HW_HERO_0049;Tempus;Tempus;EXACT_ALIAS;1.0;tempus;tempus;CONFIRMED;HW_HERO_0049;Tempus;0
28354;R;4;28354_IMG_4156__R4.png;28354_IMG_4156__R4.png;HW_HERO_0017;Guus;ACCEPTED;0.970956;0.132593;Guus;0.9998454451560974;HIGH;HW_HERO_0017;Guus;Guus;EXACT_ALIAS;1.0;guus;guus;CONFIRMED;HW_HERO_0017;Guus;0
28354;R;5;28354_IMG_4156__R5.png;28354_IMG_4156__R5.png;HW_HERO_0001;Aidan;ACCEPTED;0.967124;0.080552;Aidan;0.9999772357390129;HIGH;HW_HERO_0001;Aidan;Aidan;EXACT_ALIAS;1.0;aidan;aidan;CONFIRMED;HW_HERO_0001;Aidan;0
28468;L;1;28468_Screenshot_20260331_142943_Hero_Wars__L1.png;28468_Screenshot_20260331_142943_Hero_Wars__L1.png;HW_HERO_0018;Iris;ACCEPTED;0.976722;0.088857;Iris Izz G;0.5944209615462797;LOW;;;Iris;NO_MATCH;0.5714285714285714;iris izz g;;VISUAL_ONLY;HW_HERO_0018;Iris;0
28468;L;2;28468_Screenshot_20260331_142943_Hero_Wars__L2.png;28468_Screenshot_20260331_142943_Hero_Wars__L2.png;HW_HERO_0026;Kayla;ACCEPTED;0.963427;0.101751;Kayla Ibs;0.6729945707293187;MEDIUM;;;Kayla;NO_MATCH;0.7142857142857143;kayla ibs;;VISUAL_ONLY;HW_HERO_0026;Kayla;0
28468;L;3;28468_Screenshot_20260331_142943_Hero_Wars__L3.png;28468_Screenshot_20260331_142943_Hero_Wars__L3.png;HW_HERO_0012;Electra von Grave;ACCEPTED;0.962274;0.086633;Electra von Grave I;0.9634504089577417;HIGH;HW_HERO_0012;Electra von Grave;Electra von Grave;FUZZY_ALIAS;0.9444444444444444;electra von grave i;electra von grave i;CONFIRMED;HW_HERO_0012;Electra von Grave;0
28468;L;4;28468_Screenshot_20260331_142943_Hero_Wars__L4.png;28468_Screenshot_20260331_142943_Hero_Wars__L4.png;HW_HERO_0047;Soleil;ACCEPTED;0.947272;0.082729;Soleil Isi;0.7170559407146464;MEDIUM;;;Soleil;NO_MATCH;0.75;soleil isi;;VISUAL_ONLY;HW_HERO_0047;Soleil;0
28468;L;5;28468_Screenshot_20260331_142943_Hero_Wars__L5.png;28468_Screenshot_20260331_142943_Hero_Wars__L5.png;HW_HERO_0062;Luther;ACCEPTED;0.974847;0.126517;Luther Iós;0.7141316049680091;MEDIUM;;;Luther;NO_MATCH;0.75;luther ios;;VISUAL_ONLY;HW_HERO_0062;Luther;0
28468;R;1;28468_Screenshot_20260331_142943_Hero_Wars__R1.png;28468_Screenshot_20260331_142943_Hero_Wars__R1.png;HW_HERO_0026;Kayla;ACCEPTED;0.979485;0.090352;Zzs e Kayla;0.6102414138118887;MEDIUM;;;Kayla;NO_MATCH;0.625;zzs e kayla;;VISUAL_ONLY;HW_HERO_0026;Kayla;0
28468;R;2;28468_Screenshot_20260331_142943_Hero_Wars__R2.png;28468_Screenshot_20260331_142943_Hero_Wars__R2.png;HW_HERO_0014;Folio;ACCEPTED;0.968669;0.105886;gÓs Folio;0.6557285251914692;MEDIUM;;;Folio;NO_MATCH;0.7142857142857143;gos folio;;VISUAL_ONLY;HW_HERO_0014;Folio;0
28468;R;3;28468_Screenshot_20260331_142943_Hero_Wars__R3.png;28468_Screenshot_20260331_142943_Hero_Wars__R3.png;HW_HERO_0042;Polaris;ACCEPTED;0.97825;0.106207;ëis Polaris;0.7201292538268488;MEDIUM;;;Polaris;NO_MATCH;0.7777777777777778;eis polaris;;VISUAL_ONLY;HW_HERO_0042;Polaris;0
28468;R;4;28468_Screenshot_20260331_142943_Hero_Wars__R4.png;28468_Screenshot_20260331_142943_Hero_Wars__R4.png;HW_HERO_0024;Julius;ACCEPTED;0.974266;0.149416;Zó S Julius;0.6902907853024378;MEDIUM;;;Julius;NO_MATCH;0.7058823529411765;zo s julius;;VISUAL_ONLY;HW_HERO_0024;Julius;0
28468;R;5;28468_Screenshot_20260331_142943_Hero_Wars__R5.png;28468_Screenshot_20260331_142943_Hero_Wars__R5.png;HW_HERO_0001;Aidan;ACCEPTED;0.97612;0.088504;Bgg Aidan;0.7239899888765062;MEDIUM;;;Aidan;NO_MATCH;0.7142857142857143;bgg aidan;;VISUAL_ONLY;HW_HERO_0001;Aidan;0
28557;L;1;28557_Screenshot_20260330_013120_Hero_Wars__L1.png;28557_Screenshot_20260330_013120_Hero_Wars__L1.png;HW_HERO_0018;Iris;ACCEPTED;0.975759;0.065519;Iris;0.9996938705444336;HIGH;HW_HERO_0018;Iris;Iris;EXACT_ALIAS;1.0;iris;iris;CONFIRMED;HW_HERO_0018;Iris;0
28557;L;2;28557_Screenshot_20260330_013120_Hero_Wars__L2.png;28557_Screenshot_20260330_013120_Hero_Wars__L2.png;HW_HERO_0005;Cascade;ACCEPTED;0.928473;0.047015;Cascade;0.9999041174830238;HIGH;HW_HERO_0005;Cascade;Cascade;EXACT_ALIAS;1.0;cascade;cascade;CONFIRMED;HW_HERO_0005;Cascade;0
28557;L;3;28557_Screenshot_20260330_013120_Hero_Wars__L3.png;28557_Screenshot_20260330_013120_Hero_Wars__L3.png;HW_HERO_0010;Dante;ACCEPTED;0.950795;0.050099;Dante I ù;0.7474797032148836;MEDIUM;;;Dante;NO_MATCH;0.7142857142857143;dante i u;;VISUAL_ONLY;HW_HERO_0010;Dante;0
28557;L;4;28557_Screenshot_20260330_013120_Hero_Wars__L4.png;28557_Screenshot_20260330_013120_Hero_Wars__L4.png;HW_HERO_0037;Octavia;ACCEPTED;0.972935;0.08022;Octavia;0.9998037260274035;HIGH;HW_HERO_0037;Octavia;Octavia;EXACT_ALIAS;1.0;octavia;octavia;CONFIRMED;HW_HERO_0037;Octavia;0
28557;L;5;28557_Screenshot_20260330_013120_Hero_Wars__L5.png;28557_Screenshot_20260330_013120_Hero_Wars__L5.png;HW_HERO_0036;Nébula;ACCEPTED;0.963423;0.075412;Nebula A;0.8597223710068559;HIGH;HW_HERO_0036;Nébula;Nébula;VISUAL_ALIAS_EDGE_NOISE;1.0;nebula a;nebula;CONFIRMED;HW_HERO_0036;Nébula;0
28557;R;1;28557_Screenshot_20260330_013120_Hero_Wars__R1.png;28557_Screenshot_20260330_013120_Hero_Wars__R1.png;HW_HERO_0014;Folio;ACCEPTED;0.975443;0.135906;Z Folio;0.8540592317283283;HIGH;HW_HERO_0014;Folio;Folio;VISUAL_ALIAS_EDGE_NOISE;1.0;z folio;folio;CONFIRMED;HW_HERO_0014;Folio;0
28557;R;2;28557_Screenshot_20260330_013120_Hero_Wars__R2.png;28557_Screenshot_20260330_013120_Hero_Wars__R2.png;HW_HERO_0042;Polaris;ACCEPTED;0.980721;0.102477;o P Polaris;0.8425705681078056;MEDIUM;;;Polaris;NO_MATCH;0.7777777777777778;o p polaris;;VISUAL_ONLY;HW_HERO_0042;Polaris;0
28557;R;3;28557_Screenshot_20260330_013120_Hero_Wars__R3.png;28557_Screenshot_20260330_013120_Hero_Wars__R3.png;HW_HERO_0056;Isaac;ACCEPTED;0.981349;0.158762;B Isaac;0.9644482010337875;HIGH;HW_HERO_0056;Isaac;Isaac;VISUAL_ALIAS_EDGE_NOISE;1.0;b isaac;isaac;CONFIRMED;HW_HERO_0056;Isaac;0
28557;R;4;28557_Screenshot_20260330_013120_Hero_Wars__R4.png;28557_Screenshot_20260330_013120_Hero_Wars__R4.png;HW_HERO_0024;Julius;ACCEPTED;0.9798;0.154725;B Julius;0.956519850433285;HIGH;HW_HERO_0024;Julius;Julius;VISUAL_ALIAS_EDGE_NOISE;1.0;b julius;julius;CONFIRMED;HW_HERO_0024;Julius;0
28557;R;5;28557_Screenshot_20260330_013120_Hero_Wars__R5.png;28557_Screenshot_20260330_013120_Hero_Wars__R5.png;HW_HERO_0023;Juge;ACCEPTED;0.982211;0.145544;Z Judge;0.8716029401758915;HIGH;HW_HERO_0023;Juge;Judge;VISUAL_ALIAS_EDGE_NOISE;1.0;z judge;judge;CONFIRMED;HW_HERO_0023;Juge;0
29118;L;1;29118_Screenshot_2026-03-31-17-50-26-798_com.nexters.herowars__L1.png;29118_Screenshot_2026-03-31-17-50-26-798_com.nexters.herowars__L1.png;HW_HERO_0018;Iris;ACCEPTED;0.974266;0.06877;Iris;0.9985074400901794;HIGH;HW_HERO_0018;Iris;Iris;EXACT_ALIAS;1.0;iris;iris;CONFIRMED;HW_HERO_0018;Iris;0
29118;L;2;29118_Screenshot_2026-03-31-17-50-26-798_com.nexters.herowars__L2.png;29118_Screenshot_2026-03-31-17-50-26-798_com.nexters.herowars__L2.png;HW_HERO_0068;Astrid and Lucas;ACCEPTED;0.977251;0.095381;Astrid et Lucas;0.5616120418808023;LOW;HW_HERO_0068;Astrid and Lucas;Astrid et Lucas;EXACT_ALIAS;1.0;astrid et lucas;astrid et lucas;CONFIRMED;HW_HERO_0068;Astrid and Lucas;0
29118;L;3;29118_Screenshot_2026-03-31-17-50-26-798_com.nexters.herowars__L3.png;29118_Screenshot_2026-03-31-17-50-26-798_com.nexters.herowars__L3.png;HW_HERO_0012;Electra von Grave;ACCEPTED;0.971773;0.097837;Electra von Grave;0.9999551827249502;HIGH;HW_HERO_0012;Electra von Grave;Electra von Grave;EXACT_ALIAS;1.0;electra von grave;electra von grave;CONFIRMED;HW_HERO_0012;Electra von Grave;0
29118;L;4;29118_Screenshot_2026-03-31-17-50-26-798_com.nexters.herowars__L4.png;29118_Screenshot_2026-03-31-17-50-26-798_com.nexters.herowars__L4.png;HW_HERO_0047;Soleil;ACCEPTED;0.968689;0.105745;Soleil;0.9999451519657173;HIGH;HW_HERO_0047;Soleil;Soleil;EXACT_ALIAS;1.0;soleil;soleil;CONFIRMED;HW_HERO_0047;Soleil;0
29118;L;5;29118_Screenshot_2026-03-31-17-50-26-798_com.nexters.herowars__L5.png;29118_Screenshot_2026-03-31-17-50-26-798_com.nexters.herowars__L5.png;HW_HERO_0036;Nébula;ACCEPTED;0.958954;0.081689;Nébula;0.9999258795588929;HIGH;HW_HERO_0036;Nébula;Nébula;EXACT_ALIAS;1.0;nebula;nebula;CONFIRMED;HW_HERO_0036;Nébula;0
29118;R;1;29118_Screenshot_2026-03-31-17-50-26-798_com.nexters.herowars__R1.png;29118_Screenshot_2026-03-31-17-50-26-798_com.nexters.herowars__R1.png;HW_HERO_0024;Julius;ACCEPTED;0.975832;0.143454;P Julius;0.8576108485303403;HIGH;HW_HERO_0024;Julius;Julius;VISUAL_ALIAS_EDGE_NOISE;1.0;p julius;julius;CONFIRMED;HW_HERO_0024;Julius;0
29118;R;2;29118_Screenshot_2026-03-31-17-50-26-798_com.nexters.herowars__R2.png;29118_Screenshot_2026-03-31-17-50-26-798_com.nexters.herowars__R2.png;HW_HERO_0046;Sébastien;ACCEPTED;0.952261;0.088751;P Sébastien;0.8503124186980872;HIGH;HW_HERO_0046;Sébastien;Sébastien;VISUAL_ALIAS_EDGE_NOISE;1.0;p sebastien;sebastien;CONFIRMED;HW_HERO_0046;Sébastien;0
29118;R;3;29118_Screenshot_2026-03-31-17-50-26-798_com.nexters.herowars__R3.png;29118_Screenshot_2026-03-31-17-50-26-798_com.nexters.herowars__R3.png;HW_HERO_0052;Yasmine;ACCEPTED;0.964458;0.078169;P Yasmine;0.8756849507552155;HIGH;HW_HERO_0052;Yasmine;Yasmine;VISUAL_ALIAS_EDGE_NOISE;1.0;p yasmine;yasmine;CONFIRMED;HW_HERO_0052;Yasmine;0
29118;R;4;29118_Screenshot_2026-03-31-17-50-26-798_com.nexters.herowars__R4.png;29118_Screenshot_2026-03-31-17-50-26-798_com.nexters.herowars__R4.png;HW_HERO_0039;Oya;ACCEPTED;0.957006;0.094573;l Oya;0.7543810060630995;MEDIUM;;;Oya;NO_MATCH;0.75;l oya;;VISUAL_ONLY;HW_HERO_0039;Oya;0
29118;R;5;29118_Screenshot_2026-03-31-17-50-26-798_com.nexters.herowars__R5.png;29118_Screenshot_2026-03-31-17-50-26-798_com.nexters.herowars__R5.png;HW_HERO_0040;Peech;ACCEPTED;0.948258;0.064366;Peech;0.9999867786099642;HIGH;HW_HERO_0040;Peech;Peech;EXACT_ALIAS;1.0;peech;peech;CONFIRMED;HW_HERO_0040;Peech;0
29256;L;1;29256_IMG_6293__L1.png;29256_IMG_6293__L1.png;HW_HERO_0018;Iris;ACCEPTED;0.970667;0.077339;Iris;0.9986198544502258;HIGH;HW_HERO_0018;Iris;Iris;EXACT_ALIAS;1.0;iris;iris;CONFIRMED;HW_HERO_0018;Iris;0
29256;L;2;29256_IMG_6293__L2.png;29256_IMG_6293__L2.png;HW_HERO_0024;Julius;ACCEPTED;0.960262;0.124822;Julius;0.9999977126509446;HIGH;HW_HERO_0024;Julius;Julius;EXACT_ALIAS;1.0;julius;julius;CONFIRMED;HW_HERO_0024;Julius;0
29256;L;3;29256_IMG_6293__L3.png;29256_IMG_6293__L3.png;HW_HERO_0047;Soleil;ACCEPTED;0.965147;0.104705;Soleil;0.9998981874948504;HIGH;HW_HERO_0047;Soleil;Soleil;EXACT_ALIAS;1.0;soleil;soleil;CONFIRMED;HW_HERO_0047;Soleil;0
29256;L;4;29256_IMG_6293__L4.png;29256_IMG_6293__L4.png;HW_HERO_0042;Polaris;ACCEPTED;0.961349;0.092542;Polaris;0.9663306239485657;HIGH;HW_HERO_0042;Polaris;Polaris;EXACT_ALIAS;1.0;polaris;polaris;CONFIRMED;HW_HERO_0042;Polaris;0
29256;L;5;29256_IMG_6293__L5.png;29256_IMG_6293__L5.png;HW_HERO_0036;Nébula;ACCEPTED;0.971305;0.083319;Nébula;0.9998863124620346;HIGH;HW_HERO_0036;Nébula;Nébula;EXACT_ALIAS;1.0;nebula;nebula;CONFIRMED;HW_HERO_0036;Nébula;0
29256;R;1;29256_IMG_6293__R1.png;29256_IMG_6293__R1.png;HW_HERO_0005;Cascade;ACCEPTED;0.952342;0.074811;Cascade;0.9999725602407777;HIGH;HW_HERO_0005;Cascade;Cascade;EXACT_ALIAS;1.0;cascade;cascade;CONFIRMED;HW_HERO_0005;Cascade;0
29256;R;2;29256_IMG_6293__R2.png;29256_IMG_6293__R2.png;HW_HERO_0056;Isaac;ACCEPTED;0.990679;0.148039;Isaac;0.999829986278223;HIGH;HW_HERO_0056;Isaac;Isaac;EXACT_ALIAS;1.0;isaac;isaac;CONFIRMED;HW_HERO_0056;Isaac;0
29256;R;3;29256_IMG_6293__R3.png;29256_IMG_6293__R3.png;HW_HERO_0024;Julius;ACCEPTED;0.963015;0.119799;Julius;0.9999988319921188;HIGH;HW_HERO_0024;Julius;Julius;EXACT_ALIAS;1.0;julius;julius;CONFIRMED;HW_HERO_0024;Julius;0
29256;R;4;29256_IMG_6293__R4.png;29256_IMG_6293__R4.png;HW_HERO_0068;Astrid and Lucas;ACCEPTED;0.987707;0.10545;Astrid et Lucas;0.9854651313529262;HIGH;HW_HERO_0068;Astrid and Lucas;Astrid et Lucas;EXACT_ALIAS;1.0;astrid et lucas;astrid et lucas;CONFIRMED;HW_HERO_0068;Astrid and Lucas;0
29256;R;5;29256_IMG_6293__R5.png;29256_IMG_6293__R5.png;HW_HERO_0042;Polaris;ACCEPTED;0.954461;0.084657;Polaris;0.9999899973573084;HIGH;HW_HERO_0042;Polaris;Polaris;EXACT_ALIAS;1.0;polaris;polaris;CONFIRMED;HW_HERO_0042;Polaris;0
29563;L;1;29563_IMG_2473__L1.png;29563_IMG_2473__L1.png;HW_HERO_0052;Yasmine;ACCEPTED;0.971845;0.096901;Yasmine I;0.8912784028253853;HIGH;HW_HERO_0052;Yasmine;Yasmine;VISUAL_ALIAS_EDGE_NOISE;1.0;yasmine i;yasmine;CONFIRMED;HW_HERO_0052;Yasmine;0
29563;L;2;29563_IMG_2473__L2.png;29563_IMG_2473__L2.png;HW_HERO_0039;Oya;ACCEPTED;0.929191;0.066203;Oya;0.999555056306895;HIGH;HW_HERO_0039;Oya;Oya;EXACT_ALIAS;1.0;oya;oya;CONFIRMED;HW_HERO_0039;Oya;0
29563;L;3;29563_IMG_2473__L3.png;29563_IMG_2473__L3.png;HW_HERO_0050;Tristan;ACCEPTED;0.951599;0.085589;Tristan I;0.9304853894894444;HIGH;HW_HERO_0050;Tristan;Tristan;VISUAL_ALIAS_EDGE_NOISE;1.0;tristan i;tristan;CONFIRMED;HW_HERO_0050;Tristan;0
29563;L;4;29563_IMG_2473__L4.png;29563_IMG_2473__L4.png;HW_HERO_0060;Cleaver;ACCEPTED;0.973626;0.136256;Cleaver a;0.878417873459142;HIGH;HW_HERO_0060;Cleaver;Cleaver;VISUAL_ALIAS_EDGE_NOISE;1.0;cleaver a;cleaver;CONFIRMED;HW_HERO_0060;Cleaver;0
29563;L;5;29563_IMG_2473__L5.png;29563_IMG_2473__L5.png;HW_HERO_0013;Fafnir;ACCEPTED;0.955851;0.133721;Fafnir;0.9999927972798476;HIGH;HW_HERO_0013;Fafnir;Fafnir;EXACT_ALIAS;1.0;fafnir;fafnir;CONFIRMED;HW_HERO_0013;Fafnir;0
29563;R;1;29563_IMG_2473__R1.png;29563_IMG_2473__R1.png;HW_HERO_0045;Satori;ACCEPTED;0.973191;0.058424;Z d Satori;0.7699296725463595;MEDIUM;;;Satori;NO_MATCH;0.75;z d satori;;VISUAL_ONLY;HW_HERO_0045;Satori;0
29563;R;2;29563_IMG_2473__R2.png;29563_IMG_2473__R2.png;HW_HERO_0030;Lian;ACCEPTED;0.968734;0.065809;I Lian;0.9059740193074738;HIGH;HW_HERO_0030;Lian;Lian;VISUAL_ALIAS_EDGE_NOISE;1.0;i lian;lian;CONFIRMED;HW_HERO_0030;Lian;0
29563;R;3;29563_IMG_2473__R3.png;29563_IMG_2473__R3.png;HW_HERO_0048;Somna;ACCEPTED;0.936625;0.091074;A D Somna;0.7896395060811325;MEDIUM;;;Somna;NO_MATCH;0.7142857142857143;a d somna;;VISUAL_ONLY;HW_HERO_0048;Somna;0
29563;R;4;29563_IMG_2473__R4.png;29563_IMG_2473__R4.png;HW_HERO_0003;Astaroth;ACCEPTED;0.957033;0.187414;o Astaroth;0.9183073258932622;HIGH;HW_HERO_0003;Astaroth;Astaroth;VISUAL_ALIAS_EDGE_NOISE;1.0;o astaroth;astaroth;CONFIRMED;HW_HERO_0003;Astaroth;0
29563;R;5;29563_IMG_2473__R5.png;29563_IMG_2473__R5.png;HW_HERO_0032;Martha;ACCEPTED;0.959237;0.114169;g Martha;0.9232648803661073;HIGH;HW_HERO_0032;Martha;Martha;VISUAL_ALIAS_EDGE_NOISE;1.0;g martha;martha;CONFIRMED;HW_HERO_0032;Martha;0
29752;L;1;29752_IMG_2191__L1.png;29752_IMG_2191__L1.png;HW_HERO_0056;Isaac;ACCEPTED;0.989491;0.152252;Isaac;0.9998487524633315;HIGH;HW_HERO_0056;Isaac;Isaac;EXACT_ALIAS;1.0;isaac;isaac;CONFIRMED;HW_HERO_0056;Isaac;0
29752;L;2;29752_IMG_2191__L2.png;29752_IMG_2191__L2.png;HW_HERO_0024;Julius;ACCEPTED;0.967671;0.127105;Julius;0.999997809984971;HIGH;HW_HERO_0024;Julius;Julius;EXACT_ALIAS;1.0;julius;julius;CONFIRMED;HW_HERO_0024;Julius;0
29752;L;3;29752_IMG_2191__L3.png;29752_IMG_2191__L3.png;HW_HERO_0042;Polaris;ACCEPTED;0.964595;0.105054;Polaris T E;0.7936343531183123;MEDIUM;;;Polaris;NO_MATCH;0.7777777777777778;polaris t e;;VISUAL_ONLY;HW_HERO_0042;Polaris;0
29752;L;4;29752_IMG_2191__L4.png;29752_IMG_2191__L4.png;HW_HERO_0023;Juge;ACCEPTED;0.979048;0.14475;Judge T;0.8451113512510294;MEDIUM;;;Judge;NO_MATCH;0.8333333333333334;judge t;;VISUAL_ONLY;HW_HERO_0023;Juge;0
29752;L;5;29752_IMG_2191__L5.png;29752_IMG_2191__L5.png;HW_HERO_0036;Nébula;ACCEPTED;0.976605;0.102778;Nébula I;0.8648400936386181;HIGH;HW_HERO_0036;Nébula;Nébula;VISUAL_ALIAS_EDGE_NOISE;1.0;nebula i;nebula;CONFIRMED;HW_HERO_0036;Nébula;0
29752;R;1;29752_IMG_2191__R1.png;29752_IMG_2191__R1.png;HW_HERO_0026;Kayla;ACCEPTED;0.979809;0.086463;s Y Kayla;0.7450375716880855;MEDIUM;;;Kayla;NO_MATCH;0.7142857142857143;s y kayla;;VISUAL_ONLY;HW_HERO_0026;Kayla;0
29752;R;2;29752_IMG_2191__R2.png;29752_IMG_2191__R2.png;HW_HERO_0039;Oya;ACCEPTED;0.928749;0.072566;Oya;0.9995679259220114;HIGH;HW_HERO_0039;Oya;Oya;EXACT_ALIAS;1.0;oya;oya;CONFIRMED;HW_HERO_0039;Oya;0
29752;R;3;29752_IMG_2191__R3.png;29752_IMG_2191__R3.png;HW_HERO_0050;Tristan;ACCEPTED;0.957337;0.099401;Tristan;0.9999846355670706;HIGH;HW_HERO_0050;Tristan;Tristan;EXACT_ALIAS;1.0;tristan;tristan;CONFIRMED;HW_HERO_0050;Tristan;0
29752;R;4;29752_IMG_2191__R4.png;29752_IMG_2191__R4.png;HW_HERO_0017;Guus;ACCEPTED;0.961253;0.144987;Guus;0.9999479651451111;HIGH;HW_HERO_0017;Guus;Guus;EXACT_ALIAS;1.0;guus;guus;CONFIRMED;HW_HERO_0017;Guus;0
29752;R;5;29752_IMG_2191__R5.png;29752_IMG_2191__R5.png;HW_HERO_0048;Somna;ACCEPTED;0.937691;0.104879;Somna;0.9999218442255111;HIGH;HW_HERO_0048;Somna;Somna;EXACT_ALIAS;1.0;somna;somna;CONFIRMED;HW_HERO_0048;Somna;0
29796;L;1;29796_Screenshot_20260401_153939_Hero_Wars__L1.png;29796_Screenshot_20260401_153939_Hero_Wars__L1.png;HW_HERO_0026;Kayla;ACCEPTED;0.975874;0.085254;Kayla;0.9999559108488756;HIGH;HW_HERO_0026;Kayla;Kayla;EXACT_ALIAS;1.0;kayla;kayla;CONFIRMED;HW_HERO_0026;Kayla;0
29796;L;2;29796_Screenshot_20260401_153939_Hero_Wars__L2.png;29796_Screenshot_20260401_153939_Hero_Wars__L2.png;HW_HERO_0014;Folio;ACCEPTED;0.97044;0.117194;Folio;0.9999807543407263;HIGH;HW_HERO_0014;Folio;Folio;EXACT_ALIAS;1.0;folio;folio;CONFIRMED;HW_HERO_0014;Folio;0
29796;L;3;29796_Screenshot_20260401_153939_Hero_Wars__L3.png;29796_Screenshot_20260401_153939_Hero_Wars__L3.png;HW_HERO_0010;Dante;ACCEPTED;0.95451;0.052328;Dante;0.999952552173786;HIGH;HW_HERO_0010;Dante;Dante;EXACT_ALIAS;1.0;dante;dante;CONFIRMED;HW_HERO_0010;Dante;0
29796;L;4;29796_Screenshot_20260401_153939_Hero_Wars__L4.png;29796_Screenshot_20260401_153939_Hero_Wars__L4.png;HW_HERO_0024;Julius;ACCEPTED;0.975614;0.145493;Julius;0.9999981019870372;HIGH;HW_HERO_0024;Julius;Julius;EXACT_ALIAS;1.0;julius;julius;CONFIRMED;HW_HERO_0024;Julius;0
29796;L;5;29796_Screenshot_20260401_153939_Hero_Wars__L5.png;29796_Screenshot_20260401_153939_Hero_Wars__L5.png;HW_HERO_0001;Aidan;ACCEPTED;0.965085;0.093388;Aidan;0.8688425619508766;HIGH;HW_HERO_0001;Aidan;Aidan;EXACT_ALIAS;1.0;aidan;aidan;CONFIRMED;HW_HERO_0001;Aidan;0
29796;R;1;29796_Screenshot_20260401_153939_Hero_Wars__R1.png;29796_Screenshot_20260401_153939_Hero_Wars__R1.png;HW_HERO_0014;Folio;ACCEPTED;0.971024;0.112835;o Folio;0.8358097194877118;MEDIUM;;;Folio;NO_MATCH;0.8333333333333334;o folio;;VISUAL_ONLY;HW_HERO_0014;Folio;0
29796;R;2;29796_Screenshot_20260401_153939_Hero_Wars__R2.png;29796_Screenshot_20260401_153939_Hero_Wars__R2.png;HW_HERO_0026;Kayla;ACCEPTED;0.978054;0.091734;Kayla;0.999957030406943;HIGH;HW_HERO_0026;Kayla;Kayla;EXACT_ALIAS;1.0;kayla;kayla;CONFIRMED;HW_HERO_0026;Kayla;0
29796;R;3;29796_Screenshot_20260401_153939_Hero_Wars__R3.png;29796_Screenshot_20260401_153939_Hero_Wars__R3.png;HW_HERO_0042;Polaris;ACCEPTED;0.981733;0.108314;Polaris;0.9999864378505391;HIGH;HW_HERO_0042;Polaris;Polaris;EXACT_ALIAS;1.0;polaris;polaris;CONFIRMED;HW_HERO_0042;Polaris;0
29796;R;4;29796_Screenshot_20260401_153939_Hero_Wars__R4.png;29796_Screenshot_20260401_153939_Hero_Wars__R4.png;HW_HERO_0024;Julius;ACCEPTED;0.975473;0.13658;Julius;0.999996544642463;HIGH;HW_HERO_0024;Julius;Julius;EXACT_ALIAS;1.0;julius;julius;CONFIRMED;HW_HERO_0024;Julius;0
29796;R;5;29796_Screenshot_20260401_153939_Hero_Wars__R5.png;29796_Screenshot_20260401_153939_Hero_Wars__R5.png;HW_HERO_0001;Aidan;ACCEPTED;0.973642;0.099963;Aidan;0.9999680660428322;HIGH;HW_HERO_0001;Aidan;Aidan;EXACT_ALIAS;1.0;aidan;aidan;CONFIRMED;HW_HERO_0001;Aidan;0
30319;L;1;30319_Screenshot_20260406_232709_Hero_Wars__L1.png;30319_Screenshot_20260406_232709_Hero_Wars__L1.png;HW_HERO_0014;Folio;ACCEPTED;0.969807;0.137758;Folio;0.999987844851861;HIGH;HW_HERO_0014;Folio;Folio;EXACT_ALIAS;1.0;folio;folio;CONFIRMED;HW_HERO_0014;Folio;0
30319;L;2;30319_Screenshot_20260406_232709_Hero_Wars__L2.png;30319_Screenshot_20260406_232709_Hero_Wars__L2.png;HW_HERO_0037;Octavia;ACCEPTED;0.975376;0.085913;Octavia;0.999787279181538;HIGH;HW_HERO_0037;Octavia;Octavia;EXACT_ALIAS;1.0;octavia;octavia;CONFIRMED;HW_HERO_0037;Octavia;0
30319;L;3;30319_Screenshot_20260406_232709_Hero_Wars__L3.png;30319_Screenshot_20260406_232709_Hero_Wars__L3.png;HW_HERO_0042;Polaris;ACCEPTED;0.970457;0.089266;Polaris;0.9793743454476911;HIGH;HW_HERO_0042;Polaris;Polaris;EXACT_ALIAS;1.0;polaris;polaris;CONFIRMED;HW_HERO_0042;Polaris;0
30319;L;4;30319_Screenshot_20260406_232709_Hero_Wars__L4.png;30319_Screenshot_20260406_232709_Hero_Wars__L4.png;HW_HERO_0024;Julius;ACCEPTED;0.97311;0.137989;Julius;0.9952006939393097;HIGH;HW_HERO_0024;Julius;Julius;EXACT_ALIAS;1.0;julius;julius;CONFIRMED;HW_HERO_0024;Julius;0
30319;L;5;30319_Screenshot_20260406_232709_Hero_Wars__L5.png;30319_Screenshot_20260406_232709_Hero_Wars__L5.png;HW_HERO_0001;Aidan;ACCEPTED;0.971222;0.087228;Aidan;0.9999712114629891;HIGH;HW_HERO_0001;Aidan;Aidan;EXACT_ALIAS;1.0;aidan;aidan;CONFIRMED;HW_HERO_0001;Aidan;0
30319;R;1;30319_Screenshot_20260406_232709_Hero_Wars__R1.png;30319_Screenshot_20260406_232709_Hero_Wars__R1.png;HW_HERO_0018;Iris;ACCEPTED;0.969486;0.066141;Iris;0.9993858933448792;HIGH;HW_HERO_0018;Iris;Iris;EXACT_ALIAS;1.0;iris;iris;CONFIRMED;HW_HERO_0018;Iris;0
30319;R;2;30319_Screenshot_20260406_232709_Hero_Wars__R2.png;30319_Screenshot_20260406_232709_Hero_Wars__R2.png;HW_HERO_0010;Dante;ACCEPTED;0.970255;0.096738;Dante;0.9999555909751148;HIGH;HW_HERO_0010;Dante;Dante;EXACT_ALIAS;1.0;dante;dante;CONFIRMED;HW_HERO_0010;Dante;0
30319;R;3;30319_Screenshot_20260406_232709_Hero_Wars__R3.png;30319_Screenshot_20260406_232709_Hero_Wars__R3.png;HW_HERO_0037;Octavia;ACCEPTED;0.969719;0.087368;Octavia;0.9998045371024736;HIGH;HW_HERO_0037;Octavia;Octavia;EXACT_ALIAS;1.0;octavia;octavia;CONFIRMED;HW_HERO_0037;Octavia;0
30319;R;4;30319_Screenshot_20260406_232709_Hero_Wars__R4.png;30319_Screenshot_20260406_232709_Hero_Wars__R4.png;HW_HERO_0048;Somna;ACCEPTED;0.962422;0.107685;Somna;0.9999068633978476;HIGH;HW_HERO_0048;Somna;Somna;EXACT_ALIAS;1.0;somna;somna;CONFIRMED;HW_HERO_0048;Somna;0
30319;R;5;30319_Screenshot_20260406_232709_Hero_Wars__R5.png;30319_Screenshot_20260406_232709_Hero_Wars__R5.png;HW_HERO_0042;Polaris;ACCEPTED;0.975104;0.094848;Polaris;0.9999919348086407;HIGH;HW_HERO_0042;Polaris;Polaris;EXACT_ALIAS;1.0;polaris;polaris;CONFIRMED;HW_HERO_0042;Polaris;0
30490;L;1;30490_IMG_4241__L1.png;30490_IMG_4241__L1.png;HW_HERO_0026;Kayla;ACCEPTED;0.940576;0.057196;Kayla;0.9999466878172629;HIGH;HW_HERO_0026;Kayla;Kayla;EXACT_ALIAS;1.0;kayla;kayla;CONFIRMED;HW_HERO_0026;Kayla;0
30490;L;2;30490_IMG_4241__L2.png;30490_IMG_4241__L2.png;HW_HERO_0018;Iris;ACCEPTED;0.968394;0.07248;Iris;0.9997681379318237;HIGH;HW_HERO_0018;Iris;Iris;EXACT_ALIAS;1.0;iris;iris;CONFIRMED;HW_HERO_0018;Iris;0
30490;L;3;30490_IMG_4241__L3.png;30490_IMG_4241__L3.png;HW_HERO_0012;Electra von Grave;ACCEPTED;0.957818;0.097072;Electra von Grave;0.9914953241766431;HIGH;HW_HERO_0012;Electra von Grave;Electra von Grave;EXACT_ALIAS;1.0;electra von grave;electra von grave;CONFIRMED;HW_HERO_0012;Electra von Grave;0
30490;L;4;30490_IMG_4241__L4.png;30490_IMG_4241__L4.png;HW_HERO_0062;Luther;ACCEPTED;0.969345;0.103947;Luther;0.9974878304069564;HIGH;HW_HERO_0062;Luther;Luther;EXACT_ALIAS;1.0;luther;luther;CONFIRMED;HW_HERO_0062;Luther;0
30490;L;5;30490_IMG_4241__L5.png;30490_IMG_4241__L5.png;HW_HERO_0047;Soleil;ACCEPTED;0.969352;0.104918;Soleil;0.9999104031717639;HIGH;HW_HERO_0047;Soleil;Soleil;EXACT_ALIAS;1.0;soleil;soleil;CONFIRMED;HW_HERO_0047;Soleil;0
30490;R;1;30490_IMG_4241__R1.png;30490_IMG_4241__R1.png;HW_HERO_0026;Kayla;ACCEPTED;0.960376;0.085435;Kayla;0.9998973737495364;HIGH;HW_HERO_0026;Kayla;Kayla;EXACT_ALIAS;1.0;kayla;kayla;CONFIRMED;HW_HERO_0026;Kayla;0
30490;R;2;30490_IMG_4241__R2.png;30490_IMG_4241__R2.png;HW_HERO_0014;Folio;ACCEPTED;0.973949;0.14569;Folio;0.9999892842782089;HIGH;HW_HERO_0014;Folio;Folio;EXACT_ALIAS;1.0;folio;folio;CONFIRMED;HW_HERO_0014;Folio;0
30490;R;3;30490_IMG_4241__R3.png;30490_IMG_4241__R3.png;HW_HERO_0042;Polaris;ACCEPTED;0.972696;0.101082;Polaris;0.7935856080132941;MEDIUM;HW_HERO_0042;Polaris;Polaris;EXACT_ALIAS;1.0;polaris;polaris;CONFIRMED;HW_HERO_0042;Polaris;0
30490;R;4;30490_IMG_4241__R4.png;30490_IMG_4241__R4.png;HW_HERO_0024;Julius;ACCEPTED;0.971016;0.145033;Julius;0.9999984913230956;HIGH;HW_HERO_0024;Julius;Julius;EXACT_ALIAS;1.0;julius;julius;CONFIRMED;HW_HERO_0024;Julius;0
30490;R;5;30490_IMG_4241__R5.png;30490_IMG_4241__R5.png;HW_HERO_0001;Aidan;ACCEPTED;0.974202;0.094736;Aidan;0.9999827802016561;HIGH;HW_HERO_0001;Aidan;Aidan;EXACT_ALIAS;1.0;aidan;aidan;CONFIRMED;HW_HERO_0001;Aidan;0
30775;L;1;30775_Screenshot_20260416-001546__L1.png;30775_Screenshot_20260416-001546__L1.png;HW_HERO_0010;Dante;ACCEPTED;0.962614;0.096097;Dante g Gs;0.6584881572846063;MEDIUM;;;Dante;NO_MATCH;0.6666666666666666;dante g gs;;VISUAL_ONLY;HW_HERO_0010;Dante;0
30775;L;2;30775_Screenshot_20260416-001546__L2.png;30775_Screenshot_20260416-001546__L2.png;HW_HERO_0057;Drayne;ACCEPTED;0.991479;0.138524;Drayne IA S;0.5779923839015884;LOW;;;Drayne;NO_MATCH;0.7058823529411765;drayne ia s;;VISUAL_ONLY;HW_HERO_0057;Drayne;0
30775;L;3;30775_Screenshot_20260416-001546__L3.png;30775_Screenshot_20260416-001546__L3.png;HW_HERO_0037;Octavia;ACCEPTED;0.95792;0.087877;Octavia g;0.8911737160118637;HIGH;HW_HERO_0037;Octavia;Octavia;VISUAL_ALIAS_EDGE_NOISE;1.0;octavia g;octavia;CONFIRMED;HW_HERO_0037;Octavia;0
30775;L;4;30775_Screenshot_20260416-001546__L4.png;30775_Screenshot_20260416-001546__L4.png;HW_HERO_0004;Byrna;ACCEPTED;0.96522;0.099106;Byrna Ii;0.7252582535622129;MEDIUM;;;Byrna;NO_MATCH;0.7692307692307693;byrna ii;;VISUAL_ONLY;HW_HERO_0004;Byrna;0
30775;L;5;30775_Screenshot_20260416-001546__L5.png;30775_Screenshot_20260416-001546__L5.png;HW_HERO_0048;Somna;ACCEPTED;0.911824;0.08441;Somna Iz a;0.655744897714682;MEDIUM;;;Somna;NO_MATCH;0.6666666666666666;somna iz a;;VISUAL_ONLY;HW_HERO_0048;Somna;0
30775;R;1;30775_Screenshot_20260416-001546__R1.png;30775_Screenshot_20260416-001546__R1.png;HW_HERO_0026;Kayla;ACCEPTED;0.981701;0.081997;Zo C Kayla;0.7950885613249943;MEDIUM;;;Kayla;NO_MATCH;0.6666666666666666;zo c kayla;;VISUAL_ONLY;HW_HERO_0026;Kayla;0
30775;R;2;30775_Screenshot_20260416-001546__R2.png;30775_Screenshot_20260416-001546__R2.png;HW_HERO_0039;Oya;ACCEPTED;0.936761;0.076101;óB a Oya;0.6324636323761712;MEDIUM;;;Oya;NO_MATCH;0.5454545454545454;ob a oya;;VISUAL_ONLY;HW_HERO_0039;Oya;0
30775;R;3;30775_Screenshot_20260416-001546__R3.png;30775_Screenshot_20260416-001546__R3.png;HW_HERO_0001;Aidan;ACCEPTED;0.974318;0.088754;gZ Aidan;0.7176959877949006;MEDIUM;;;Aidan;NO_MATCH;0.7692307692307693;gz aidan;;VISUAL_ONLY;HW_HERO_0001;Aidan;0
30775;R;4;30775_Screenshot_20260416-001546__R4.png;30775_Screenshot_20260416-001546__R4.png;HW_HERO_0048;Somna;ACCEPTED;0.914021;0.094687;B G Somna;0.8416992314002062;MEDIUM;;;Somna;NO_MATCH;0.7142857142857143;b g somna;;VISUAL_ONLY;HW_HERO_0048;Somna;0
30775;R;5;30775_Screenshot_20260416-001546__R5.png;30775_Screenshot_20260416-001546__R5.png;HW_HERO_0017;Guus;ACCEPTED;0.960371;0.145084;s Guus;0.9308481231453364;HIGH;HW_HERO_0017;Guus;Guus;VISUAL_ALIAS_EDGE_NOISE;1.0;s guus;guus;CONFIRMED;HW_HERO_0017;Guus;0
30809;L;1;30809_Screenshot_20260416_130638_Hero_Wars__L1.png;30809_Screenshot_20260416_130638_Hero_Wars__L1.png;HW_HERO_0045;Satori;ACCEPTED;0.981194;0.095112;Satori;0.9999823825152249;HIGH;HW_HERO_0045;Satori;Satori;EXACT_ALIAS;1.0;satori;satori;CONFIRMED;HW_HERO_0045;Satori;0
30809;L;2;30809_Screenshot_20260416_130638_Hero_Wars__L2.png;30809_Screenshot_20260416_130638_Hero_Wars__L2.png;HW_HERO_0030;Lian;ACCEPTED;0.965595;0.069035;Lian;0.9949913620948792;HIGH;HW_HERO_0030;Lian;Lian;EXACT_ALIAS;1.0;lian;lian;CONFIRMED;HW_HERO_0030;Lian;0
30809;L;3;30809_Screenshot_20260416_130638_Hero_Wars__L3.png;30809_Screenshot_20260416_130638_Hero_Wars__L3.png;HW_HERO_0006;Céleste;ACCEPTED;0.941556;0.043654;Céleste;0.9997520871439309;HIGH;HW_HERO_0006;Céleste;Céleste;EXACT_ALIAS;1.0;celeste;celeste;CONFIRMED;HW_HERO_0006;Céleste;0
30809;L;4;30809_Screenshot_20260416_130638_Hero_Wars__L4.png;30809_Screenshot_20260416_130638_Hero_Wars__L4.png;HW_HERO_0002;Andvari;ACCEPTED;0.911186;0.095321;Andvari;0.9999732360998365;HIGH;HW_HERO_0002;Andvari;Andvari;EXACT_ALIAS;1.0;andvari;andvari;CONFIRMED;HW_HERO_0002;Andvari;0
30809;L;5;30809_Screenshot_20260416_130638_Hero_Wars__L5.png;30809_Screenshot_20260416_130638_Hero_Wars__L5.png;HW_HERO_0054;Amira;ACCEPTED;0.976817;0.095067;Amira;0.999983739819822;HIGH;HW_HERO_0054;Amira;Amira;EXACT_ALIAS;1.0;amira;amira;CONFIRMED;HW_HERO_0054;Amira;0
30809;R;1;30809_Screenshot_20260416_130638_Hero_Wars__R1.png;30809_Screenshot_20260416_130638_Hero_Wars__R1.png;HW_HERO_0008;Corvus;ACCEPTED;0.930344;0.070774;S Corvus;0.6832936987670222;MEDIUM;;;Corvus;NO_MATCH;0.8571428571428571;s corvus;;VISUAL_ONLY;HW_HERO_0008;Corvus;0
30809;R;2;30809_Screenshot_20260416_130638_Hero_Wars__R2.png;30809_Screenshot_20260416_130638_Hero_Wars__R2.png;HW_HERO_0010;Dante;ACCEPTED;0.946355;0.042014;Dante;0.9999730240774645;HIGH;HW_HERO_0010;Dante;Dante;EXACT_ALIAS;1.0;dante;dante;CONFIRMED;HW_HERO_0010;Dante;0
30809;R;3;30809_Screenshot_20260416_130638_Hero_Wars__R3.png;30809_Screenshot_20260416_130638_Hero_Wars__R3.png;HW_HERO_0037;Octavia;ACCEPTED;0.979345;0.088124;Octavia;0.9997953899657589;HIGH;HW_HERO_0037;Octavia;Octavia;EXACT_ALIAS;1.0;octavia;octavia;CONFIRMED;HW_HERO_0037;Octavia;0
30809;R;4;30809_Screenshot_20260416_130638_Hero_Wars__R4.png;30809_Screenshot_20260416_130638_Hero_Wars__R4.png;HW_HERO_0049;Tempus;ACCEPTED;0.978764;0.106256;Tempus;0.9999467093282798;HIGH;HW_HERO_0049;Tempus;Tempus;EXACT_ALIAS;1.0;tempus;tempus;CONFIRMED;HW_HERO_0049;Tempus;0
30809;R;5;30809_Screenshot_20260416_130638_Hero_Wars__R5.png;30809_Screenshot_20260416_130638_Hero_Wars__R5.png;HW_HERO_0018;Iris;ACCEPTED;0.981701;0.07683;Iris;0.9992402195930481;HIGH;HW_HERO_0018;Iris;Iris;EXACT_ALIAS;1.0;iris;iris;CONFIRMED;HW_HERO_0018;Iris;0
30833;L;1;30833_Screenshot_20260417_170705_com_nexters_herowars_MessagingUnityPlayerActivity__L1.png;30833_Screenshot_20260417_170705_com_nexters_herowars_MessagingUnityPlayerActivity__L1.png;HW_HERO_0018;Iris;ACCEPTED;0.97326;0.077052;Iris T;0.8098912662365599;MEDIUM;;;Iris;NO_MATCH;0.8;iris t;;VISUAL_ONLY;HW_HERO_0018;Iris;0
30833;L;2;30833_Screenshot_20260417_170705_com_nexters_herowars_MessagingUnityPlayerActivity__L2.png;30833_Screenshot_20260417_170705_com_nexters_herowars_MessagingUnityPlayerActivity__L2.png;HW_HERO_0049;Tempus;ACCEPTED;0.974992;0.116997;Tempus i;0.8577039884390442;HIGH;HW_HERO_0049;Tempus;Tempus;VISUAL_ALIAS_EDGE_NOISE;1.0;tempus i;tempus;CONFIRMED;HW_HERO_0049;Tempus;0
30833;L;3;30833_Screenshot_20260417_170705_com_nexters_herowars_MessagingUnityPlayerActivity__L3.png;30833_Screenshot_20260417_170705_com_nexters_herowars_MessagingUnityPlayerActivity__L3.png;HW_HERO_0003;Astaroth;ACCEPTED;0.906479;0.117684;Astaroth G;0.8895955800060646;HIGH;HW_HERO_0003;Astaroth;Astaroth;VISUAL_ALIAS_EDGE_NOISE;1.0;astaroth g;astaroth;CONFIRMED;HW_HERO_0003;Astaroth;0
30833;L;4;30833_Screenshot_20260417_170705_com_nexters_herowars_MessagingUnityPlayerActivity__L4.png;30833_Screenshot_20260417_170705_com_nexters_herowars_MessagingUnityPlayerActivity__L4.png;HW_HERO_0047;Soleil;ACCEPTED;0.963444;0.099697;Soleil i;0.8620082220324028;HIGH;HW_HERO_0047;Soleil;Soleil;VISUAL_ALIAS_EDGE_NOISE;1.0;soleil i;soleil;CONFIRMED;HW_HERO_0047;Soleil;0
30833;L;5;30833_Screenshot_20260417_170705_com_nexters_herowars_MessagingUnityPlayerActivity__L5.png;30833_Screenshot_20260417_170705_com_nexters_herowars_MessagingUnityPlayerActivity__L5.png;HW_HERO_0036;Nébula;ACCEPTED;0.955907;0.063834;Nébula i;0.8620207650046534;HIGH;HW_HERO_0036;Nébula;Nébula;VISUAL_ALIAS_EDGE_NOISE;1.0;nebula i;nebula;CONFIRMED;HW_HERO_0036;Nébula;0
30833;R;1;30833_Screenshot_20260417_170705_com_nexters_herowars_MessagingUnityPlayerActivity__R1.png;30833_Screenshot_20260417_170705_com_nexters_herowars_MessagingUnityPlayerActivity__R1.png;HW_HERO_0026;Kayla;ACCEPTED;0.961314;0.079467;I Kayla;0.9489117215718698;HIGH;HW_HERO_0026;Kayla;Kayla;VISUAL_ALIAS_EDGE_NOISE;1.0;i kayla;kayla;CONFIRMED;HW_HERO_0026;Kayla;0
30833;R;2;30833_Screenshot_20260417_170705_com_nexters_herowars_MessagingUnityPlayerActivity__R2.png;30833_Screenshot_20260417_170705_com_nexters_herowars_MessagingUnityPlayerActivity__R2.png;HW_HERO_0039;Oya;ACCEPTED;0.954343;0.079273;z Oya;0.7833549891382642;MEDIUM;;;Oya;NO_MATCH;0.75;z oya;;VISUAL_ONLY;HW_HERO_0039;Oya;0
30833;R;3;30833_Screenshot_20260417_170705_com_nexters_herowars_MessagingUnityPlayerActivity__R3.png;30833_Screenshot_20260417_170705_com_nexters_herowars_MessagingUnityPlayerActivity__R3.png;HW_HERO_0050;Tristan;ACCEPTED;0.948011;0.071228;Tristan;0.9999892764448753;HIGH;HW_HERO_0050;Tristan;Tristan;EXACT_ALIAS;1.0;tristan;tristan;CONFIRMED;HW_HERO_0050;Tristan;0
30833;R;4;30833_Screenshot_20260417_170705_com_nexters_herowars_MessagingUnityPlayerActivity__R4.png;30833_Screenshot_20260417_170705_com_nexters_herowars_MessagingUnityPlayerActivity__R4.png;HW_HERO_0024;Julius;ACCEPTED;0.976967;0.151291;Julius;0.9999973233148184;HIGH;HW_HERO_0024;Julius;Julius;EXACT_ALIAS;1.0;julius;julius;CONFIRMED;HW_HERO_0024;Julius;0
30833;R;5;30833_Screenshot_20260417_170705_com_nexters_herowars_MessagingUnityPlayerActivity__R5.png;30833_Screenshot_20260417_170705_com_nexters_herowars_MessagingUnityPlayerActivity__R5.png;HW_HERO_0013;Fafnir;ACCEPTED;0.94074;0.108373;Fafnir;0.9999850105422423;HIGH;HW_HERO_0013;Fafnir;Fafnir;EXACT_ALIAS;1.0;fafnir;fafnir;CONFIRMED;HW_HERO_0013;Fafnir;0
30898;L;1;30898_F0025681-17E3-4A0C-A372-98EEE169F611__L1.png;30898_F0025681-17E3-4A0C-A372-98EEE169F611__L1.png;HW_HERO_0045;Satori;ACCEPTED;0.976561;0.06159;Satori a;0.8642829550505698;HIGH;HW_HERO_0045;Satori;Satori;VISUAL_ALIAS_EDGE_NOISE;1.0;satori a;satori;CONFIRMED;HW_HERO_0045;Satori;0
30898;L;2;30898_F0025681-17E3-4A0C-A372-98EEE169F611__L2.png;30898_F0025681-17E3-4A0C-A372-98EEE169F611__L2.png;HW_HERO_0005;Cascade;ACCEPTED;0.970436;0.111843;Cascade;0.9999781923950938;HIGH;HW_HERO_0005;Cascade;Cascade;EXACT_ALIAS;1.0;cascade;cascade;CONFIRMED;HW_HERO_0005;Cascade;0
30898;L;3;30898_F0025681-17E3-4A0C-A372-98EEE169F611__L3.png;30898_F0025681-17E3-4A0C-A372-98EEE169F611__L3.png;HW_HERO_0002;Andvari;ACCEPTED;0.948311;0.138139;Andvari;0.9894249480180293;HIGH;HW_HERO_0002;Andvari;Andvari;EXACT_ALIAS;1.0;andvari;andvari;CONFIRMED;HW_HERO_0002;Andvari;0
30898;L;4;30898_F0025681-17E3-4A0C-A372-98EEE169F611__L4.png;30898_F0025681-17E3-4A0C-A372-98EEE169F611__L4.png;HW_HERO_0049;Tempus;ACCEPTED;0.957283;0.116992;Tempus;0.9999597522183405;HIGH;HW_HERO_0049;Tempus;Tempus;EXACT_ALIAS;1.0;tempus;tempus;CONFIRMED;HW_HERO_0049;Tempus;0
30898;L;5;30898_F0025681-17E3-4A0C-A372-98EEE169F611__L5.png;30898_F0025681-17E3-4A0C-A372-98EEE169F611__L5.png;HW_HERO_0003;Astaroth;ACCEPTED;0.952122;0.180255;Astaroth;0.9999769877110359;HIGH;HW_HERO_0003;Astaroth;Astaroth;EXACT_ALIAS;1.0;astaroth;astaroth;CONFIRMED;HW_HERO_0003;Astaroth;0
30898;R;1;30898_F0025681-17E3-4A0C-A372-98EEE169F611__R1.png;30898_F0025681-17E3-4A0C-A372-98EEE169F611__R1.png;HW_HERO_0008;Corvus;ACCEPTED;0.969075;0.116415;Corvus;0.8052979839542135;MEDIUM;HW_HERO_0008;Corvus;Corvus;EXACT_ALIAS;1.0;corvus;corvus;CONFIRMED;HW_HERO_0008;Corvus;0
30898;R;2;30898_F0025681-17E3-4A0C-A372-98EEE169F611__R2.png;30898_F0025681-17E3-4A0C-A372-98EEE169F611__R2.png;HW_HERO_0039;Oya;ACCEPTED;0.925824;0.047559;Oya;0.9998200922710242;HIGH;HW_HERO_0039;Oya;Oya;EXACT_ALIAS;1.0;oya;oya;CONFIRMED;HW_HERO_0039;Oya;0
30898;R;3;30898_F0025681-17E3-4A0C-A372-98EEE169F611__R3.png;30898_F0025681-17E3-4A0C-A372-98EEE169F611__R3.png;HW_HERO_0007;Champi et Gnon;ACCEPTED;0.992389;0.090623;Mushy and Shroom;0.9997837011538371;HIGH;HW_HERO_0007;Champi et Gnon;Mushy and Shroom;EXACT_ALIAS;1.0;mushy and shroom;mushy and shroom;CONFIRMED;HW_HERO_0007;Champi et Gnon;0
30898;R;4;30898_F0025681-17E3-4A0C-A372-98EEE169F611__R4.png;30898_F0025681-17E3-4A0C-A372-98EEE169F611__R4.png;HW_HERO_0010;Dante;ACCEPTED;0.9584;0.091839;Dante;0.9999408234566804;HIGH;HW_HERO_0010;Dante;Dante;EXACT_ALIAS;1.0;dante;dante;CONFIRMED;HW_HERO_0010;Dante;0
30898;R;5;30898_F0025681-17E3-4A0C-A372-98EEE169F611__R5.png;30898_F0025681-17E3-4A0C-A372-98EEE169F611__R5.png;HW_HERO_0037;Octavia;ACCEPTED;0.947871;0.083991;Octavia;0.9998642857150635;HIGH;HW_HERO_0037;Octavia;Octavia;EXACT_ALIAS;1.0;octavia;octavia;CONFIRMED;HW_HERO_0037;Octavia;0
31047;L;1;31047_Screenshot_20260421_191636_Hero_Wars__L1.png;31047_Screenshot_20260421_191636_Hero_Wars__L1.png;HW_HERO_0018;Iris;ACCEPTED;0.9496;0.054941;Iris Za;0.8189466406031841;MEDIUM;;;Iris;NO_MATCH;0.7272727272727273;iris za;;VISUAL_ONLY;HW_HERO_0018;Iris;0
31047;L;2;31047_Screenshot_20260421_191636_Hero_Wars__L2.png;31047_Screenshot_20260421_191636_Hero_Wars__L2.png;HW_HERO_0004;Byrna;ACCEPTED;0.970691;0.114623;Byrna Za;0.74698040081943;MEDIUM;;;Byrna;NO_MATCH;0.7692307692307693;byrna za;;VISUAL_ONLY;HW_HERO_0004;Byrna;0
31047;L;3;31047_Screenshot_20260421_191636_Hero_Wars__L3.png;31047_Screenshot_20260421_191636_Hero_Wars__L3.png;HW_HERO_0010;Dante;ACCEPTED;0.920206;0.037143;Dante Zu Ge;0.5929475755342657;LOW;;;Dante;NO_MATCH;0.625;dante zu ge;;VISUAL_ONLY;HW_HERO_0010;Dante;0
31047;L;4;31047_Screenshot_20260421_191636_Hero_Wars__L4.png;31047_Screenshot_20260421_191636_Hero_Wars__L4.png;HW_HERO_0057;Drayne;ACCEPTED;0.956909;0.080639;Drayne Za;0.7708814289498442;MEDIUM;;;Drayne;NO_MATCH;0.8;drayne za;;VISUAL_ONLY;HW_HERO_0057;Drayne;0
31047;L;5;31047_Screenshot_20260421_191636_Hero_Wars__L5.png;31047_Screenshot_20260421_191636_Hero_Wars__L5.png;HW_HERO_0012;Electra von Grave;ACCEPTED;0.938226;0.103293;Electra von Grave Za;0.8910646273540793;HIGH;HW_HERO_0012;Electra von Grave;Electra von Grave;VISUAL_ALIAS_EDGE_NOISE;1.0;electra von grave za;electra von grave;CONFIRMED;HW_HERO_0012;Electra von Grave;0
31047;R;1;31047_Screenshot_20260421_191636_Hero_Wars__R1.png;31047_Screenshot_20260421_191636_Hero_Wars__R1.png;HW_HERO_0052;Yasmine;ACCEPTED;0.958796;0.07169;B Cen Yasmine;0.6147131107403067;MEDIUM;;;Yasmine;NO_MATCH;0.7;b cen yasmine;;VISUAL_ONLY;HW_HERO_0052;Yasmine;0
31047;R;2;31047_Screenshot_20260421_191636_Hero_Wars__R2.png;31047_Screenshot_20260421_191636_Hero_Wars__R2.png;HW_HERO_0004;Byrna;ACCEPTED;0.961143;0.094563;Ti Byrna;0.748246956419681;MEDIUM;;;Byrna;NO_MATCH;0.7692307692307693;ti byrna;;VISUAL_ONLY;HW_HERO_0004;Byrna;0
31047;R;3;31047_Screenshot_20260421_191636_Hero_Wars__R3.png;31047_Screenshot_20260421_191636_Hero_Wars__R3.png;HW_HERO_0037;Octavia;ACCEPTED;0.959028;0.078143;Zg S Octavia;0.7193694473170398;MEDIUM;;;Octavia;NO_MATCH;0.7368421052631579;zg s octavia;;VISUAL_ONLY;HW_HERO_0037;Octavia;0
31047;R;4;31047_Screenshot_20260421_191636_Hero_Wars__R4.png;31047_Screenshot_20260421_191636_Hero_Wars__R4.png;HW_HERO_0014;Folio;ACCEPTED;0.946745;0.09428;Bq e Folio;0.6784661677140378;MEDIUM;;;Folio;NO_MATCH;0.6666666666666666;bq e folio;;VISUAL_ONLY;HW_HERO_0014;Folio;0
31047;R;5;31047_Screenshot_20260421_191636_Hero_Wars__R5.png;31047_Screenshot_20260421_191636_Hero_Wars__R5.png;HW_HERO_0045;Satori;ACCEPTED;0.96696;0.073326;Zo Satori;0.8462413824279769;MEDIUM;;;Satori;NO_MATCH;0.8;zo satori;;VISUAL_ONLY;HW_HERO_0045;Satori;0
31070;L;1;31070_Screenshot_2026-04-20-21-58-21-757_com.nexters.herowars__L1.png;31070_Screenshot_2026-04-20-21-58-21-757_com.nexters.herowars__L1.png;HW_HERO_0012;Electra von Grave;ACCEPTED;0.971385;0.075351;Electra von Grave;0.8623310953931604;HIGH;HW_HERO_0012;Electra von Grave;Electra von Grave;EXACT_ALIAS;1.0;electra von grave;electra von grave;CONFIRMED;HW_HERO_0012;Electra von Grave;0
31070;L;2;31070_Screenshot_2026-04-20-21-58-21-757_com.nexters.herowars__L2.png;31070_Screenshot_2026-04-20-21-58-21-757_com.nexters.herowars__L2.png;HW_HERO_0042;Polaris;ACCEPTED;0.973942;0.096734;Polaris;0.999986663135899;HIGH;HW_HERO_0042;Polaris;Polaris;EXACT_ALIAS;1.0;polaris;polaris;CONFIRMED;HW_HERO_0042;Polaris;0
31070;L;3;31070_Screenshot_2026-04-20-21-58-21-757_com.nexters.herowars__L3.png;31070_Screenshot_2026-04-20-21-58-21-757_com.nexters.herowars__L3.png;HW_HERO_0014;Folio;ACCEPTED;0.977081;0.113951;Folio;0.6352554598208371;MEDIUM;HW_HERO_0014;Folio;Folio;EXACT_ALIAS;1.0;folio;folio;CONFIRMED;HW_HERO_0014;Folio;0
31070;L;4;31070_Screenshot_2026-04-20-21-58-21-757_com.nexters.herowars__L4.png;31070_Screenshot_2026-04-20-21-58-21-757_com.nexters.herowars__L4.png;HW_HERO_0004;Byrna;ACCEPTED;0.979606;0.117801;Byrna n;0.8474150186781789;MEDIUM;;;Byrna;NO_MATCH;0.8333333333333334;byrna n;;VISUAL_ONLY;HW_HERO_0004;Byrna;0
31070;L;5;31070_Screenshot_2026-04-20-21-58-21-757_com.nexters.herowars__L5.png;31070_Screenshot_2026-04-20-21-58-21-757_com.nexters.herowars__L5.png;HW_HERO_0003;Astaroth;ACCEPTED;0.910549;0.131739;Astaroth;0.9999649757148277;HIGH;HW_HERO_0003;Astaroth;Astaroth;EXACT_ALIAS;1.0;astaroth;astaroth;CONFIRMED;HW_HERO_0003;Astaroth;0
31070;R;1;31070_Screenshot_2026-04-20-21-58-21-757_com.nexters.herowars__R1.png;31070_Screenshot_2026-04-20-21-58-21-757_com.nexters.herowars__R1.png;HW_HERO_0057;Drayne;ACCEPTED;0.991381;0.113376;Drayne;0.8370438435051352;MEDIUM;HW_HERO_0057;Drayne;Drayne;EXACT_ALIAS;1.0;drayne;drayne;CONFIRMED;HW_HERO_0057;Drayne;0
31070;R;2;31070_Screenshot_2026-04-20-21-58-21-757_com.nexters.herowars__R2.png;31070_Screenshot_2026-04-20-21-58-21-757_com.nexters.herowars__R2.png;HW_HERO_0010;Dante;ACCEPTED;0.956699;0.051239;Dante;0.9627138564211982;HIGH;HW_HERO_0010;Dante;Dante;EXACT_ALIAS;1.0;dante;dante;CONFIRMED;HW_HERO_0010;Dante;0
31070;R;3;31070_Screenshot_2026-04-20-21-58-21-757_com.nexters.herowars__R3.png;31070_Screenshot_2026-04-20-21-58-21-757_com.nexters.herowars__R3.png;HW_HERO_0004;Byrna;ACCEPTED;0.978517;0.128435;Byrna;0.9999902972077145;HIGH;HW_HERO_0004;Byrna;Byrna;EXACT_ALIAS;1.0;byrna;byrna;CONFIRMED;HW_HERO_0004;Byrna;0
31070;R;4;31070_Screenshot_2026-04-20-21-58-21-757_com.nexters.herowars__R4.png;31070_Screenshot_2026-04-20-21-58-21-757_com.nexters.herowars__R4.png;HW_HERO_0037;Octavia;ACCEPTED;0.9739;0.080824;Octavia;0.999927007000238;HIGH;HW_HERO_0037;Octavia;Octavia;EXACT_ALIAS;1.0;octavia;octavia;CONFIRMED;HW_HERO_0037;Octavia;0
31070;R;5;31070_Screenshot_2026-04-20-21-58-21-757_com.nexters.herowars__R5.png;31070_Screenshot_2026-04-20-21-58-21-757_com.nexters.herowars__R5.png;HW_HERO_0011;Dorian;ACCEPTED;0.938392;0.07186;Dorian;0.4751661173047068;LOW;HW_HERO_0011;Dorian;Dorian;EXACT_ALIAS;1.0;dorian;dorian;CONFIRMED;HW_HERO_0011;Dorian;0
31199;L;1;31199_F71C33FA-76F9-435B-9768-87DFC4DEB365__L1.png;31199_F71C33FA-76F9-435B-9768-87DFC4DEB365__L1.png;HW_HERO_0018;Iris;ACCEPTED;0.955376;0.068128;Iris A i;0.6022926619129065;MEDIUM;;;Iris;NO_MATCH;0.6666666666666666;iris a i;;VISUAL_ONLY;HW_HERO_0018;Iris;0
31199;L;2;31199_F71C33FA-76F9-435B-9768-87DFC4DEB365__L2.png;31199_F71C33FA-76F9-435B-9768-87DFC4DEB365__L2.png;HW_HERO_0026;Kayla;ACCEPTED;0.95814;0.066358;Kayla;0.9999175259113577;HIGH;HW_HERO_0026;Kayla;Kayla;EXACT_ALIAS;1.0;kayla;kayla;CONFIRMED;HW_HERO_0026;Kayla;0
31199;L;3;31199_F71C33FA-76F9-435B-9768-87DFC4DEB365__L3.png;31199_F71C33FA-76F9-435B-9768-87DFC4DEB365__L3.png;HW_HERO_0031;Lilith;ACCEPTED;0.945029;0.070517;Lilith I;0.8928627715723708;HIGH;HW_HERO_0031;Lilith;Lilith;VISUAL_ALIAS_EDGE_NOISE;1.0;lilith i;lilith;CONFIRMED;HW_HERO_0031;Lilith;0
31199;L;4;31199_F71C33FA-76F9-435B-9768-87DFC4DEB365__L4.png;31199_F71C33FA-76F9-435B-9768-87DFC4DEB365__L4.png;HW_HERO_0057;Drayne;ACCEPTED;0.978491;0.120786;Drayne C;0.8603307483058937;HIGH;HW_HERO_0057;Drayne;Drayne;VISUAL_ALIAS_EDGE_NOISE;1.0;drayne c;drayne;CONFIRMED;HW_HERO_0057;Drayne;0
31199;L;5;31199_F71C33FA-76F9-435B-9768-87DFC4DEB365__L5.png;31199_F71C33FA-76F9-435B-9768-87DFC4DEB365__L5.png;HW_HERO_0012;Electra von Grave;ACCEPTED;0.934281;0.068311;Electra von Grave;0.7490754604288508;MEDIUM;HW_HERO_0012;Electra von Grave;Electra von Grave;EXACT_ALIAS;1.0;electra von grave;electra von grave;CONFIRMED;HW_HERO_0012;Electra von Grave;0
31199;R;1;31199_F71C33FA-76F9-435B-9768-87DFC4DEB365__R1.png;31199_F71C33FA-76F9-435B-9768-87DFC4DEB365__R1.png;HW_HERO_0035;Mojo;ACCEPTED;0.953975;0.142826;B Je Mojo;0.6998110911279664;MEDIUM;;;Mojo;NO_MATCH;0.6153846153846154;b je mojo;;VISUAL_ONLY;HW_HERO_0035;Mojo;0
31199;R;2;31199_F71C33FA-76F9-435B-9768-87DFC4DEB365__R2.png;31199_F71C33FA-76F9-435B-9768-87DFC4DEB365__R2.png;HW_HERO_0007;Champi et Gnon;ACCEPTED;0.989118;0.091193;o P Mushy and Shroom;0.9049305468100801;HIGH;HW_HERO_0007;Champi et Gnon;Mushy and Shroom;VISUAL_ALIAS_EDGE_NOISE;1.0;o p mushy and shroom;mushy and shroom;CONFIRMED;HW_HERO_0007;Champi et Gnon;0
31199;R;3;31199_F71C33FA-76F9-435B-9768-87DFC4DEB365__R3.png;31199_F71C33FA-76F9-435B-9768-87DFC4DEB365__R3.png;HW_HERO_0004;Byrna;ACCEPTED;0.964336;0.108652;I P Byrna;0.7872550369021155;MEDIUM;;;Byrna;NO_MATCH;0.7142857142857143;i p byrna;;VISUAL_ONLY;HW_HERO_0004;Byrna;0
31199;R;4;31199_F71C33FA-76F9-435B-9768-87DFC4DEB365__R4.png;31199_F71C33FA-76F9-435B-9768-87DFC4DEB365__R4.png;HW_HERO_0051;Xe'Sha;ACCEPTED;0.972979;0.084947;g Xe'Sha;0.6579358956779536;MEDIUM;;;Xe'Sha;NO_MATCH;0.8571428571428571;g xe sha;;VISUAL_ONLY;HW_HERO_0051;Xe'Sha;0
31199;R;5;31199_F71C33FA-76F9-435B-9768-87DFC4DEB365__R5.png;31199_F71C33FA-76F9-435B-9768-87DFC4DEB365__R5.png;HW_HERO_0012;Electra von Grave;ACCEPTED;0.953353;0.085931;B Electra von Grave;0.9811875695813974;HIGH;HW_HERO_0012;Electra von Grave;Electra von Grave;FUZZY_ALIAS;0.9444444444444444;b electra von grave;b electra von grave;CONFIRMED;HW_HERO_0012;Electra von Grave;0
31240;L;1;31240_Screenshot_20260422_082447_Hero_Wars__L1.png;31240_Screenshot_20260422_082447_Hero_Wars__L1.png;HW_HERO_0026;Kayla;ACCEPTED;0.988377;0.099295;Kayla i;0.8471835072609538;MEDIUM;;;Kayla;NO_MATCH;0.8333333333333334;kayla i;;VISUAL_ONLY;HW_HERO_0026;Kayla;0
31240;L;2;31240_Screenshot_20260422_082447_Hero_Wars__L2.png;31240_Screenshot_20260422_082447_Hero_Wars__L2.png;HW_HERO_0024;Julius;ACCEPTED;0.976603;0.129408;Julius A;0.857717616180574;HIGH;HW_HERO_0024;Julius;Julius;VISUAL_ALIAS_EDGE_NOISE;1.0;julius a;julius;CONFIRMED;HW_HERO_0024;Julius;0
31240;L;3;31240_Screenshot_20260422_082447_Hero_Wars__L3.png;31240_Screenshot_20260422_082447_Hero_Wars__L3.png;HW_HERO_0030;Lian;ACCEPTED;0.962328;0.076676;Lian i;0.8075255647676396;MEDIUM;;;Lian;NO_MATCH;0.8;lian i;;VISUAL_ONLY;HW_HERO_0030;Lian;0
31240;L;4;31240_Screenshot_20260422_082447_Hero_Wars__L4.png;31240_Screenshot_20260422_082447_Hero_Wars__L4.png;HW_HERO_0001;Aidan;ACCEPTED;0.981169;0.105112;Aidan;0.999962788131809;HIGH;HW_HERO_0001;Aidan;Aidan;EXACT_ALIAS;1.0;aidan;aidan;CONFIRMED;HW_HERO_0001;Aidan;0
31240;L;5;31240_Screenshot_20260422_082447_Hero_Wars__L5.png;31240_Screenshot_20260422_082447_Hero_Wars__L5.png;HW_HERO_0013;Fafnir;ACCEPTED;0.943128;0.09381;Fafnir;0.9999888552456381;HIGH;HW_HERO_0013;Fafnir;Fafnir;EXACT_ALIAS;1.0;fafnir;fafnir;CONFIRMED;HW_HERO_0013;Fafnir;0
31240;R;1;31240_Screenshot_20260422_082447_Hero_Wars__R1.png;31240_Screenshot_20260422_082447_Hero_Wars__R1.png;HW_HERO_0026;Kayla;ACCEPTED;0.958826;0.07803;s M Kayla;0.7364030787743572;MEDIUM;;;Kayla;NO_MATCH;0.7142857142857143;s m kayla;;VISUAL_ONLY;HW_HERO_0026;Kayla;0
31240;R;2;31240_Screenshot_20260422_082447_Hero_Wars__R2.png;31240_Screenshot_20260422_082447_Hero_Wars__R2.png;HW_HERO_0024;Julius;ACCEPTED;0.973452;0.132586;ó O Julius;0.815400083860792;MEDIUM;;;Julius;NO_MATCH;0.75;o o julius;;VISUAL_ONLY;HW_HERO_0024;Julius;0
31240;R;3;31240_Screenshot_20260422_082447_Hero_Wars__R3.png;31240_Screenshot_20260422_082447_Hero_Wars__R3.png;HW_HERO_0042;Polaris;ACCEPTED;0.975685;0.099562;g Polaris;0.8761786455768452;HIGH;HW_HERO_0042;Polaris;Polaris;VISUAL_ALIAS_EDGE_NOISE;1.0;g polaris;polaris;CONFIRMED;HW_HERO_0042;Polaris;0
31240;R;4;31240_Screenshot_20260422_082447_Hero_Wars__R4.png;31240_Screenshot_20260422_082447_Hero_Wars__R4.png;HW_HERO_0001;Aidan;ACCEPTED;0.970349;0.101364;B Aidan;0.9337946035070971;HIGH;HW_HERO_0001;Aidan;Aidan;VISUAL_ALIAS_EDGE_NOISE;1.0;b aidan;aidan;CONFIRMED;HW_HERO_0001;Aidan;0
31240;R;5;31240_Screenshot_20260422_082447_Hero_Wars__R5.png;31240_Screenshot_20260422_082447_Hero_Wars__R5.png;HW_HERO_0014;Folio;ACCEPTED;0.967821;0.112242;ý Folio;0.8363027001074931;MEDIUM;;;Folio;NO_MATCH;0.8333333333333334;y folio;;VISUAL_ONLY;HW_HERO_0014;Folio;0
31307;L;1;31307_Screenshot_2026-04-26-12-52-45-09_b7069e849b44f49c61683e78ed778d97__L1.png;31307_Screenshot_2026-04-26-12-52-45-09_b7069e849b44f49c61683e78ed778d97__L1.png;HW_HERO_0018;Iris;ACCEPTED;0.980706;0.077084;Iris aG I;0.6148187801645005;MEDIUM;;;Iris;NO_MATCH;0.6153846153846154;iris ag i;;VISUAL_ONLY;HW_HERO_0018;Iris;0
31307;L;2;31307_Screenshot_2026-04-26-12-52-45-09_b7069e849b44f49c61683e78ed778d97__L2.png;31307_Screenshot_2026-04-26-12-52-45-09_b7069e849b44f49c61683e78ed778d97__L2.png;HW_HERO_0047;Soleil;ACCEPTED;0.965247;0.097567;Soleil a I;0.7770507353120555;MEDIUM;;;Soleil;NO_MATCH;0.75;soleil a i;;VISUAL_ONLY;HW_HERO_0047;Soleil;0
31307;L;3;31307_Screenshot_2026-04-26-12-52-45-09_b7069e849b44f49c61683e78ed778d97__L3.png;31307_Screenshot_2026-04-26-12-52-45-09_b7069e849b44f49c61683e78ed778d97__L3.png;HW_HERO_0002;Andvari;ACCEPTED;0.909675;0.081647;Andvari I a;0.8326485517137314;MEDIUM;;;Andvari;NO_MATCH;0.7777777777777778;andvari i a;;VISUAL_ONLY;HW_HERO_0002;Andvari;0
31307;L;4;31307_Screenshot_2026-04-26-12-52-45-09_b7069e849b44f49c61683e78ed778d97__L4.png;31307_Screenshot_2026-04-26-12-52-45-09_b7069e849b44f49c61683e78ed778d97__L4.png;HW_HERO_0049;Tempus;ACCEPTED;0.972636;0.107656;Tempus;0.9999267069114058;HIGH;HW_HERO_0049;Tempus;Tempus;EXACT_ALIAS;1.0;tempus;tempus;CONFIRMED;HW_HERO_0049;Tempus;0
31307;L;5;31307_Screenshot_2026-04-26-12-52-45-09_b7069e849b44f49c61683e78ed778d97__L5.png;31307_Screenshot_2026-04-26-12-52-45-09_b7069e849b44f49c61683e78ed778d97__L5.png;HW_HERO_0054;Amira;ACCEPTED;0.986129;0.102803;Amira;0.9999698253457756;HIGH;HW_HERO_0054;Amira;Amira;EXACT_ALIAS;1.0;amira;amira;CONFIRMED;HW_HERO_0054;Amira;0
31307;R;1;31307_Screenshot_2026-04-26-12-52-45-09_b7069e849b44f49c61683e78ed778d97__R1.png;31307_Screenshot_2026-04-26-12-52-45-09_b7069e849b44f49c61683e78ed778d97__R1.png;HW_HERO_0066;Faceless;ACCEPTED;0.984254;0.119567;A Sanface;0.8966541373871194;HIGH;HW_HERO_0066;Faceless;Sanface;VISUAL_ALIAS_EDGE_NOISE;1.0;a sanface;sanface;CONFIRMED;HW_HERO_0066;Faceless;0
31307;R;2;31307_Screenshot_2026-04-26-12-52-45-09_b7069e849b44f49c61683e78ed778d97__R2.png;31307_Screenshot_2026-04-26-12-52-45-09_b7069e849b44f49c61683e78ed778d97__R2.png;HW_HERO_0041;Phobos;ACCEPTED;0.980757;0.157469;A M Phobos;0.7695220638745963;MEDIUM;;;Phobos;NO_MATCH;0.75;a m phobos;;VISUAL_ONLY;HW_HERO_0041;Phobos;0
31307;R;3;31307_Screenshot_2026-04-26-12-52-45-09_b7069e849b44f49c61683e78ed778d97__R3.png;31307_Screenshot_2026-04-26-12-52-45-09_b7069e849b44f49c61683e78ed778d97__R3.png;HW_HERO_0060;Cleaver;ACCEPTED;0.988175;0.149866;z Coupe-chou;0.9237460663348446;HIGH;HW_HERO_0060;Cleaver;Coupe-chou;VISUAL_ALIAS_EDGE_NOISE;1.0;z coupe chou;coupe chou;CONFIRMED;HW_HERO_0060;Cleaver;0
31307;R;4;31307_Screenshot_2026-04-26-12-52-45-09_b7069e849b44f49c61683e78ed778d97__R4.png;31307_Screenshot_2026-04-26-12-52-45-09_b7069e849b44f49c61683e78ed778d97__R4.png;HW_HERO_0022;Jorgen;ACCEPTED;0.903434;0.056888;Jorgen;0.9999979073189952;HIGH;HW_HERO_0022;Jorgen;Jorgen;EXACT_ALIAS;1.0;jorgen;jorgen;CONFIRMED;HW_HERO_0022;Jorgen;0
31307;R;5;31307_Screenshot_2026-04-26-12-52-45-09_b7069e849b44f49c61683e78ed778d97__R5.png;31307_Screenshot_2026-04-26-12-52-45-09_b7069e849b44f49c61683e78ed778d97__R5.png;HW_HERO_0040;Peech;ACCEPTED;0.937033;0.055425;A Peech;0.8723461713514262;HIGH;HW_HERO_0040;Peech;Peech;VISUAL_ALIAS_EDGE_NOISE;1.0;a peech;peech;CONFIRMED;HW_HERO_0040;Peech;0
31361;L;1;31361_IMG_4425__L1.png;31361_IMG_4425__L1.png;HW_HERO_0014;Folio;ACCEPTED;0.960366;0.136322;Folio;0.9999869918583544;HIGH;HW_HERO_0014;Folio;Folio;EXACT_ALIAS;1.0;folio;folio;CONFIRMED;HW_HERO_0014;Folio;0
31361;L;2;31361_IMG_4425__L2.png;31361_IMG_4425__L2.png;HW_HERO_0042;Polaris;ACCEPTED;0.95745;0.092516;Polaris;0.9999896819581396;HIGH;HW_HERO_0042;Polaris;Polaris;EXACT_ALIAS;1.0;polaris;polaris;CONFIRMED;HW_HERO_0042;Polaris;0
31361;L;3;31361_IMG_4425__L3.png;31361_IMG_4425__L3.png;HW_HERO_0023;Juge;ACCEPTED;0.985507;0.142477;Judge;0.9999985605754727;HIGH;HW_HERO_0023;Juge;Judge;EXACT_ALIAS;1.0;judge;judge;CONFIRMED;HW_HERO_0023;Juge;0
31361;L;4;31361_IMG_4425__L4.png;31361_IMG_4425__L4.png;HW_HERO_0030;Lian;ACCEPTED;0.96123;0.056239;Lian;0.9779485464096069;HIGH;HW_HERO_0030;Lian;Lian;EXACT_ALIAS;1.0;lian;lian;CONFIRMED;HW_HERO_0030;Lian;0
31361;L;5;31361_IMG_4425__L5.png;31361_IMG_4425__L5.png;HW_HERO_0024;Julius;ACCEPTED;0.973167;0.137541;Julius;0.9999982966550706;HIGH;HW_HERO_0024;Julius;Julius;EXACT_ALIAS;1.0;julius;julius;CONFIRMED;HW_HERO_0024;Julius;0
31361;R;1;31361_IMG_4425__R1.png;31361_IMG_4425__R1.png;HW_HERO_0026;Kayla;ACCEPTED;0.972342;0.073452;Kayla;0.9998958809949018;HIGH;HW_HERO_0026;Kayla;Kayla;EXACT_ALIAS;1.0;kayla;kayla;CONFIRMED;HW_HERO_0026;Kayla;0
31361;R;2;31361_IMG_4425__R2.png;31361_IMG_4425__R2.png;HW_HERO_0014;Folio;ACCEPTED;0.956729;0.138616;Folio;0.9999881114123144;HIGH;HW_HERO_0014;Folio;Folio;EXACT_ALIAS;1.0;folio;folio;CONFIRMED;HW_HERO_0014;Folio;0
31361;R;3;31361_IMG_4425__R3.png;31361_IMG_4425__R3.png;HW_HERO_0048;Somna;ACCEPTED;0.947668;0.105797;Somna;0.999816498056996;HIGH;HW_HERO_0048;Somna;Somna;EXACT_ALIAS;1.0;somna;somna;CONFIRMED;HW_HERO_0048;Somna;0
31361;R;4;31361_IMG_4425__R4.png;31361_IMG_4425__R4.png;HW_HERO_0042;Polaris;ACCEPTED;0.956579;0.087605;Polaris;0.9999898171292159;HIGH;HW_HERO_0042;Polaris;Polaris;EXACT_ALIAS;1.0;polaris;polaris;CONFIRMED;HW_HERO_0042;Polaris;0
31361;R;5;31361_IMG_4425__R5.png;31361_IMG_4425__R5.png;HW_HERO_0001;Aidan;ACCEPTED;0.964715;0.075382;Aidan;0.9999799546586472;HIGH;HW_HERO_0001;Aidan;Aidan;EXACT_ALIAS;1.0;aidan;aidan;CONFIRMED;HW_HERO_0001;Aidan;0
31411;L;1;31411_Screenshot_20260423_184722_Hero_Wars__L1.png;31411_Screenshot_20260423_184722_Hero_Wars__L1.png;HW_HERO_0014;Folio;ACCEPTED;0.978006;0.135377;Folio O;0.8351750528551523;MEDIUM;;;Folio;NO_MATCH;0.8333333333333334;folio o;;VISUAL_ONLY;HW_HERO_0014;Folio;0
31411;L;2;31411_Screenshot_20260423_184722_Hero_Wars__L2.png;31411_Screenshot_20260423_184722_Hero_Wars__L2.png;HW_HERO_0061;Lara Croft;ACCEPTED;0.993687;0.110358;Lara Croft;0.8483662299501082;MEDIUM;HW_HERO_0061;Lara Croft;Lara Croft;EXACT_ALIAS;1.0;lara croft;lara croft;CONFIRMED;HW_HERO_0061;Lara Croft;0
31411;L;3;31411_Screenshot_20260423_184722_Hero_Wars__L3.png;31411_Screenshot_20260423_184722_Hero_Wars__L3.png;HW_HERO_0024;Julius;ACCEPTED;0.976201;0.141819;Julius;0.9996599370839888;HIGH;HW_HERO_0024;Julius;Julius;EXACT_ALIAS;1.0;julius;julius;CONFIRMED;HW_HERO_0024;Julius;0
31411;L;4;31411_Screenshot_20260423_184722_Hero_Wars__L4.png;31411_Screenshot_20260423_184722_Hero_Wars__L4.png;HW_HERO_0042;Polaris;ACCEPTED;0.972011;0.099868;Polaris;0.9999880599047641;HIGH;HW_HERO_0042;Polaris;Polaris;EXACT_ALIAS;1.0;polaris;polaris;CONFIRMED;HW_HERO_0042;Polaris;0
31411;L;5;31411_Screenshot_20260423_184722_Hero_Wars__L5.png;31411_Screenshot_20260423_184722_Hero_Wars__L5.png;HW_HERO_0023;Juge;ACCEPTED;0.985557;0.150238;Juge;0.9999982118606567;HIGH;HW_HERO_0023;Juge;Juge;EXACT_ALIAS;1.0;juge;juge;CONFIRMED;HW_HERO_0023;Juge;0
31411;R;1;31411_Screenshot_20260423_184722_Hero_Wars__R1.png;31411_Screenshot_20260423_184722_Hero_Wars__R1.png;HW_HERO_0007;Champi et Gnon;ACCEPTED;0.980524;0.091154;Champi et Gnon;0.9970088553344134;HIGH;HW_HERO_0007;Champi et Gnon;Champi et Gnon;EXACT_ALIAS;1.0;champi et gnon;champi et gnon;CONFIRMED;HW_HERO_0007;Champi et Gnon;0
31411;R;2;31411_Screenshot_20260423_184722_Hero_Wars__R2.png;31411_Screenshot_20260423_184722_Hero_Wars__R2.png;HW_HERO_0051;Xe'Sha;ACCEPTED;0.983841;0.098719;Xe'Sha;0.9588973452779165;HIGH;HW_HERO_0051;Xe'Sha;Xe'Sha;EXACT_ALIAS;1.0;xe sha;xe sha;CONFIRMED;HW_HERO_0051;Xe'Sha;0
31411;R;3;31411_Screenshot_20260423_184722_Hero_Wars__R3.png;31411_Screenshot_20260423_184722_Hero_Wars__R3.png;HW_HERO_0066;Faceless;ACCEPTED;0.994277;0.125555;Sanface;0.9999792737675505;HIGH;HW_HERO_0066;Faceless;Sanface;EXACT_ALIAS;1.0;sanface;sanface;CONFIRMED;HW_HERO_0066;Faceless;0
31411;R;4;31411_Screenshot_20260423_184722_Hero_Wars__R4.png;31411_Screenshot_20260423_184722_Hero_Wars__R4.png;HW_HERO_0003;Astaroth;ACCEPTED;0.915446;0.132534;Astaroth;0.9909766104554777;HIGH;HW_HERO_0003;Astaroth;Astaroth;EXACT_ALIAS;1.0;astaroth;astaroth;CONFIRMED;HW_HERO_0003;Astaroth;0
31411;R;5;31411_Screenshot_20260423_184722_Hero_Wars__R5.png;31411_Screenshot_20260423_184722_Hero_Wars__R5.png;HW_HERO_0001;Aidan;ACCEPTED;0.977984;0.092984;Aidan;0.9999779821091954;HIGH;HW_HERO_0001;Aidan;Aidan;EXACT_ALIAS;1.0;aidan;aidan;CONFIRMED;HW_HERO_0001;Aidan;0
31486;L;1;31486_Screenshot_20260416_184812_Hero_Wars__L1.png;31486_Screenshot_20260416_184812_Hero_Wars__L1.png;HW_HERO_0026;Kayla;ACCEPTED;0.969556;0.103989;Kayla Ao I;0.7016544490956729;MEDIUM;;;Kayla;NO_MATCH;0.6666666666666666;kayla ao i;;VISUAL_ONLY;HW_HERO_0026;Kayla;0
31486;L;2;31486_Screenshot_20260416_184812_Hero_Wars__L2.png;31486_Screenshot_20260416_184812_Hero_Wars__L2.png;HW_HERO_0024;Julius;ACCEPTED;0.969683;0.132758;Julius I;0.9024831651553156;HIGH;HW_HERO_0024;Julius;Julius;VISUAL_ALIAS_EDGE_NOISE;1.0;julius i;julius;CONFIRMED;HW_HERO_0024;Julius;0
31486;L;3;31486_Screenshot_20260416_184812_Hero_Wars__L3.png;31486_Screenshot_20260416_184812_Hero_Wars__L3.png;HW_HERO_0039;Oya;ACCEPTED;0.949499;0.090455;Oya a I;0.6549434787503353;MEDIUM;;;Oya;NO_MATCH;0.6;oya a i;;VISUAL_ONLY;HW_HERO_0039;Oya;0
31486;L;4;31486_Screenshot_20260416_184812_Hero_Wars__L4.png;31486_Screenshot_20260416_184812_Hero_Wars__L4.png;HW_HERO_0050;Tristan;ACCEPTED;0.949994;0.088676;Tristan a;0.8850565766590328;HIGH;HW_HERO_0050;Tristan;Tristan;VISUAL_ALIAS_EDGE_NOISE;1.0;tristan a;tristan;CONFIRMED;HW_HERO_0050;Tristan;0
31486;L;5;31486_Screenshot_20260416_184812_Hero_Wars__L5.png;31486_Screenshot_20260416_184812_Hero_Wars__L5.png;HW_HERO_0013;Fafnir;ACCEPTED;0.94292;0.108036;Fafnir;0.9999851565436978;HIGH;HW_HERO_0013;Fafnir;Fafnir;EXACT_ALIAS;1.0;fafnir;fafnir;CONFIRMED;HW_HERO_0013;Fafnir;0
31486;R;1;31486_Screenshot_20260416_184812_Hero_Wars__R1.png;31486_Screenshot_20260416_184812_Hero_Wars__R1.png;HW_HERO_0024;Julius;ACCEPTED;0.972801;0.132751;ó a Julius;0.7879247682899285;MEDIUM;;;Julius;NO_MATCH;0.75;o a julius;;VISUAL_ONLY;HW_HERO_0024;Julius;0
31486;R;2;31486_Screenshot_20260416_184812_Hero_Wars__R2.png;31486_Screenshot_20260416_184812_Hero_Wars__R2.png;HW_HERO_0016;Ginger;ACCEPTED;0.957537;0.058169;ł Y Ginger;0.7740914276232795;MEDIUM;;;Ginger;NO_MATCH;0.75;ł y ginger;;VISUAL_ONLY;HW_HERO_0016;Ginger;0
31486;R;3;31486_Screenshot_20260416_184812_Hero_Wars__R3.png;31486_Screenshot_20260416_184812_Hero_Wars__R3.png;HW_HERO_0067;Arachné;ACCEPTED;0.975663;0.077411;z a Arachné;0.6513276412794066;MEDIUM;;;Arachné;NO_MATCH;0.7777777777777778;z a arachne;;VISUAL_ONLY;HW_HERO_0067;Arachné;0
31486;R;4;31486_Screenshot_20260416_184812_Hero_Wars__R4.png;31486_Screenshot_20260416_184812_Hero_Wars__R4.png;HW_HERO_0039;Oya;ACCEPTED;0.9514;0.079883;B Oya;0.9780267234599864;HIGH;HW_HERO_0039;Oya;Oya;VISUAL_ALIAS_EDGE_NOISE;1.0;b oya;oya;CONFIRMED;HW_HERO_0039;Oya;0
31486;R;5;31486_Screenshot_20260416_184812_Hero_Wars__R5.png;31486_Screenshot_20260416_184812_Hero_Wars__R5.png;HW_HERO_0056;Isaac;ACCEPTED;0.977672;0.135502;I Isaac;0.8468617741075962;MEDIUM;;;Isaac;NO_MATCH;0.8333333333333334;i isaac;;VISUAL_ONLY;HW_HERO_0056;Isaac;0
31534;L;1;31534_Screenshot_20260427_183652_com_nexters_herowars_MessagingUnityPlayerActivity__L1.png;31534_Screenshot_20260427_183652_com_nexters_herowars_MessagingUnityPlayerActivity__L1.png;HW_HERO_0018;Iris;ACCEPTED;0.974043;0.075851;Iris T;0.8114742166752145;MEDIUM;;;Iris;NO_MATCH;0.8;iris t;;VISUAL_ONLY;HW_HERO_0018;Iris;0
31534;L;2;31534_Screenshot_20260427_183652_com_nexters_herowars_MessagingUnityPlayerActivity__L2.png;31534_Screenshot_20260427_183652_com_nexters_herowars_MessagingUnityPlayerActivity__L2.png;HW_HERO_0038;Orion;ACCEPTED;0.94486;0.068532;Orion;0.9999551111644512;HIGH;HW_HERO_0038;Orion;Orion;EXACT_ALIAS;1.0;orion;orion;CONFIRMED;HW_HERO_0038;Orion;0
31534;L;3;31534_Screenshot_20260427_183652_com_nexters_herowars_MessagingUnityPlayerActivity__L3.png;31534_Screenshot_20260427_183652_com_nexters_herowars_MessagingUnityPlayerActivity__L3.png;HW_HERO_0064;Helios;ACCEPTED;0.974273;0.101869;Helios T;0.8742692982738746;HIGH;HW_HERO_0064;Helios;Helios;VISUAL_ALIAS_EDGE_NOISE;1.0;helios t;helios;CONFIRMED;HW_HERO_0064;Helios;0
31534;L;4;31534_Screenshot_20260427_183652_com_nexters_herowars_MessagingUnityPlayerActivity__L4.png;31534_Screenshot_20260427_183652_com_nexters_herowars_MessagingUnityPlayerActivity__L4.png;HW_HERO_0003;Astaroth;ACCEPTED;0.925354;0.123926;Astaroth T;0.894551770865388;HIGH;HW_HERO_0003;Astaroth;Astaroth;VISUAL_ALIAS_EDGE_NOISE;1.0;astaroth t;astaroth;CONFIRMED;HW_HERO_0003;Astaroth;0
31534;L;5;31534_Screenshot_20260427_183652_com_nexters_herowars_MessagingUnityPlayerActivity__L5.png;31534_Screenshot_20260427_183652_com_nexters_herowars_MessagingUnityPlayerActivity__L5.png;HW_HERO_0036;Nébula;ACCEPTED;0.969555;0.075163;Nébula;0.9999519654229037;HIGH;HW_HERO_0036;Nébula;Nébula;EXACT_ALIAS;1.0;nebula;nebula;CONFIRMED;HW_HERO_0036;Nébula;0
31534;R;1;31534_Screenshot_20260427_183652_com_nexters_herowars_MessagingUnityPlayerActivity__R1.png;31534_Screenshot_20260427_183652_com_nexters_herowars_MessagingUnityPlayerActivity__R1.png;HW_HERO_0008;Corvus;ACCEPTED;0.94002;0.078452;a Corvus;0.8588775330412978;HIGH;HW_HERO_0008;Corvus;Corvus;VISUAL_ALIAS_EDGE_NOISE;1.0;a corvus;corvus;CONFIRMED;HW_HERO_0008;Corvus;0
31534;R;2;31534_Screenshot_20260427_183652_com_nexters_herowars_MessagingUnityPlayerActivity__R2.png;31534_Screenshot_20260427_183652_com_nexters_herowars_MessagingUnityPlayerActivity__R2.png;HW_HERO_0052;Yasmine;ACCEPTED;0.96869;0.075377;I a Yasmine;0.72014102786689;MEDIUM;;;Yasmine;NO_MATCH;0.7777777777777778;i a yasmine;;VISUAL_ONLY;HW_HERO_0052;Yasmine;0
31534;R;3;31534_Screenshot_20260427_183652_com_nexters_herowars_MessagingUnityPlayerActivity__R3.png;31534_Screenshot_20260427_183652_com_nexters_herowars_MessagingUnityPlayerActivity__R3.png;HW_HERO_0046;Sébastien;ACCEPTED;0.933585;0.074858;I a Sébastien;0.8819174752135394;HIGH;HW_HERO_0046;Sébastien;Sébastien;VISUAL_ALIAS_EDGE_NOISE;1.0;i a sebastien;sebastien;CONFIRMED;HW_HERO_0046;Sébastien;0
31534;R;4;31534_Screenshot_20260427_183652_com_nexters_herowars_MessagingUnityPlayerActivity__R4.png;31534_Screenshot_20260427_183652_com_nexters_herowars_MessagingUnityPlayerActivity__R4.png;HW_HERO_0005;Cascade;ACCEPTED;0.933863;0.049089;' P Cascade;0.8385160917904371;MEDIUM;;;Cascade;NO_MATCH;0.875;p cascade;;VISUAL_ONLY;HW_HERO_0005;Cascade;0
31534;R;5;31534_Screenshot_20260427_183652_com_nexters_herowars_MessagingUnityPlayerActivity__R5.png;31534_Screenshot_20260427_183652_com_nexters_herowars_MessagingUnityPlayerActivity__R5.png;HW_HERO_0039;Oya;ACCEPTED;0.954291;0.090349;' Oya;0.7692111839131666;MEDIUM;HW_HERO_0039;Oya;Oya;EXACT_ALIAS;1.0;oya;oya;CONFIRMED;HW_HERO_0039;Oya;0
31655;L;1;31655_Screenshot_20260422-073632__L1.png;31655_Screenshot_20260422-073632__L1.png;HW_HERO_0018;Iris;ACCEPTED;0.960584;0.075285;Iris;0.9996368288993835;HIGH;HW_HERO_0018;Iris;Iris;EXACT_ALIAS;1.0;iris;iris;CONFIRMED;HW_HERO_0018;Iris;0
31655;L;2;31655_Screenshot_20260422-073632__L2.png;31655_Screenshot_20260422-073632__L2.png;HW_HERO_0014;Folio;ACCEPTED;0.95648;0.125413;Folio;0.9999871517946433;HIGH;HW_HERO_0014;Folio;Folio;EXACT_ALIAS;1.0;folio;folio;CONFIRMED;HW_HERO_0014;Folio;0
31655;L;3;31655_Screenshot_20260422-073632__L3.png;31655_Screenshot_20260422-073632__L3.png;HW_HERO_0012;Electra von Grave;ACCEPTED;0.948119;0.075918;Electra von Grave;0.9280019170674726;HIGH;HW_HERO_0012;Electra von Grave;Electra von Grave;EXACT_ALIAS;1.0;electra von grave;electra von grave;CONFIRMED;HW_HERO_0012;Electra von Grave;0
31655;L;4;31655_Screenshot_20260422-073632__L4.png;31655_Screenshot_20260422-073632__L4.png;HW_HERO_0010;Dante;ACCEPTED;0.967621;0.097842;Dante;0.9999717978971265;HIGH;HW_HERO_0010;Dante;Dante;EXACT_ALIAS;1.0;dante;dante;CONFIRMED;HW_HERO_0010;Dante;0
31655;L;5;31655_Screenshot_20260422-073632__L5.png;31655_Screenshot_20260422-073632__L5.png;HW_HERO_0048;Somna;ACCEPTED;0.918113;0.08553;Somna;0.9937793614586836;HIGH;HW_HERO_0048;Somna;Somna;EXACT_ALIAS;1.0;somna;somna;CONFIRMED;HW_HERO_0048;Somna;0
31655;R;1;31655_Screenshot_20260422-073632__R1.png;31655_Screenshot_20260422-073632__R1.png;HW_HERO_0052;Yasmine;ACCEPTED;0.959699;0.078901;à Yasmine;0.8760866891956556;HIGH;HW_HERO_0052;Yasmine;Yasmine;VISUAL_ALIAS_EDGE_NOISE;1.0;a yasmine;yasmine;CONFIRMED;HW_HERO_0052;Yasmine;0
31655;R;2;31655_Screenshot_20260422-073632__R2.png;31655_Screenshot_20260422-073632__R2.png;HW_HERO_0004;Byrna;ACCEPTED;0.967946;0.10651;Byrna;0.9999679594183994;HIGH;HW_HERO_0004;Byrna;Byrna;EXACT_ALIAS;1.0;byrna;byrna;CONFIRMED;HW_HERO_0004;Byrna;0
31655;R;3;31655_Screenshot_20260422-073632__R3.png;31655_Screenshot_20260422-073632__R3.png;HW_HERO_0048;Somna;ACCEPTED;0.908137;0.088732;Somna;0.9999056905205423;HIGH;HW_HERO_0048;Somna;Somna;EXACT_ALIAS;1.0;somna;somna;CONFIRMED;HW_HERO_0048;Somna;0
31655;R;4;31655_Screenshot_20260422-073632__R4.png;31655_Screenshot_20260422-073632__R4.png;HW_HERO_0017;Guus;ACCEPTED;0.958506;0.138883;Guus;0.999865710735321;HIGH;HW_HERO_0017;Guus;Guus;EXACT_ALIAS;1.0;guus;guus;CONFIRMED;HW_HERO_0017;Guus;0
31655;R;5;31655_Screenshot_20260422-073632__R5.png;31655_Screenshot_20260422-073632__R5.png;HW_HERO_0037;Octavia;ACCEPTED;0.95001;0.072965;Octavia;0.9996579994249258;HIGH;HW_HERO_0037;Octavia;Octavia;EXACT_ALIAS;1.0;octavia;octavia;CONFIRMED;HW_HERO_0037;Octavia;0
32344;L;1;32344_Screenshot_20260408_101335_Hero_Wars__L1.png;32344_Screenshot_20260408_101335_Hero_Wars__L1.png;HW_HERO_0026;Kayla;ACCEPTED;0.98336;0.105492;Kayla aa i;0.6486971163466608;MEDIUM;;;Kayla;NO_MATCH;0.6666666666666666;kayla aa i;;VISUAL_ONLY;HW_HERO_0026;Kayla;0
32344;L;2;32344_Screenshot_20260408_101335_Hero_Wars__L2.png;32344_Screenshot_20260408_101335_Hero_Wars__L2.png;HW_HERO_0039;Oya;ACCEPTED;0.952887;0.082136;Oya i;0.8212989914571549;MEDIUM;;;Oya;NO_MATCH;0.75;oya i;;VISUAL_ONLY;HW_HERO_0039;Oya;0
32344;L;3;32344_Screenshot_20260408_101335_Hero_Wars__L3.png;32344_Screenshot_20260408_101335_Hero_Wars__L3.png;HW_HERO_0048;Somna;ACCEPTED;0.973146;0.106102;Somna I ù;0.7061396822680456;MEDIUM;;;Somna;NO_MATCH;0.7142857142857143;somna i u;;VISUAL_ONLY;HW_HERO_0048;Somna;0
32344;L;4;32344_Screenshot_20260408_101335_Hero_Wars__L4.png;32344_Screenshot_20260408_101335_Hero_Wars__L4.png;HW_HERO_0017;Guus;ACCEPTED;0.970629;0.131673;Guus i;0.8575659889667584;HIGH;HW_HERO_0017;Guus;Guus;VISUAL_ALIAS_EDGE_NOISE;1.0;guus i;guus;CONFIRMED;HW_HERO_0017;Guus;0
32344;L;5;32344_Screenshot_20260408_101335_Hero_Wars__L5.png;32344_Screenshot_20260408_101335_Hero_Wars__L5.png;HW_HERO_0001;Aidan;ACCEPTED;0.974742;0.090098;Aidan;0.9927504397803968;HIGH;HW_HERO_0001;Aidan;Aidan;EXACT_ALIAS;1.0;aidan;aidan;CONFIRMED;HW_HERO_0001;Aidan;0
32344;R;1;32344_Screenshot_20260408_101335_Hero_Wars__R1.png;32344_Screenshot_20260408_101335_Hero_Wars__R1.png;HW_HERO_0014;Folio;ACCEPTED;0.974431;0.138702;Z Joo Folio;0.6070420929882782;MEDIUM;;;Folio;NO_MATCH;0.625;z joo folio;;VISUAL_ONLY;HW_HERO_0014;Folio;0
32344;R;2;32344_Screenshot_20260408_101335_Hero_Wars__R2.png;32344_Screenshot_20260408_101335_Hero_Wars__R2.png;HW_HERO_0042;Polaris;ACCEPTED;0.981963;0.10367;g Polaris;0.9639341213614825;HIGH;HW_HERO_0042;Polaris;Polaris;VISUAL_ALIAS_EDGE_NOISE;1.0;g polaris;polaris;CONFIRMED;HW_HERO_0042;Polaris;0
32344;R;3;32344_Screenshot_20260408_101335_Hero_Wars__R3.png;32344_Screenshot_20260408_101335_Hero_Wars__R3.png;HW_HERO_0048;Somna;ACCEPTED;0.96421;0.114483;A Somna;0.8544833832737431;HIGH;HW_HERO_0048;Somna;Somna;VISUAL_ALIAS_EDGE_NOISE;1.0;a somna;somna;CONFIRMED;HW_HERO_0048;Somna;0
32344;R;4;32344_Screenshot_20260408_101335_Hero_Wars__R4.png;32344_Screenshot_20260408_101335_Hero_Wars__R4.png;HW_HERO_0024;Julius;ACCEPTED;0.981912;0.147293;ë Julius;0.8692426989962999;HIGH;HW_HERO_0024;Julius;Julius;VISUAL_ALIAS_EDGE_NOISE;1.0;e julius;julius;CONFIRMED;HW_HERO_0024;Julius;0
32344;R;5;32344_Screenshot_20260408_101335_Hero_Wars__R5.png;32344_Screenshot_20260408_101335_Hero_Wars__R5.png;HW_HERO_0001;Aidan;ACCEPTED;0.951874;0.068858;Aidan;0.8112375234760532;MEDIUM;HW_HERO_0001;Aidan;Aidan;EXACT_ALIAS;1.0;aidan;aidan;CONFIRMED;HW_HERO_0001;Aidan;0
32625;L;1;32625_Screenshot_20260501-151333__L1.png;32625_Screenshot_20260501-151333__L1.png;HW_HERO_0014;Folio;ACCEPTED;0.957512;0.126539;Folio;0.9999851792468674;HIGH;HW_HERO_0014;Folio;Folio;EXACT_ALIAS;1.0;folio;folio;CONFIRMED;HW_HERO_0014;Folio;0
32625;L;2;32625_Screenshot_20260501-151333__L2.png;32625_Screenshot_20260501-151333__L2.png;HW_HERO_0008;Corvus;ACCEPTED;0.966692;0.114511;Corvus;0.9999155619734553;HIGH;HW_HERO_0008;Corvus;Corvus;EXACT_ALIAS;1.0;corvus;corvus;CONFIRMED;HW_HERO_0008;Corvus;0
32625;L;3;32625_Screenshot_20260501-151333__L3.png;32625_Screenshot_20260501-151333__L3.png;HW_HERO_0004;Byrna;ACCEPTED;0.972353;0.112596;Byrna I C;0.7858846624161224;MEDIUM;;;Byrna;NO_MATCH;0.7142857142857143;byrna i c;;VISUAL_ONLY;HW_HERO_0004;Byrna;0
32625;L;4;32625_Screenshot_20260501-151333__L4.png;32625_Screenshot_20260501-151333__L4.png;HW_HERO_0012;Electra von Grave;ACCEPTED;0.952077;0.076074;Electra von Grave G;0.9437258269534039;HIGH;HW_HERO_0012;Electra von Grave;Electra von Grave;FUZZY_ALIAS;0.9444444444444444;electra von grave g;electra von grave g;CONFIRMED;HW_HERO_0012;Electra von Grave;0
32625;L;5;32625_Screenshot_20260501-151333__L5.png;32625_Screenshot_20260501-151333__L5.png;HW_HERO_0001;Aidan;ACCEPTED;0.971859;0.087975;Aidan I;0.8590511225747125;HIGH;HW_HERO_0001;Aidan;Aidan;VISUAL_ALIAS_EDGE_NOISE;1.0;aidan i;aidan;CONFIRMED;HW_HERO_0001;Aidan;0
32625;R;1;32625_Screenshot_20260501-151333__R1.png;32625_Screenshot_20260501-151333__R1.png;HW_HERO_0018;Iris;ACCEPTED;0.961448;0.072448;o Iris;0.8991727348832861;HIGH;HW_HERO_0018;Iris;Iris;VISUAL_ALIAS_EDGE_NOISE;1.0;o iris;iris;CONFIRMED;HW_HERO_0018;Iris;0
32625;R;2;32625_Screenshot_20260501-151333__R2.png;32625_Screenshot_20260501-151333__R2.png;HW_HERO_0010;Dante;ACCEPTED;0.964012;0.097498;g Dante;0.856741973680677;HIGH;HW_HERO_0010;Dante;Dante;VISUAL_ALIAS_EDGE_NOISE;1.0;g dante;dante;CONFIRMED;HW_HERO_0010;Dante;0
32625;R;3;32625_Screenshot_20260501-151333__R3.png;32625_Screenshot_20260501-151333__R3.png;HW_HERO_0008;Corvus;ACCEPTED;0.974376;0.113255;o P Corvus;0.5973103369677563;LOW;;;Corvus;NO_MATCH;0.75;o p corvus;;VISUAL_ONLY;HW_HERO_0008;Corvus;0
32625;R;4;32625_Screenshot_20260501-151333__R4.png;32625_Screenshot_20260501-151333__R4.png;HW_HERO_0037;Octavia;ACCEPTED;0.95772;0.090014;o a Octavia;0.8242620816250836;MEDIUM;;;Octavia;NO_MATCH;0.7777777777777778;o a octavia;;VISUAL_ONLY;HW_HERO_0037;Octavia;0
32625;R;5;32625_Screenshot_20260501-151333__R5.png;32625_Screenshot_20260501-151333__R5.png;HW_HERO_0055;Morrigan;ACCEPTED;0.990004;0.107371;Z O Morrigan;0.8151857264205317;MEDIUM;;;Morrigan;NO_MATCH;0.8;z o morrigan;;VISUAL_ONLY;HW_HERO_0055;Morrigan;0
32636;L;1;32636_Screenshot_20260501-151200__L1.png;32636_Screenshot_20260501-151200__L1.png;HW_HERO_0042;Polaris;ACCEPTED;0.954678;0.082765;Polaris i;0.6305260808792793;MEDIUM;;;Polaris;NO_MATCH;0.875;polaris i;;VISUAL_ONLY;HW_HERO_0042;Polaris;0
32636;L;2;32636_Screenshot_20260501-151200__L2.png;32636_Screenshot_20260501-151200__L2.png;HW_HERO_0008;Corvus;ACCEPTED;0.970611;0.112975;Corvus I;0.8655284616131669;HIGH;HW_HERO_0008;Corvus;Corvus;VISUAL_ALIAS_EDGE_NOISE;1.0;corvus i;corvus;CONFIRMED;HW_HERO_0008;Corvus;0
32636;L;3;32636_Screenshot_20260501-151200__L3.png;32636_Screenshot_20260501-151200__L3.png;HW_HERO_0004;Byrna;ACCEPTED;0.969563;0.104211;Byrna I;0.8504275959120043;HIGH;HW_HERO_0004;Byrna;Byrna;VISUAL_ALIAS_EDGE_NOISE;1.0;byrna i;byrna;CONFIRMED;HW_HERO_0004;Byrna;0
32636;L;4;32636_Screenshot_20260501-151200__L4.png;32636_Screenshot_20260501-151200__L4.png;HW_HERO_0014;Folio;ACCEPTED;0.955043;0.117762;Folio i;0.8651573414979765;HIGH;HW_HERO_0014;Folio;Folio;VISUAL_ALIAS_EDGE_NOISE;1.0;folio i;folio;CONFIRMED;HW_HERO_0014;Folio;0
32636;L;5;32636_Screenshot_20260501-151200__L5.png;32636_Screenshot_20260501-151200__L5.png;HW_HERO_0001;Aidan;ACCEPTED;0.97295;0.087624;Aidan I;0.8529583254541776;HIGH;HW_HERO_0001;Aidan;Aidan;VISUAL_ALIAS_EDGE_NOISE;1.0;aidan i;aidan;CONFIRMED;HW_HERO_0001;Aidan;0
32636;R;1;32636_Screenshot_20260501-151200__R1.png;32636_Screenshot_20260501-151200__R1.png;HW_HERO_0018;Iris;ACCEPTED;0.959171;0.074235;O Iris;0.8229300465994835;MEDIUM;;;Iris;NO_MATCH;0.8;o iris;;VISUAL_ONLY;HW_HERO_0018;Iris;0
32636;R;2;32636_Screenshot_20260501-151200__R2.png;32636_Screenshot_20260501-151200__R2.png;HW_HERO_0008;Corvus;ACCEPTED;0.979048;0.110781;o a Corvus;0.7695375315871811;MEDIUM;;;Corvus;NO_MATCH;0.75;o a corvus;;VISUAL_ONLY;HW_HERO_0008;Corvus;0
32636;R;3;32636_Screenshot_20260501-151200__R3.png;32636_Screenshot_20260501-151200__R3.png;HW_HERO_0010;Dante;ACCEPTED;0.973284;0.101646;B M Dante;0.7923973003064094;MEDIUM;;;Dante;NO_MATCH;0.7142857142857143;b m dante;;VISUAL_ONLY;HW_HERO_0010;Dante;0
32636;R;4;32636_Screenshot_20260501-151200__R4.png;32636_Screenshot_20260501-151200__R4.png;HW_HERO_0055;Morrigan;ACCEPTED;0.983226;0.099605;Z Morrigan;0.900953450471666;HIGH;HW_HERO_0055;Morrigan;Morrigan;VISUAL_ALIAS_EDGE_NOISE;1.0;z morrigan;morrigan;CONFIRMED;HW_HERO_0055;Morrigan;0
32636;R;5;32636_Screenshot_20260501-151200__R5.png;32636_Screenshot_20260501-151200__R5.png;HW_HERO_0037;Octavia;ACCEPTED;0.960067;0.083461;o Octavia;0.8844913623858237;HIGH;HW_HERO_0037;Octavia;Octavia;VISUAL_ALIAS_EDGE_NOISE;1.0;o octavia;octavia;CONFIRMED;HW_HERO_0037;Octavia;0
32725;L;1;32725_Screenshot_20260503_210257_Hero_Wars__L1.png;32725_Screenshot_20260503_210257_Hero_Wars__L1.png;HW_HERO_0026;Kayla;ACCEPTED;0.950887;0.099352;Kayla;0.9997695071713156;HIGH;HW_HERO_0026;Kayla;Kayla;EXACT_ALIAS;1.0;kayla;kayla;CONFIRMED;HW_HERO_0026;Kayla;0
32725;L;2;32725_Screenshot_20260503_210257_Hero_Wars__L2.png;32725_Screenshot_20260503_210257_Hero_Wars__L2.png;HW_HERO_0014;Folio;ACCEPTED;0.965627;0.115507;Folio i;0.9279516822913895;HIGH;HW_HERO_0014;Folio;Folio;VISUAL_ALIAS_EDGE_NOISE;1.0;folio i;folio;CONFIRMED;HW_HERO_0014;Folio;0
32725;L;3;32725_Screenshot_20260503_210257_Hero_Wars__L3.png;32725_Screenshot_20260503_210257_Hero_Wars__L3.png;HW_HERO_0010;Dante;ACCEPTED;0.937203;0.036358;Dante z a;0.755420457032218;MEDIUM;;;Dante;NO_MATCH;0.7142857142857143;dante z a;;VISUAL_ONLY;HW_HERO_0010;Dante;0
32725;L;4;32725_Screenshot_20260503_210257_Hero_Wars__L4.png;32725_Screenshot_20260503_210257_Hero_Wars__L4.png;HW_HERO_0037;Octavia;ACCEPTED;0.967992;0.086127;Octavia;0.9997104509772657;HIGH;HW_HERO_0037;Octavia;Octavia;EXACT_ALIAS;1.0;octavia;octavia;CONFIRMED;HW_HERO_0037;Octavia;0
32725;L;5;32725_Screenshot_20260503_210257_Hero_Wars__L5.png;32725_Screenshot_20260503_210257_Hero_Wars__L5.png;HW_HERO_0001;Aidan;ACCEPTED;0.978349;0.117987;Aidan;0.9999617751990144;HIGH;HW_HERO_0001;Aidan;Aidan;EXACT_ALIAS;1.0;aidan;aidan;CONFIRMED;HW_HERO_0001;Aidan;0
32725;R;1;32725_Screenshot_20260503_210257_Hero_Wars__R1.png;32725_Screenshot_20260503_210257_Hero_Wars__R1.png;HW_HERO_0051;Xe'Sha;ACCEPTED;0.972895;0.09875;I Xe'Sha;0.8629755520736678;HIGH;HW_HERO_0051;Xe'Sha;Xe'Sha;VISUAL_ALIAS_EDGE_NOISE;1.0;i xe sha;xe sha;CONFIRMED;HW_HERO_0051;Xe'Sha;0
32725;R;2;32725_Screenshot_20260503_210257_Hero_Wars__R2.png;32725_Screenshot_20260503_210257_Hero_Wars__R2.png;HW_HERO_0006;Céleste;ACCEPTED;0.937825;0.027414;A Céleste;0.9003744955741251;HIGH;HW_HERO_0006;Céleste;Céleste;VISUAL_ALIAS_EDGE_NOISE;1.0;a celeste;celeste;CONFIRMED;HW_HERO_0006;Céleste;0
32725;R;3;32725_Screenshot_20260503_210257_Hero_Wars__R3.png;32725_Screenshot_20260503_210257_Hero_Wars__R3.png;HW_HERO_0053;Ziri;ACCEPTED;0.912765;0.051593;B Ziri;0.8854281727562181;HIGH;HW_HERO_0053;Ziri;Ziri;VISUAL_ALIAS_EDGE_NOISE;1.0;b ziri;ziri;CONFIRMED;HW_HERO_0053;Ziri;0
32725;R;4;32725_Screenshot_20260503_210257_Hero_Wars__R4.png;32725_Screenshot_20260503_210257_Hero_Wars__R4.png;HW_HERO_0066;Faceless;ACCEPTED;0.97428;0.10995;B Sanface;0.8817973450583781;HIGH;HW_HERO_0066;Faceless;Sanface;VISUAL_ALIAS_EDGE_NOISE;1.0;b sanface;sanface;CONFIRMED;HW_HERO_0066;Faceless;0
32725;R;5;32725_Screenshot_20260503_210257_Hero_Wars__R5.png;32725_Screenshot_20260503_210257_Hero_Wars__R5.png;HW_HERO_0032;Martha;ACCEPTED;0.916059;0.071627;Martha;0.9999844752035315;HIGH;HW_HERO_0032;Martha;Martha;EXACT_ALIAS;1.0;martha;martha;CONFIRMED;HW_HERO_0032;Martha;0
33031;L;1;33031_Screenshot_20260501_194548_Hero_Wars__L1.png;33031_Screenshot_20260501_194548_Hero_Wars__L1.png;HW_HERO_0035;Mojo;ACCEPTED;0.9466;0.117985;Mojo a I;0.7909383727701943;MEDIUM;;;Mojo;NO_MATCH;0.6666666666666666;mojo a i;;VISUAL_ONLY;HW_HERO_0035;Mojo;0
33031;L;2;33031_Screenshot_20260501_194548_Hero_Wars__L2.png;33031_Screenshot_20260501_194548_Hero_Wars__L2.png;HW_HERO_0005;Cascade;ACCEPTED;0.942372;0.062774;Cascade I;0.9064663316654917;HIGH;HW_HERO_0005;Cascade;Cascade;VISUAL_ALIAS_EDGE_NOISE;1.0;cascade i;cascade;CONFIRMED;HW_HERO_0005;Cascade;0
33031;L;3;33031_Screenshot_20260501_194548_Hero_Wars__L3.png;33031_Screenshot_20260501_194548_Hero_Wars__L3.png;HW_HERO_0061;Lara Croft;ACCEPTED;0.985688;0.102367;Lara Croft a I;0.7592760915945224;MEDIUM;;;Lara Croft;NO_MATCH;0.8333333333333334;lara croft a i;;VISUAL_ONLY;HW_HERO_0061;Lara Croft;0
33031;L;4;33031_Screenshot_20260501_194548_Hero_Wars__L4.png;33031_Screenshot_20260501_194548_Hero_Wars__L4.png;HW_HERO_0056;Isaac;ACCEPTED;0.979972;0.1454;Isaac à I;0.7523324117353666;MEDIUM;;;Isaac;NO_MATCH;0.7142857142857143;isaac a i;;VISUAL_ONLY;HW_HERO_0056;Isaac;0
33031;L;5;33031_Screenshot_20260501_194548_Hero_Wars__L5.png;33031_Screenshot_20260501_194548_Hero_Wars__L5.png;HW_HERO_0007;Champi et Gnon;ACCEPTED;0.979488;0.086595;Champi et Gnon a;0.9330184908069259;HIGH;HW_HERO_0007;Champi et Gnon;Champi et Gnon;VISUAL_ALIAS_EDGE_NOISE;1.0;champi et gnon a;champi et gnon;CONFIRMED;HW_HERO_0007;Champi et Gnon;0
33031;R;1;33031_Screenshot_20260501_194548_Hero_Wars__R1.png;33031_Screenshot_20260501_194548_Hero_Wars__R1.png;HW_HERO_0052;Yasmine;ACCEPTED;0.964177;0.08844;B a Yasmine;0.7904420395613285;MEDIUM;;;Yasmine;NO_MATCH;0.7777777777777778;b a yasmine;;VISUAL_ONLY;HW_HERO_0052;Yasmine;0
33031;R;2;33031_Screenshot_20260501_194548_Hero_Wars__R2.png;33031_Screenshot_20260501_194548_Hero_Wars__R2.png;HW_HERO_0050;Tristan;ACCEPTED;0.954575;0.093259;A Tristan;0.9241019131381738;HIGH;HW_HERO_0050;Tristan;Tristan;VISUAL_ALIAS_EDGE_NOISE;1.0;a tristan;tristan;CONFIRMED;HW_HERO_0050;Tristan;0
33031;R;3;33031_Screenshot_20260501_194548_Hero_Wars__R3.png;33031_Screenshot_20260501_194548_Hero_Wars__R3.png;HW_HERO_0039;Oya;ACCEPTED;0.952964;0.076967;Oya;0.999817614612606;HIGH;HW_HERO_0039;Oya;Oya;EXACT_ALIAS;1.0;oya;oya;CONFIRMED;HW_HERO_0039;Oya;0
33031;R;4;33031_Screenshot_20260501_194548_Hero_Wars__R4.png;33031_Screenshot_20260501_194548_Hero_Wars__R4.png;HW_HERO_0024;Julius;ACCEPTED;0.973315;0.127648;g Julius;0.871933175086183;HIGH;HW_HERO_0024;Julius;Julius;VISUAL_ALIAS_EDGE_NOISE;1.0;g julius;julius;CONFIRMED;HW_HERO_0024;Julius;0
33031;R;5;33031_Screenshot_20260501_194548_Hero_Wars__R5.png;33031_Screenshot_20260501_194548_Hero_Wars__R5.png;HW_HERO_0013;Fafnir;ACCEPTED;0.936856;0.110845;Z Fafnir;0.8621173941828936;HIGH;HW_HERO_0013;Fafnir;Fafnir;VISUAL_ALIAS_EDGE_NOISE;1.0;z fafnir;fafnir;CONFIRMED;HW_HERO_0013;Fafnir;0
33474;L;1;33474_IMG_4572__L1.png;33474_IMG_4572__L1.png;HW_HERO_0018;Iris;ACCEPTED;0.960047;0.055967;Iris;0.9985025525093079;HIGH;HW_HERO_0018;Iris;Iris;EXACT_ALIAS;1.0;iris;iris;CONFIRMED;HW_HERO_0018;Iris;0
33474;L;2;33474_IMG_4572__L2.png;33474_IMG_4572__L2.png;HW_HERO_0004;Byrna;ACCEPTED;0.971842;0.1143;Byrna;0.9999747300672046;HIGH;HW_HERO_0004;Byrna;Byrna;EXACT_ALIAS;1.0;byrna;byrna;CONFIRMED;HW_HERO_0004;Byrna;0
33474;L;3;33474_IMG_4572__L3.png;33474_IMG_4572__L3.png;HW_HERO_0042;Polaris;ACCEPTED;0.94641;0.074693;Polaris;0.9999895918440854;HIGH;HW_HERO_0042;Polaris;Polaris;EXACT_ALIAS;1.0;polaris;polaris;CONFIRMED;HW_HERO_0042;Polaris;0
33474;L;4;33474_IMG_4572__L4.png;33474_IMG_4572__L4.png;HW_HERO_0012;Electra von Grave;ACCEPTED;0.958799;0.082217;Electra von Grave;0.9943833611385817;HIGH;HW_HERO_0012;Electra von Grave;Electra von Grave;EXACT_ALIAS;1.0;electra von grave;electra von grave;CONFIRMED;HW_HERO_0012;Electra von Grave;0
33474;L;5;33474_IMG_4572__L5.png;33474_IMG_4572__L5.png;HW_HERO_0001;Aidan;ACCEPTED;0.981213;0.093395;Aidan;0.999972437643412;HIGH;HW_HERO_0001;Aidan;Aidan;EXACT_ALIAS;1.0;aidan;aidan;CONFIRMED;HW_HERO_0001;Aidan;0
33474;R;1;33474_IMG_4572__R1.png;33474_IMG_4572__R1.png;HW_HERO_0018;Iris;ACCEPTED;0.970565;0.080019;Iris;0.9980500936508179;HIGH;HW_HERO_0018;Iris;Iris;EXACT_ALIAS;1.0;iris;iris;CONFIRMED;HW_HERO_0018;Iris;0
33474;R;2;33474_IMG_4572__R2.png;33474_IMG_4572__R2.png;HW_HERO_0057;Drayne;ACCEPTED;0.972658;0.107581;Drayne;0.9999585841998938;HIGH;HW_HERO_0057;Drayne;Drayne;EXACT_ALIAS;1.0;drayne;drayne;CONFIRMED;HW_HERO_0057;Drayne;0
33474;R;3;33474_IMG_4572__R3.png;33474_IMG_4572__R3.png;HW_HERO_0004;Byrna;ACCEPTED;0.966609;0.098199;Byrna;0.9999416764548356;HIGH;HW_HERO_0004;Byrna;Byrna;EXACT_ALIAS;1.0;byrna;byrna;CONFIRMED;HW_HERO_0004;Byrna;0
33474;R;4;33474_IMG_4572__R4.png;33474_IMG_4572__R4.png;HW_HERO_0048;Somna;ACCEPTED;0.964867;0.11162;Somna;0.9998725833259797;HIGH;HW_HERO_0048;Somna;Somna;EXACT_ALIAS;1.0;somna;somna;CONFIRMED;HW_HERO_0048;Somna;0
33474;R;5;33474_IMG_4572__R5.png;33474_IMG_4572__R5.png;HW_HERO_0037;Octavia;ACCEPTED;0.969986;0.084253;Octavia;0.9998729660562942;HIGH;HW_HERO_0037;Octavia;Octavia;EXACT_ALIAS;1.0;octavia;octavia;CONFIRMED;HW_HERO_0037;Octavia;0
33535;L;1;33535_C3FAE941-208B-4795-9EA8-74F6C2A069D8__L1.png;33535_C3FAE941-208B-4795-9EA8-74F6C2A069D8__L1.png;HW_HERO_0014;Folio;ACCEPTED;0.948588;0.119039;Folio;0.9999899773352521;HIGH;HW_HERO_0014;Folio;Folio;EXACT_ALIAS;1.0;folio;folio;CONFIRMED;HW_HERO_0014;Folio;0
33535;L;2;33535_C3FAE941-208B-4795-9EA8-74F6C2A069D8__L2.png;33535_C3FAE941-208B-4795-9EA8-74F6C2A069D8__L2.png;HW_HERO_0045;Satori;ACCEPTED;0.974453;0.064088;Satori;0.9999876872348312;HIGH;HW_HERO_0045;Satori;Satori;EXACT_ALIAS;1.0;satori;satori;CONFIRMED;HW_HERO_0045;Satori;0
33535;L;3;33535_C3FAE941-208B-4795-9EA8-74F6C2A069D8__L3.png;33535_C3FAE941-208B-4795-9EA8-74F6C2A069D8__L3.png;HW_HERO_0042;Polaris;ACCEPTED;0.95557;0.086448;Polaris;0.9999805804254318;HIGH;HW_HERO_0042;Polaris;Polaris;EXACT_ALIAS;1.0;polaris;polaris;CONFIRMED;HW_HERO_0042;Polaris;0
33535;L;4;33535_C3FAE941-208B-4795-9EA8-74F6C2A069D8__L4.png;33535_C3FAE941-208B-4795-9EA8-74F6C2A069D8__L4.png;HW_HERO_0024;Julius;ACCEPTED;0.960116;0.127887;Julius;0.999997809984971;HIGH;HW_HERO_0024;Julius;Julius;EXACT_ALIAS;1.0;julius;julius;CONFIRMED;HW_HERO_0024;Julius;0
33535;L;5;33535_C3FAE941-208B-4795-9EA8-74F6C2A069D8__L5.png;33535_C3FAE941-208B-4795-9EA8-74F6C2A069D8__L5.png;HW_HERO_0058;Cornélius;ACCEPTED;0.941454;0.133162;Cornelius;0.9817674090152312;HIGH;HW_HERO_0058;Cornélius;Cornélius;EXACT_ALIAS;1.0;cornelius;cornelius;CONFIRMED;HW_HERO_0058;Cornélius;0
33535;R;1;33535_C3FAE941-208B-4795-9EA8-74F6C2A069D8__R1.png;33535_C3FAE941-208B-4795-9EA8-74F6C2A069D8__R1.png;HW_HERO_0004;Byrna;ACCEPTED;0.955973;0.090598;Byrna;0.999962788131809;HIGH;HW_HERO_0004;Byrna;Byrna;EXACT_ALIAS;1.0;byrna;byrna;CONFIRMED;HW_HERO_0004;Byrna;0
33535;R;2;33535_C3FAE941-208B-4795-9EA8-74F6C2A069D8__R2.png;33535_C3FAE941-208B-4795-9EA8-74F6C2A069D8__R2.png;HW_HERO_0051;Xe'Sha;ACCEPTED;0.981056;0.090143;Xe'Sha;0.999214883524507;HIGH;HW_HERO_0051;Xe'Sha;Xe'Sha;EXACT_ALIAS;1.0;xe sha;xe sha;CONFIRMED;HW_HERO_0051;Xe'Sha;0
33535;R;3;33535_C3FAE941-208B-4795-9EA8-74F6C2A069D8__R3.png;33535_C3FAE941-208B-4795-9EA8-74F6C2A069D8__R3.png;HW_HERO_0042;Polaris;ACCEPTED;0.963705;0.097734;Polaris;0.9999922051505907;HIGH;HW_HERO_0042;Polaris;Polaris;EXACT_ALIAS;1.0;polaris;polaris;CONFIRMED;HW_HERO_0042;Polaris;0
33535;R;4;33535_C3FAE941-208B-4795-9EA8-74F6C2A069D8__R4.png;33535_C3FAE941-208B-4795-9EA8-74F6C2A069D8__R4.png;HW_HERO_0012;Electra von Grave;ACCEPTED;0.951092;0.082026;Electra von Grave;0.8321684527355847;MEDIUM;HW_HERO_0012;Electra von Grave;Electra von Grave;EXACT_ALIAS;1.0;electra von grave;electra von grave;CONFIRMED;HW_HERO_0012;Electra von Grave;0
33535;R;5;33535_C3FAE941-208B-4795-9EA8-74F6C2A069D8__R5.png;33535_C3FAE941-208B-4795-9EA8-74F6C2A069D8__R5.png;HW_HERO_0001;Aidan;ACCEPTED;0.969033;0.083881;Aidan;0.9999779287970416;HIGH;HW_HERO_0001;Aidan;Aidan;EXACT_ALIAS;1.0;aidan;aidan;CONFIRMED;HW_HERO_0001;Aidan;0
33658;L;1;33658_Screenshot_20260518_212650_com_nexters_herowars_MessagingUnityPlayerActivity__L1.png;33658_Screenshot_20260518_212650_com_nexters_herowars_MessagingUnityPlayerActivity__L1.png;HW_HERO_0026;Kayla;ACCEPTED;0.967183;0.10171;Kayla;0.9999477007518613;HIGH;HW_HERO_0026;Kayla;Kayla;EXACT_ALIAS;1.0;kayla;kayla;CONFIRMED;HW_HERO_0026;Kayla;0
33658;L;2;33658_Screenshot_20260518_212650_com_nexters_herowars_MessagingUnityPlayerActivity__L2.png;33658_Screenshot_20260518_212650_com_nexters_herowars_MessagingUnityPlayerActivity__L2.png;HW_HERO_0042;Polaris;ACCEPTED;0.973971;0.086262;Polaris;0.8956752702542309;HIGH;HW_HERO_0042;Polaris;Polaris;EXACT_ALIAS;1.0;polaris;polaris;CONFIRMED;HW_HERO_0042;Polaris;0
33658;L;3;33658_Screenshot_20260518_212650_com_nexters_herowars_MessagingUnityPlayerActivity__L3.png;33658_Screenshot_20260518_212650_com_nexters_herowars_MessagingUnityPlayerActivity__L3.png;HW_HERO_0008;Corvus;ACCEPTED;0.91906;0.062646;Corvus;0.7880666072940731;MEDIUM;HW_HERO_0008;Corvus;Corvus;EXACT_ALIAS;1.0;corvus;corvus;CONFIRMED;HW_HERO_0008;Corvus;0
33658;L;4;33658_Screenshot_20260518_212650_com_nexters_herowars_MessagingUnityPlayerActivity__L4.png;33658_Screenshot_20260518_212650_com_nexters_herowars_MessagingUnityPlayerActivity__L4.png;HW_HERO_0017;Guus;ACCEPTED;0.968922;0.117231;Guus;0.9999362826347351;HIGH;HW_HERO_0017;Guus;Guus;EXACT_ALIAS;1.0;guus;guus;CONFIRMED;HW_HERO_0017;Guus;0
33658;L;5;33658_Screenshot_20260518_212650_com_nexters_herowars_MessagingUnityPlayerActivity__L5.png;33658_Screenshot_20260518_212650_com_nexters_herowars_MessagingUnityPlayerActivity__L5.png;HW_HERO_0001;Aidan;ACCEPTED;0.971236;0.082471;Aidan;0.9999397038964712;HIGH;HW_HERO_0001;Aidan;Aidan;EXACT_ALIAS;1.0;aidan;aidan;CONFIRMED;HW_HERO_0001;Aidan;0
33658;R;1;33658_Screenshot_20260518_212650_com_nexters_herowars_MessagingUnityPlayerActivity__R1.png;33658_Screenshot_20260518_212650_com_nexters_herowars_MessagingUnityPlayerActivity__R1.png;HW_HERO_0018;Iris;ACCEPTED;0.978595;0.078541;B a Iris;0.7109095899068113;MEDIUM;;;Iris;NO_MATCH;0.6666666666666666;b a iris;;VISUAL_ONLY;HW_HERO_0018;Iris;0
33658;R;2;33658_Screenshot_20260518_212650_com_nexters_herowars_MessagingUnityPlayerActivity__R2.png;33658_Screenshot_20260518_212650_com_nexters_herowars_MessagingUnityPlayerActivity__R2.png;HW_HERO_0008;Corvus;ACCEPTED;0.933398;0.068664;ü Corvus;0.8579456769309429;HIGH;HW_HERO_0008;Corvus;Corvus;VISUAL_ALIAS_EDGE_NOISE;1.0;u corvus;corvus;CONFIRMED;HW_HERO_0008;Corvus;0
33658;R;3;33658_Screenshot_20260518_212650_com_nexters_herowars_MessagingUnityPlayerActivity__R3.png;33658_Screenshot_20260518_212650_com_nexters_herowars_MessagingUnityPlayerActivity__R3.png;HW_HERO_0049;Tempus;ACCEPTED;0.970067;0.108944;Tempus;0.9999457359767421;HIGH;HW_HERO_0049;Tempus;Tempus;EXACT_ALIAS;1.0;tempus;tempus;CONFIRMED;HW_HERO_0049;Tempus;0
33658;R;4;33658_Screenshot_20260518_212650_com_nexters_herowars_MessagingUnityPlayerActivity__R4.png;33658_Screenshot_20260518_212650_com_nexters_herowars_MessagingUnityPlayerActivity__R4.png;HW_HERO_0037;Octavia;ACCEPTED;0.970791;0.078045;Octavia;0.9998732524133951;HIGH;HW_HERO_0037;Octavia;Octavia;EXACT_ALIAS;1.0;octavia;octavia;CONFIRMED;HW_HERO_0037;Octavia;0
33658;R;5;33658_Screenshot_20260518_212650_com_nexters_herowars_MessagingUnityPlayerActivity__R5.png;33658_Screenshot_20260518_212650_com_nexters_herowars_MessagingUnityPlayerActivity__R5.png;HW_HERO_0012;Electra von Grave;ACCEPTED;0.966898;0.085769;B Electra von Grave;0.9537020799179928;HIGH;HW_HERO_0012;Electra von Grave;Electra von Grave;FUZZY_ALIAS;0.9444444444444444;b electra von grave;b electra von grave;CONFIRMED;HW_HERO_0012;Electra von Grave;0
33660;L;1;33660_Screenshot_20260518_212625_com_nexters_herowars_MessagingUnityPlayerActivity__L1.png;33660_Screenshot_20260518_212625_com_nexters_herowars_MessagingUnityPlayerActivity__L1.png;HW_HERO_0051;Xe'Sha;ACCEPTED;0.978894;0.096084;Xe'Sha I;0.8693998077308265;HIGH;HW_HERO_0051;Xe'Sha;Xe'Sha;VISUAL_ALIAS_EDGE_NOISE;1.0;xe sha i;xe sha;CONFIRMED;HW_HERO_0051;Xe'Sha;0
33660;L;2;33660_Screenshot_20260518_212625_com_nexters_herowars_MessagingUnityPlayerActivity__L2.png;33660_Screenshot_20260518_212625_com_nexters_herowars_MessagingUnityPlayerActivity__L2.png;HW_HERO_0004;Byrna;ACCEPTED;0.97996;0.124913;Byrna;0.9999688124138224;HIGH;HW_HERO_0004;Byrna;Byrna;EXACT_ALIAS;1.0;byrna;byrna;CONFIRMED;HW_HERO_0004;Byrna;0
33660;L;3;33660_Screenshot_20260518_212625_com_nexters_herowars_MessagingUnityPlayerActivity__L3.png;33660_Screenshot_20260518_212625_com_nexters_herowars_MessagingUnityPlayerActivity__L3.png;HW_HERO_0007;Champi et Gnon;ACCEPTED;0.966843;0.078765;Champi et Gnon;0.9776906183149305;HIGH;HW_HERO_0007;Champi et Gnon;Champi et Gnon;EXACT_ALIAS;1.0;champi et gnon;champi et gnon;CONFIRMED;HW_HERO_0007;Champi et Gnon;0
33660;L;4;33660_Screenshot_20260518_212625_com_nexters_herowars_MessagingUnityPlayerActivity__L4.png;33660_Screenshot_20260518_212625_com_nexters_herowars_MessagingUnityPlayerActivity__L4.png;HW_HERO_0048;Somna;ACCEPTED;0.965382;0.088903;Somna;0.9998837790101179;HIGH;HW_HERO_0048;Somna;Somna;EXACT_ALIAS;1.0;somna;somna;CONFIRMED;HW_HERO_0048;Somna;0
33660;L;5;33660_Screenshot_20260518_212625_com_nexters_herowars_MessagingUnityPlayerActivity__L5.png;33660_Screenshot_20260518_212625_com_nexters_herowars_MessagingUnityPlayerActivity__L5.png;HW_HERO_0074;Théa;ACCEPTED;0.929132;0.054966;Théa;0.9999597668647766;HIGH;HW_HERO_0074;Théa;Théa;EXACT_ALIAS;1.0;thea;thea;CONFIRMED;HW_HERO_0074;Théa;0
33660;R;1;33660_Screenshot_20260518_212625_com_nexters_herowars_MessagingUnityPlayerActivity__R1.png;33660_Screenshot_20260518_212625_com_nexters_herowars_MessagingUnityPlayerActivity__R1.png;HW_HERO_0026;Kayla;ACCEPTED;0.963584;0.092444;I à Kayla;0.8066560534801231;MEDIUM;;;Kayla;NO_MATCH;0.7142857142857143;i a kayla;;VISUAL_ONLY;HW_HERO_0026;Kayla;0
33660;R;2;33660_Screenshot_20260518_212625_com_nexters_herowars_MessagingUnityPlayerActivity__R2.png;33660_Screenshot_20260518_212625_com_nexters_herowars_MessagingUnityPlayerActivity__R2.png;HW_HERO_0040;Peech;ACCEPTED;0.931411;0.062689;Peech;0.9999929094990383;HIGH;HW_HERO_0040;Peech;Peech;EXACT_ALIAS;1.0;peech;peech;CONFIRMED;HW_HERO_0040;Peech;0
33660;R;3;33660_Screenshot_20260518_212625_com_nexters_herowars_MessagingUnityPlayerActivity__R3.png;33660_Screenshot_20260518_212625_com_nexters_herowars_MessagingUnityPlayerActivity__R3.png;HW_HERO_0048;Somna;ACCEPTED;0.963342;0.099411;I Somna;0.8826955334698527;HIGH;HW_HERO_0048;Somna;Somna;VISUAL_ALIAS_EDGE_NOISE;1.0;i somna;somna;CONFIRMED;HW_HERO_0048;Somna;0
33660;R;4;33660_Screenshot_20260518_212625_com_nexters_herowars_MessagingUnityPlayerActivity__R4.png;33660_Screenshot_20260518_212625_com_nexters_herowars_MessagingUnityPlayerActivity__R4.png;HW_HERO_0024;Julius;ACCEPTED;0.976311;0.136421;Julius;0.9709373498443639;HIGH;HW_HERO_0024;Julius;Julius;EXACT_ALIAS;1.0;julius;julius;CONFIRMED;HW_HERO_0024;Julius;0
33660;R;5;33660_Screenshot_20260518_212625_com_nexters_herowars_MessagingUnityPlayerActivity__R5.png;33660_Screenshot_20260518_212625_com_nexters_herowars_MessagingUnityPlayerActivity__R5.png;HW_HERO_0001;Aidan;ACCEPTED;0.973963;0.084276;Z Aidan;0.9028883805257096;HIGH;HW_HERO_0001;Aidan;Aidan;VISUAL_ALIAS_EDGE_NOISE;1.0;z aidan;aidan;CONFIRMED;HW_HERO_0001;Aidan;0
33720;L;1;33720_Screenshot_20260521_141656_Hero_Wars__L1.png;33720_Screenshot_20260521_141656_Hero_Wars__L1.png;HW_HERO_0014;Folio;ACCEPTED;0.973476;0.126611;Folio D E;0.6580109198305508;MEDIUM;;;Folio;NO_MATCH;0.7142857142857143;folio d e;;VISUAL_ONLY;HW_HERO_0014;Folio;0
33720;L;2;33720_Screenshot_20260521_141656_Hero_Wars__L2.png;33720_Screenshot_20260521_141656_Hero_Wars__L2.png;HW_HERO_0004;Byrna;ACCEPTED;0.979476;0.123631;Byrna i;0.8593405412840244;HIGH;HW_HERO_0004;Byrna;Byrna;VISUAL_ALIAS_EDGE_NOISE;1.0;byrna i;byrna;CONFIRMED;HW_HERO_0004;Byrna;0
33720;L;3;33720_Screenshot_20260521_141656_Hero_Wars__L3.png;33720_Screenshot_20260521_141656_Hero_Wars__L3.png;HW_HERO_0024;Julius;ACCEPTED;0.983813;0.142024;Julius I;0.8848547146090066;HIGH;HW_HERO_0024;Julius;Julius;VISUAL_ALIAS_EDGE_NOISE;1.0;julius i;julius;CONFIRMED;HW_HERO_0024;Julius;0
33720;L;4;33720_Screenshot_20260521_141656_Hero_Wars__L4.png;33720_Screenshot_20260521_141656_Hero_Wars__L4.png;HW_HERO_0042;Polaris;ACCEPTED;0.981415;0.103713;Polaris P;0.8767668187575792;HIGH;HW_HERO_0042;Polaris;Polaris;VISUAL_ALIAS_EDGE_NOISE;1.0;polaris p;polaris;CONFIRMED;HW_HERO_0042;Polaris;0
33720;L;5;33720_Screenshot_20260521_141656_Hero_Wars__L5.png;33720_Screenshot_20260521_141656_Hero_Wars__L5.png;HW_HERO_0023;Juge;ACCEPTED;0.972874;0.136086;Juge;0.9999982714653015;HIGH;HW_HERO_0023;Juge;Juge;EXACT_ALIAS;1.0;juge;juge;CONFIRMED;HW_HERO_0023;Juge;0
33720;R;1;33720_Screenshot_20260521_141656_Hero_Wars__R1.png;33720_Screenshot_20260521_141656_Hero_Wars__R1.png;HW_HERO_0018;Iris;ACCEPTED;0.98024;0.064105;z J Iris;0.6971809717120983;MEDIUM;;;Iris;NO_MATCH;0.6666666666666666;z j iris;;VISUAL_ONLY;HW_HERO_0018;Iris;0
33720;R;2;33720_Screenshot_20260521_141656_Hero_Wars__R2.png;33720_Screenshot_20260521_141656_Hero_Wars__R2.png;HW_HERO_0045;Satori;ACCEPTED;0.971783;0.085707;g Satori;0.9327459581143989;HIGH;HW_HERO_0045;Satori;Satori;VISUAL_ALIAS_EDGE_NOISE;1.0;g satori;satori;CONFIRMED;HW_HERO_0045;Satori;0
33720;R;3;33720_Screenshot_20260521_141656_Hero_Wars__R3.png;33720_Screenshot_20260521_141656_Hero_Wars__R3.png;HW_HERO_0048;Somna;ACCEPTED;0.973728;0.122795;' Somna;0.8659808228784737;HIGH;HW_HERO_0048;Somna;Somna;EXACT_ALIAS;1.0;somna;somna;CONFIRMED;HW_HERO_0048;Somna;0
33720;R;4;33720_Screenshot_20260521_141656_Hero_Wars__R4.png;33720_Screenshot_20260521_141656_Hero_Wars__R4.png;HW_HERO_0012;Electra von Grave;ACCEPTED;0.9775;0.107518;B Electra von Grave;0.9006828630515721;HIGH;HW_HERO_0012;Electra von Grave;Electra von Grave;FUZZY_ALIAS;0.9444444444444444;b electra von grave;b electra von grave;CONFIRMED;HW_HERO_0012;Electra von Grave;0
33720;R;5;33720_Screenshot_20260521_141656_Hero_Wars__R5.png;33720_Screenshot_20260521_141656_Hero_Wars__R5.png;HW_HERO_0049;Tempus;ACCEPTED;0.97565;0.112233;g Tempus;0.9785857024329762;HIGH;HW_HERO_0049;Tempus;Tempus;VISUAL_ALIAS_EDGE_NOISE;1.0;g tempus;tempus;CONFIRMED;HW_HERO_0049;Tempus;0
33806;L;1;33806_Hero_Wars_2026-05-15-06-55-23__L1.png;33806_Hero_Wars_2026-05-15-06-55-23__L1.png;HW_HERO_0018;Iris;ACCEPTED;0.979866;0.093747;Iris z A;0.6810333185532153;MEDIUM;;;Iris;NO_MATCH;0.6666666666666666;iris z a;;VISUAL_ONLY;HW_HERO_0018;Iris;0
33806;L;2;33806_Hero_Wars_2026-05-15-06-55-23__L2.png;33806_Hero_Wars_2026-05-15-06-55-23__L2.png;HW_HERO_0004;Byrna;ACCEPTED;0.975747;0.125845;Byrna I;0.8013970560317395;MEDIUM;;;Byrna;NO_MATCH;0.8333333333333334;byrna i;;VISUAL_ONLY;HW_HERO_0004;Byrna;0
33806;L;3;33806_Hero_Wars_2026-05-15-06-55-23__L3.png;33806_Hero_Wars_2026-05-15-06-55-23__L3.png;HW_HERO_0012;Electra von Grave;ACCEPTED;0.967785;0.099489;Electra von Grave I;0.9508555388675468;HIGH;HW_HERO_0012;Electra von Grave;Electra von Grave;FUZZY_ALIAS;0.9444444444444444;electra von grave i;electra von grave i;CONFIRMED;HW_HERO_0012;Electra von Grave;0
33806;L;4;33806_Hero_Wars_2026-05-15-06-55-23__L4.png;33806_Hero_Wars_2026-05-15-06-55-23__L4.png;HW_HERO_0010;Dante;ACCEPTED;0.948835;0.047986;Dante T;0.8963336694394776;HIGH;HW_HERO_0010;Dante;Dante;VISUAL_ALIAS_EDGE_NOISE;1.0;dante t;dante;CONFIRMED;HW_HERO_0010;Dante;0
33806;L;5;33806_Hero_Wars_2026-05-15-06-55-23__L5.png;33806_Hero_Wars_2026-05-15-06-55-23__L5.png;HW_HERO_0057;Drayne;ACCEPTED;0.983768;0.111128;Drayne T;0.6478396107788054;MEDIUM;;;Drayne;NO_MATCH;0.8571428571428571;drayne t;;VISUAL_ONLY;HW_HERO_0057;Drayne;0
33806;R;1;33806_Hero_Wars_2026-05-15-06-55-23__R1.png;33806_Hero_Wars_2026-05-15-06-55-23__R1.png;HW_HERO_0018;Iris;ACCEPTED;0.987679;0.083734;Ó h Iris;0.6749955571938134;MEDIUM;;;Iris;NO_MATCH;0.6666666666666666;o h iris;;VISUAL_ONLY;HW_HERO_0018;Iris;0
33806;R;2;33806_Hero_Wars_2026-05-15-06-55-23__R2.png;33806_Hero_Wars_2026-05-15-06-55-23__R2.png;HW_HERO_0012;Electra von Grave;ACCEPTED;0.972741;0.096732;g P Electra von Grave;0.8590806537249958;HIGH;HW_HERO_0012;Electra von Grave;Electra von Grave;VISUAL_ALIAS_EDGE_NOISE;1.0;g p electra von grave;electra von grave;CONFIRMED;HW_HERO_0012;Electra von Grave;0
33806;R;3;33806_Hero_Wars_2026-05-15-06-55-23__R3.png;33806_Hero_Wars_2026-05-15-06-55-23__R3.png;HW_HERO_0042;Polaris;ACCEPTED;0.975669;0.106933;Z A Polaris;0.8118409050056058;MEDIUM;;;Polaris;NO_MATCH;0.7777777777777778;z a polaris;;VISUAL_ONLY;HW_HERO_0042;Polaris;0
33806;R;4;33806_Hero_Wars_2026-05-15-06-55-23__R4.png;33806_Hero_Wars_2026-05-15-06-55-23__R4.png;HW_HERO_0047;Soleil;ACCEPTED;0.967518;0.1003;i Soleil;0.9069983288987854;HIGH;HW_HERO_0047;Soleil;Soleil;VISUAL_ALIAS_EDGE_NOISE;1.0;i soleil;soleil;CONFIRMED;HW_HERO_0047;Soleil;0
33806;R;5;33806_Hero_Wars_2026-05-15-06-55-23__R5.png;33806_Hero_Wars_2026-05-15-06-55-23__R5.png;HW_HERO_0049;Tempus;ACCEPTED;0.969503;0.104933;s Tempus;0.9343276864018103;HIGH;HW_HERO_0049;Tempus;Tempus;VISUAL_ALIAS_EDGE_NOISE;1.0;s tempus;tempus;CONFIRMED;HW_HERO_0049;Tempus;0
34068;L;1;34068_Screenshot_20260524_005905_Hero_Wars__L1.png;34068_Screenshot_20260524_005905_Hero_Wars__L1.png;HW_HERO_0018;Iris;ACCEPTED;0.97836;0.081993;Iris;0.9987069368362427;HIGH;HW_HERO_0018;Iris;Iris;EXACT_ALIAS;1.0;iris;iris;CONFIRMED;HW_HERO_0018;Iris;0
34068;L;2;34068_Screenshot_20260524_005905_Hero_Wars__L2.png;34068_Screenshot_20260524_005905_Hero_Wars__L2.png;HW_HERO_0038;Orion;ACCEPTED;0.961136;0.10729;Orion;0.9999543114799515;HIGH;HW_HERO_0038;Orion;Orion;EXACT_ALIAS;1.0;orion;orion;CONFIRMED;HW_HERO_0038;Orion;0
34068;L;3;34068_Screenshot_20260524_005905_Hero_Wars__L3.png;34068_Screenshot_20260524_005905_Hero_Wars__L3.png;HW_HERO_0008;Corvus;ACCEPTED;0.948896;0.091891;Corvus;0.82611434139405;MEDIUM;HW_HERO_0008;Corvus;Corvus;EXACT_ALIAS;1.0;corvus;corvus;CONFIRMED;HW_HERO_0008;Corvus;0
34068;L;4;34068_Screenshot_20260524_005905_Hero_Wars__L4.png;34068_Screenshot_20260524_005905_Hero_Wars__L4.png;HW_HERO_0041;Phobos;ACCEPTED;0.966536;0.133001;Phobos;0.9999128852374753;HIGH;HW_HERO_0041;Phobos;Phobos;EXACT_ALIAS;1.0;phobos;phobos;CONFIRMED;HW_HERO_0041;Phobos;0
34068;L;5;34068_Screenshot_20260524_005905_Hero_Wars__L5.png;34068_Screenshot_20260524_005905_Hero_Wars__L5.png;HW_HERO_0049;Tempus;ACCEPTED;0.972367;0.099546;Tempus;0.9999538634555475;HIGH;HW_HERO_0049;Tempus;Tempus;EXACT_ALIAS;1.0;tempus;tempus;CONFIRMED;HW_HERO_0049;Tempus;0
34068;R;1;34068_Screenshot_20260524_005905_Hero_Wars__R1.png;34068_Screenshot_20260524_005905_Hero_Wars__R1.png;HW_HERO_0018;Iris;ACCEPTED;0.978501;0.073553;Iris;0.8549448866360577;HIGH;HW_HERO_0018;Iris;Iris;EXACT_ALIAS;1.0;iris;iris;CONFIRMED;HW_HERO_0018;Iris;0
34068;R;2;34068_Screenshot_20260524_005905_Hero_Wars__R2.png;34068_Screenshot_20260524_005905_Hero_Wars__R2.png;HW_HERO_0062;Luther;ACCEPTED;0.960004;0.091064;Luther;0.9993538501340509;HIGH;HW_HERO_0062;Luther;Luther;EXACT_ALIAS;1.0;luther;luther;CONFIRMED;HW_HERO_0062;Luther;0
34068;R;3;34068_Screenshot_20260524_005905_Hero_Wars__R3.png;34068_Screenshot_20260524_005905_Hero_Wars__R3.png;HW_HERO_0049;Tempus;ACCEPTED;0.971572;0.11373;Tempus;0.9999672956634246;HIGH;HW_HERO_0049;Tempus;Tempus;EXACT_ALIAS;1.0;tempus;tempus;CONFIRMED;HW_HERO_0049;Tempus;0
34068;R;4;34068_Screenshot_20260524_005905_Hero_Wars__R4.png;34068_Screenshot_20260524_005905_Hero_Wars__R4.png;HW_HERO_0047;Soleil;ACCEPTED;0.969682;0.103444;Soleil;0.9999166813352968;HIGH;HW_HERO_0047;Soleil;Soleil;EXACT_ALIAS;1.0;soleil;soleil;CONFIRMED;HW_HERO_0047;Soleil;0
34068;R;5;34068_Screenshot_20260524_005905_Hero_Wars__R5.png;34068_Screenshot_20260524_005905_Hero_Wars__R5.png;HW_HERO_0036;Nébula;ACCEPTED;0.971034;0.084639;Nébula;0.9997945232291547;HIGH;HW_HERO_0036;Nébula;Nébula;EXACT_ALIAS;1.0;nebula;nebula;CONFIRMED;HW_HERO_0036;Nébula;0
34279;L;1;34279_Screenshot_20260527_073519_Hero_Wars__L1.png;34279_Screenshot_20260527_073519_Hero_Wars__L1.png;HW_HERO_0018;Iris;ACCEPTED;0.964439;0.065863;Iris àca Ig;0.47772253253073454;LOW;;;Iris;NO_MATCH;0.5333333333333333;iris aca ig;;VISUAL_ONLY;HW_HERO_0018;Iris;0
34279;L;2;34279_Screenshot_20260527_073519_Hero_Wars__L2.png;34279_Screenshot_20260527_073519_Hero_Wars__L2.png;HW_HERO_0004;Byrna;ACCEPTED;0.980343;0.129675;Byrna Ib;0.7358746105214421;MEDIUM;;;Byrna;NO_MATCH;0.7692307692307693;byrna ib;;VISUAL_ONLY;HW_HERO_0004;Byrna;0
34279;L;3;34279_Screenshot_20260527_073519_Hero_Wars__L3.png;34279_Screenshot_20260527_073519_Hero_Wars__L3.png;HW_HERO_0034;Miu;ACCEPTED;0.95373;0.061822;Miu Iq G;0.5574308618917854;LOW;;;Miu;NO_MATCH;0.5454545454545454;miu iq g;;VISUAL_ONLY;HW_HERO_0034;Miu;0
34279;L;4;34279_Screenshot_20260527_073519_Hero_Wars__L4.png;34279_Screenshot_20260527_073519_Hero_Wars__L4.png;HW_HERO_0042;Polaris;ACCEPTED;0.981215;0.100451;Polaris Ig G;0.7118902138402136;MEDIUM;;;Polaris;NO_MATCH;0.7368421052631579;polaris ig g;;VISUAL_ONLY;HW_HERO_0042;Polaris;0
34279;L;5;34279_Screenshot_20260527_073519_Hero_Wars__L5.png;34279_Screenshot_20260527_073519_Hero_Wars__L5.png;HW_HERO_0012;Electra von Grave;ACCEPTED;0.976825;0.109278;Electra von Grave Ig;0.8600743508539461;HIGH;HW_HERO_0012;Electra von Grave;Electra von Grave;VISUAL_ALIAS_EDGE_NOISE;1.0;electra von grave ig;electra von grave;CONFIRMED;HW_HERO_0012;Electra von Grave;0
34279;R;1;34279_Screenshot_20260527_073519_Hero_Wars__R1.png;34279_Screenshot_20260527_073519_Hero_Wars__R1.png;HW_HERO_0052;Yasmine;ACCEPTED;0.967632;0.076567;çi ao Yasmine;0.6530517649219221;MEDIUM;;;Yasmine;NO_MATCH;0.7;ci ao yasmine;;VISUAL_ONLY;HW_HERO_0052;Yasmine;0
34279;R;2;34279_Screenshot_20260527_073519_Hero_Wars__R2.png;34279_Screenshot_20260527_073519_Hero_Wars__R2.png;HW_HERO_0010;Dante;ACCEPTED;0.956569;0.076013;gz o Dante;0.6694135243399894;MEDIUM;;;Dante;NO_MATCH;0.6666666666666666;gz o dante;;VISUAL_ONLY;HW_HERO_0010;Dante;0
34279;R;3;34279_Screenshot_20260527_073519_Hero_Wars__R3.png;34279_Screenshot_20260527_073519_Hero_Wars__R3.png;HW_HERO_0004;Byrna;ACCEPTED;0.973211;0.119675;Zs a Byrna;0.6653894879099791;MEDIUM;;;Byrna;NO_MATCH;0.6666666666666666;zs a byrna;;VISUAL_ONLY;HW_HERO_0004;Byrna;0
34279;R;4;34279_Screenshot_20260527_073519_Hero_Wars__R4.png;34279_Screenshot_20260527_073519_Hero_Wars__R4.png;HW_HERO_0048;Somna;ACCEPTED;0.96752;0.10719;ZB V Somna;0.6607242969477721;MEDIUM;;;Somna;NO_MATCH;0.6666666666666666;zb v somna;;VISUAL_ONLY;HW_HERO_0048;Somna;0
34279;R;5;34279_Screenshot_20260527_073519_Hero_Wars__R5.png;34279_Screenshot_20260527_073519_Hero_Wars__R5.png;HW_HERO_0037;Octavia;ACCEPTED;0.977805;0.098236;'z H Octavia;0.713544648862704;MEDIUM;;;Octavia;NO_MATCH;0.7777777777777778;z h octavia;;VISUAL_ONLY;HW_HERO_0037;Octavia;0
34308;L;1;34308_Screenshot_20260527_000501_Hero_Wars__L1.png;34308_Screenshot_20260527_000501_Hero_Wars__L1.png;HW_HERO_0018;Iris;ACCEPTED;0.97648;0.076403;Iris;0.9993545413017273;HIGH;HW_HERO_0018;Iris;Iris;EXACT_ALIAS;1.0;iris;iris;CONFIRMED;HW_HERO_0018;Iris;0
34308;L;2;34308_Screenshot_20260527_000501_Hero_Wars__L2.png;34308_Screenshot_20260527_000501_Hero_Wars__L2.png;HW_HERO_0047;Soleil;ACCEPTED;0.945741;0.088672;Soleil;0.9999273395926357;HIGH;HW_HERO_0047;Soleil;Soleil;EXACT_ALIAS;1.0;soleil;soleil;CONFIRMED;HW_HERO_0047;Soleil;0
34308;L;3;34308_Screenshot_20260527_000501_Hero_Wars__L3.png;34308_Screenshot_20260527_000501_Hero_Wars__L3.png;HW_HERO_0042;Polaris;ACCEPTED;0.979899;0.0937;Polaris;0.9999828332825533;HIGH;HW_HERO_0042;Polaris;Polaris;EXACT_ALIAS;1.0;polaris;polaris;CONFIRMED;HW_HERO_0042;Polaris;0
34308;L;4;34308_Screenshot_20260527_000501_Hero_Wars__L4.png;34308_Screenshot_20260527_000501_Hero_Wars__L4.png;HW_HERO_0012;Electra von Grave;ACCEPTED;0.974316;0.094657;Electra von Grave;0.8614641521422907;HIGH;HW_HERO_0012;Electra von Grave;Electra von Grave;EXACT_ALIAS;1.0;electra von grave;electra von grave;CONFIRMED;HW_HERO_0012;Electra von Grave;0
34308;L;5;34308_Screenshot_20260527_000501_Hero_Wars__L5.png;34308_Screenshot_20260527_000501_Hero_Wars__L5.png;HW_HERO_0036;Nébula;ACCEPTED;0.959342;0.06582;Nébula;0.9998092213142614;HIGH;HW_HERO_0036;Nébula;Nébula;EXACT_ALIAS;1.0;nebula;nebula;CONFIRMED;HW_HERO_0036;Nébula;0
34308;R;1;34308_Screenshot_20260527_000501_Hero_Wars__R1.png;34308_Screenshot_20260527_000501_Hero_Wars__R1.png;HW_HERO_0004;Byrna;ACCEPTED;0.98181;0.118996;Byrna;0.9999834732592314;HIGH;HW_HERO_0004;Byrna;Byrna;EXACT_ALIAS;1.0;byrna;byrna;CONFIRMED;HW_HERO_0004;Byrna;0
34308;R;2;34308_Screenshot_20260527_000501_Hero_Wars__R2.png;34308_Screenshot_20260527_000501_Hero_Wars__R2.png;HW_HERO_0048;Somna;ACCEPTED;0.969765;0.109639;Somna;0.9998492855929829;HIGH;HW_HERO_0048;Somna;Somna;EXACT_ALIAS;1.0;somna;somna;CONFIRMED;HW_HERO_0048;Somna;0
34308;R;3;34308_Screenshot_20260527_000501_Hero_Wars__R3.png;34308_Screenshot_20260527_000501_Hero_Wars__R3.png;HW_HERO_0045;Satori;ACCEPTED;0.972748;0.08081;Satori;0.9999517707528431;HIGH;HW_HERO_0045;Satori;Satori;EXACT_ALIAS;1.0;satori;satori;CONFIRMED;HW_HERO_0045;Satori;0
34308;R;4;34308_Screenshot_20260527_000501_Hero_Wars__R4.png;34308_Screenshot_20260527_000501_Hero_Wars__R4.png;HW_HERO_0014;Folio;ACCEPTED;0.971568;0.108592;Folio;0.9999897640869371;HIGH;HW_HERO_0014;Folio;Folio;EXACT_ALIAS;1.0;folio;folio;CONFIRMED;HW_HERO_0014;Folio;0
34308;R;5;34308_Screenshot_20260527_000501_Hero_Wars__R5.png;34308_Screenshot_20260527_000501_Hero_Wars__R5.png;HW_HERO_0042;Polaris;ACCEPTED;0.977543;0.091846;Polaris;0.9999901775853904;HIGH;HW_HERO_0042;Polaris;Polaris;EXACT_ALIAS;1.0;polaris;polaris;CONFIRMED;HW_HERO_0042;Polaris;0
34309;L;1;34309_Screenshot_20260527_000300_Hero_Wars__L1.png;34309_Screenshot_20260527_000300_Hero_Wars__L1.png;HW_HERO_0014;Folio;ACCEPTED;0.970066;0.127276;Folio O;0.8535658915779135;HIGH;HW_HERO_0014;Folio;Folio;VISUAL_ALIAS_EDGE_NOISE;1.0;folio o;folio;CONFIRMED;HW_HERO_0014;Folio;0
34309;L;2;34309_Screenshot_20260527_000300_Hero_Wars__L2.png;34309_Screenshot_20260527_000300_Hero_Wars__L2.png;HW_HERO_0054;Amira;ACCEPTED;0.989666;0.110304;Amira;0.9999697187213652;HIGH;HW_HERO_0054;Amira;Amira;EXACT_ALIAS;1.0;amira;amira;CONFIRMED;HW_HERO_0054;Amira;0
34309;L;3;34309_Screenshot_20260527_000300_Hero_Wars__L3.png;34309_Screenshot_20260527_000300_Hero_Wars__L3.png;HW_HERO_0007;Champi et Gnon;ACCEPTED;0.978406;0.083479;Champi et Gnon;0.7774171374897149;MEDIUM;HW_HERO_0007;Champi et Gnon;Champi et Gnon;EXACT_ALIAS;1.0;champi et gnon;champi et gnon;CONFIRMED;HW_HERO_0007;Champi et Gnon;0
34309;L;4;34309_Screenshot_20260527_000300_Hero_Wars__L4.png;34309_Screenshot_20260527_000300_Hero_Wars__L4.png;HW_HERO_0030;Lian;ACCEPTED;0.959828;0.059174;Lian;0.9971980452537537;HIGH;HW_HERO_0030;Lian;Lian;EXACT_ALIAS;1.0;lian;lian;CONFIRMED;HW_HERO_0030;Lian;0
34309;L;5;34309_Screenshot_20260527_000300_Hero_Wars__L5.png;34309_Screenshot_20260527_000300_Hero_Wars__L5.png;HW_HERO_0017;Guus;ACCEPTED;0.971388;0.133153;Guus;0.9998942017555237;HIGH;HW_HERO_0017;Guus;Guus;EXACT_ALIAS;1.0;guus;guus;CONFIRMED;HW_HERO_0017;Guus;0
34309;R;1;34309_Screenshot_20260527_000300_Hero_Wars__R1.png;34309_Screenshot_20260527_000300_Hero_Wars__R1.png;HW_HERO_0018;Iris;ACCEPTED;0.975681;0.066731;n Iris;0.8236438197811425;MEDIUM;;;Iris;NO_MATCH;0.8;n iris;;VISUAL_ONLY;HW_HERO_0018;Iris;0
34309;R;2;34309_Screenshot_20260527_000300_Hero_Wars__R2.png;34309_Screenshot_20260527_000300_Hero_Wars__R2.png;HW_HERO_0048;Somna;ACCEPTED;0.970508;0.114408;Somna;0.9998828193806288;HIGH;HW_HERO_0048;Somna;Somna;EXACT_ALIAS;1.0;somna;somna;CONFIRMED;HW_HERO_0048;Somna;0
34309;R;3;34309_Screenshot_20260527_000300_Hero_Wars__R3.png;34309_Screenshot_20260527_000300_Hero_Wars__R3.png;HW_HERO_0017;Guus;ACCEPTED;0.979061;0.146245;Guus;0.9859679645267397;HIGH;HW_HERO_0017;Guus;Guus;EXACT_ALIAS;1.0;guus;guus;CONFIRMED;HW_HERO_0017;Guus;0
34309;R;4;34309_Screenshot_20260527_000300_Hero_Wars__R4.png;34309_Screenshot_20260527_000300_Hero_Wars__R4.png;HW_HERO_0001;Aidan;ACCEPTED;0.977531;0.091426;Aidan;0.9999757429984504;HIGH;HW_HERO_0001;Aidan;Aidan;EXACT_ALIAS;1.0;aidan;aidan;CONFIRMED;HW_HERO_0001;Aidan;0
34309;R;5;34309_Screenshot_20260527_000300_Hero_Wars__R5.png;34309_Screenshot_20260527_000300_Hero_Wars__R5.png;HW_HERO_0049;Tempus;ACCEPTED;0.967262;0.116802;Tempus;0.9999615042454358;HIGH;HW_HERO_0049;Tempus;Tempus;EXACT_ALIAS;1.0;tempus;tempus;CONFIRMED;HW_HERO_0049;Tempus;0
34414;L;1;34414_Screenshot_20260527_095940_Hero_Wars__L1.png;34414_Screenshot_20260527_095940_Hero_Wars__L1.png;HW_HERO_0052;Yasmine;ACCEPTED;0.961692;0.099243;Yasmine Do;0.6058398731652325;MEDIUM;;;Yasmine;NO_MATCH;0.8235294117647058;yasmine do;;VISUAL_ONLY;HW_HERO_0052;Yasmine;0
34414;L;2;34414_Screenshot_20260527_095940_Hero_Wars__L2.png;34414_Screenshot_20260527_095940_Hero_Wars__L2.png;HW_HERO_0008;Corvus;ACCEPTED;0.924116;0.054563;Corvus I G;0.7699972042702226;MEDIUM;;;Corvus;NO_MATCH;0.75;corvus i g;;VISUAL_ONLY;HW_HERO_0008;Corvus;0
34414;L;3;34414_Screenshot_20260527_095940_Hero_Wars__L3.png;34414_Screenshot_20260527_095940_Hero_Wars__L3.png;HW_HERO_0039;Oya;ACCEPTED;0.953034;0.083838;Oya S;0.6981306070346686;MEDIUM;;;Oya;NO_MATCH;0.75;oya s;;VISUAL_ONLY;HW_HERO_0039;Oya;0
34414;L;4;34414_Screenshot_20260527_095940_Hero_Wars__L4.png;34414_Screenshot_20260527_095940_Hero_Wars__L4.png;HW_HERO_0048;Somna;ACCEPTED;0.969344;0.107498;Somna i;0.878357620812625;HIGH;HW_HERO_0048;Somna;Somna;VISUAL_ALIAS_EDGE_NOISE;1.0;somna i;somna;CONFIRMED;HW_HERO_0048;Somna;0
34414;L;5;34414_Screenshot_20260527_095940_Hero_Wars__L5.png;34414_Screenshot_20260527_095940_Hero_Wars__L5.png;HW_HERO_0017;Guus;ACCEPTED;0.969639;0.122553;Guus i;0.8808630515861587;HIGH;HW_HERO_0017;Guus;Guus;VISUAL_ALIAS_EDGE_NOISE;1.0;guus i;guus;CONFIRMED;HW_HERO_0017;Guus;0
34414;R;1;34414_Screenshot_20260527_095940_Hero_Wars__R1.png;34414_Screenshot_20260527_095940_Hero_Wars__R1.png;HW_HERO_0059;Artemis;ACCEPTED;0.976795;0.092744;A A Artemis;0.860243066752781;HIGH;HW_HERO_0059;Artemis;Artemis;VISUAL_ALIAS_EDGE_NOISE;1.0;a a artemis;artemis;CONFIRMED;HW_HERO_0059;Artemis;0
34414;R;2;34414_Screenshot_20260527_095940_Hero_Wars__R2.png;34414_Screenshot_20260527_095940_Hero_Wars__R2.png;HW_HERO_0015;Galaad;ACCEPTED;0.975508;0.085129;z G Galahad;0.792046336579572;MEDIUM;;;Galahad;NO_MATCH;0.7777777777777778;z g galahad;;VISUAL_ONLY;HW_HERO_0015;Galaad;0
34414;R;3;34414_Screenshot_20260527_095940_Hero_Wars__R3.png;34414_Screenshot_20260527_095940_Hero_Wars__R3.png;HW_HERO_0062;Luther;ACCEPTED;0.980635;0.111427;B Luther;0.9640050204968078;HIGH;HW_HERO_0062;Luther;Luther;VISUAL_ALIAS_EDGE_NOISE;1.0;b luther;luther;CONFIRMED;HW_HERO_0062;Luther;0
34414;R;4;34414_Screenshot_20260527_095940_Hero_Wars__R4.png;34414_Screenshot_20260527_095940_Hero_Wars__R4.png;HW_HERO_0050;Tristan;ACCEPTED;0.942541;0.080342;I G Tristan;0.5651489428463641;LOW;;;Tristan;NO_MATCH;0.7777777777777778;i g tristan;;VISUAL_ONLY;HW_HERO_0050;Tristan;0
34414;R;5;34414_Screenshot_20260527_095940_Hero_Wars__R5.png;34414_Screenshot_20260527_095940_Hero_Wars__R5.png;HW_HERO_0013;Fafnir;ACCEPTED;0.953572;0.111453;o Fafnir;0.8986664966575572;HIGH;HW_HERO_0013;Fafnir;Fafnir;VISUAL_ALIAS_EDGE_NOISE;1.0;o fafnir;fafnir;CONFIRMED;HW_HERO_0013;Fafnir;0
35041;L;1;35041_Screenshot_20260504_222433_Hero_Wars__L1.png;35041_Screenshot_20260504_222433_Hero_Wars__L1.png;HW_HERO_0014;Folio;ACCEPTED;0.970487;0.104628;Folio a T;0.7408501162993798;MEDIUM;;;Folio;NO_MATCH;0.7142857142857143;folio a t;;VISUAL_ONLY;HW_HERO_0014;Folio;0
35041;L;2;35041_Screenshot_20260504_222433_Hero_Wars__L2.png;35041_Screenshot_20260504_222433_Hero_Wars__L2.png;HW_HERO_0023;Juge;ACCEPTED;0.989154;0.144433;Judge T;0.8474337420679076;MEDIUM;;;Judge;NO_MATCH;0.8333333333333334;judge t;;VISUAL_ONLY;HW_HERO_0023;Juge;0
35041;L;3;35041_Screenshot_20260504_222433_Hero_Wars__L3.png;35041_Screenshot_20260504_222433_Hero_Wars__L3.png;HW_HERO_0042;Polaris;ACCEPTED;0.96762;0.086537;Polaris s I;0.7878020949083591;MEDIUM;;;Polaris;NO_MATCH;0.7777777777777778;polaris s i;;VISUAL_ONLY;HW_HERO_0042;Polaris;0
35041;L;4;35041_Screenshot_20260504_222433_Hero_Wars__L4.png;35041_Screenshot_20260504_222433_Hero_Wars__L4.png;HW_HERO_0024;Julius;ACCEPTED;0.949862;0.120214;Julius T i;0.7941085624122789;MEDIUM;;;Julius;NO_MATCH;0.75;julius t i;;VISUAL_ONLY;HW_HERO_0024;Julius;0
35041;L;5;35041_Screenshot_20260504_222433_Hero_Wars__L5.png;35041_Screenshot_20260504_222433_Hero_Wars__L5.png;HW_HERO_0049;Tempus;ACCEPTED;0.950464;0.07294;Tempus;0.8086484554044114;MEDIUM;HW_HERO_0049;Tempus;Tempus;EXACT_ALIAS;1.0;tempus;tempus;CONFIRMED;HW_HERO_0049;Tempus;0
35041;R;1;35041_Screenshot_20260504_222433_Hero_Wars__R1.png;35041_Screenshot_20260504_222433_Hero_Wars__R1.png;HW_HERO_0018;Iris;ACCEPTED;0.974049;0.082824;I n Iris;0.7864230205762418;MEDIUM;;;Iris;NO_MATCH;0.6666666666666666;i n iris;;VISUAL_ONLY;HW_HERO_0018;Iris;0
35041;R;2;35041_Screenshot_20260504_222433_Hero_Wars__R2.png;35041_Screenshot_20260504_222433_Hero_Wars__R2.png;HW_HERO_0004;Byrna;ACCEPTED;0.976836;0.128238;O Byrna;0.8394388470036781;MEDIUM;;;Byrna;NO_MATCH;0.8333333333333334;o byrna;;VISUAL_ONLY;HW_HERO_0004;Byrna;0
35041;R;3;35041_Screenshot_20260504_222433_Hero_Wars__R3.png;35041_Screenshot_20260504_222433_Hero_Wars__R3.png;HW_HERO_0034;Miu;ACCEPTED;0.944587;0.060874;ó S Miu;0.8237282394912885;MEDIUM;;;Miu;NO_MATCH;0.6;o s miu;;VISUAL_ONLY;HW_HERO_0034;Miu;0
35041;R;4;35041_Screenshot_20260504_222433_Hero_Wars__R4.png;35041_Screenshot_20260504_222433_Hero_Wars__R4.png;HW_HERO_0042;Polaris;ACCEPTED;0.95459;0.078743;B Z Polaris;0.6606724941266718;MEDIUM;;;Polaris;NO_MATCH;0.7777777777777778;b z polaris;;VISUAL_ONLY;HW_HERO_0042;Polaris;0
35041;R;5;35041_Screenshot_20260504_222433_Hero_Wars__R5.png;35041_Screenshot_20260504_222433_Hero_Wars__R5.png;HW_HERO_0044;Rufus;ACCEPTED;0.926781;0.064517;Rutus;0.9841731237545167;HIGH;HW_HERO_0044;Rufus;Rufus;VISUAL_ALIAS_ONE_EDIT_OCR;0.8;rutus;rufus;CONFIRMED;HW_HERO_0044;Rufus;0
35334;L;1;35334_IMG_4556__L1.png;35334_IMG_4556__L1.png;HW_HERO_0014;Folio;ACCEPTED;0.966441;0.135836;Folio;0.999986458737369;HIGH;HW_HERO_0014;Folio;Folio;EXACT_ALIAS;1.0;folio;folio;CONFIRMED;HW_HERO_0014;Folio;0
35334;L;2;35334_IMG_4556__L2.png;35334_IMG_4556__L2.png;HW_HERO_0004;Byrna;ACCEPTED;0.973988;0.111311;Byrna;0.9999485537493242;HIGH;HW_HERO_0004;Byrna;Byrna;EXACT_ALIAS;1.0;byrna;byrna;CONFIRMED;HW_HERO_0004;Byrna;0
35334;L;3;35334_IMG_4556__L3.png;35334_IMG_4556__L3.png;HW_HERO_0012;Electra von Grave;ACCEPTED;0.965703;0.082194;Electra von Grave;0.9847753267951378;HIGH;HW_HERO_0012;Electra von Grave;Electra von Grave;EXACT_ALIAS;1.0;electra von grave;electra von grave;CONFIRMED;HW_HERO_0012;Electra von Grave;0
35334;L;4;35334_IMG_4556__L4.png;35334_IMG_4556__L4.png;HW_HERO_0042;Polaris;ACCEPTED;0.956746;0.09142;Polaris;0.9999865279646851;HIGH;HW_HERO_0042;Polaris;Polaris;EXACT_ALIAS;1.0;polaris;polaris;CONFIRMED;HW_HERO_0042;Polaris;0
35334;L;5;35334_IMG_4556__L5.png;35334_IMG_4556__L5.png;HW_HERO_0001;Aidan;ACCEPTED;0.96419;0.076626;Aidan;0.999980007970788;HIGH;HW_HERO_0001;Aidan;Aidan;EXACT_ALIAS;1.0;aidan;aidan;CONFIRMED;HW_HERO_0001;Aidan;0
35334;R;1;35334_IMG_4556__R1.png;35334_IMG_4556__R1.png;HW_HERO_0052;Yasmine;ACCEPTED;0.971539;0.08773;Yasmine;0.9999934667460454;HIGH;HW_HERO_0052;Yasmine;Yasmine;EXACT_ALIAS;1.0;yasmine;yasmine;CONFIRMED;HW_HERO_0052;Yasmine;0
35334;R;2;35334_IMG_4556__R2.png;35334_IMG_4556__R2.png;HW_HERO_0018;Iris;ACCEPTED;0.972276;0.080948;Iris;0.9989045262336731;HIGH;HW_HERO_0018;Iris;Iris;EXACT_ALIAS;1.0;iris;iris;CONFIRMED;HW_HERO_0018;Iris;0
35334;R;3;35334_IMG_4556__R3.png;35334_IMG_4556__R3.png;HW_HERO_0048;Somna;ACCEPTED;0.946583;0.098641;Somna;0.9999015854486943;HIGH;HW_HERO_0048;Somna;Somna;EXACT_ALIAS;1.0;somna;somna;CONFIRMED;HW_HERO_0048;Somna;0
35334;R;4;35334_IMG_4556__R4.png;35334_IMG_4556__R4.png;HW_HERO_0004;Byrna;ACCEPTED;0.970179;0.103622;Byrna;0.9999126211568099;HIGH;HW_HERO_0004;Byrna;Byrna;EXACT_ALIAS;1.0;byrna;byrna;CONFIRMED;HW_HERO_0004;Byrna;0
35334;R;5;35334_IMG_4556__R5.png;35334_IMG_4556__R5.png;HW_HERO_0017;Guus;ACCEPTED;0.967455;0.143731;Guus;0.999945342540741;HIGH;HW_HERO_0017;Guus;Guus;EXACT_ALIAS;1.0;guus;guus;CONFIRMED;HW_HERO_0017;Guus;0
35396;L;1;35396_Screenshot_20260605_142129_Hero_Wars__L1.png;35396_Screenshot_20260605_142129_Hero_Wars__L1.png;HW_HERO_0018;Iris;ACCEPTED;0.966152;0.067434;Iris A;0.8015555960689456;MEDIUM;;;Iris;NO_MATCH;0.8;iris a;;VISUAL_ONLY;HW_HERO_0018;Iris;0
35396;L;2;35396_Screenshot_20260605_142129_Hero_Wars__L2.png;35396_Screenshot_20260605_142129_Hero_Wars__L2.png;HW_HERO_0049;Tempus;ACCEPTED;0.964001;0.107682;Tempus;0.9970435778454668;HIGH;HW_HERO_0049;Tempus;Tempus;EXACT_ALIAS;1.0;tempus;tempus;CONFIRMED;HW_HERO_0049;Tempus;0
35396;L;3;35396_Screenshot_20260605_142129_Hero_Wars__L3.png;35396_Screenshot_20260605_142129_Hero_Wars__L3.png;HW_HERO_0042;Polaris;ACCEPTED;0.982611;0.09156;Polaris;0.9999792737675505;HIGH;HW_HERO_0042;Polaris;Polaris;EXACT_ALIAS;1.0;polaris;polaris;CONFIRMED;HW_HERO_0042;Polaris;0
35396;L;4;35396_Screenshot_20260605_142129_Hero_Wars__L4.png;35396_Screenshot_20260605_142129_Hero_Wars__L4.png;HW_HERO_0034;Miu;ACCEPTED;0.94252;0.0598;Miu;0.9999882308461432;HIGH;HW_HERO_0034;Miu;Miu;EXACT_ALIAS;1.0;miu;miu;CONFIRMED;HW_HERO_0034;Miu;0
35396;L;5;35396_Screenshot_20260605_142129_Hero_Wars__L5.png;35396_Screenshot_20260605_142129_Hero_Wars__L5.png;HW_HERO_0012;Electra von Grave;ACCEPTED;0.976043;0.103888;Electra von Grave;0.9999562543724435;HIGH;HW_HERO_0012;Electra von Grave;Electra von Grave;EXACT_ALIAS;1.0;electra von grave;electra von grave;CONFIRMED;HW_HERO_0012;Electra von Grave;0
35396;R;1;35396_Screenshot_20260605_142129_Hero_Wars__R1.png;35396_Screenshot_20260605_142129_Hero_Wars__R1.png;HW_HERO_0035;Mojo;ACCEPTED;0.919487;0.078398;I Mojo;0.8522003134070048;HIGH;HW_HERO_0035;Mojo;Mojo;VISUAL_ALIAS_EDGE_NOISE;1.0;i mojo;mojo;CONFIRMED;HW_HERO_0035;Mojo;0
35396;R;2;35396_Screenshot_20260605_142129_Hero_Wars__R2.png;35396_Screenshot_20260605_142129_Hero_Wars__R2.png;HW_HERO_0024;Julius;ACCEPTED;0.976949;0.143144;A O Julius;0.7818172181811007;MEDIUM;;;Julius;NO_MATCH;0.75;a o julius;;VISUAL_ONLY;HW_HERO_0024;Julius;0
35396;R;3;35396_Screenshot_20260605_142129_Hero_Wars__R3.png;35396_Screenshot_20260605_142129_Hero_Wars__R3.png;HW_HERO_0049;Tempus;ACCEPTED;0.981038;0.103013;A Tempus;0.8937638477033508;HIGH;HW_HERO_0049;Tempus;Tempus;VISUAL_ALIAS_EDGE_NOISE;1.0;a tempus;tempus;CONFIRMED;HW_HERO_0049;Tempus;0
35396;R;4;35396_Screenshot_20260605_142129_Hero_Wars__R4.png;35396_Screenshot_20260605_142129_Hero_Wars__R4.png;HW_HERO_0014;Folio;ACCEPTED;0.971911;0.100006;Z Folio;0.8714630313154892;HIGH;HW_HERO_0014;Folio;Folio;VISUAL_ALIAS_EDGE_NOISE;1.0;z folio;folio;CONFIRMED;HW_HERO_0014;Folio;0
35396;R;5;35396_Screenshot_20260605_142129_Hero_Wars__R5.png;35396_Screenshot_20260605_142129_Hero_Wars__R5.png;HW_HERO_0042;Polaris;ACCEPTED;0.982142;0.10295;Z Polaris;0.9157181412602923;HIGH;HW_HERO_0042;Polaris;Polaris;VISUAL_ALIAS_EDGE_NOISE;1.0;z polaris;polaris;CONFIRMED;HW_HERO_0042;Polaris;0
35499;L;1;35499_EB934A4F-F768-40BC-B2A0-7AC153AED2AA__L1.png;35499_EB934A4F-F768-40BC-B2A0-7AC153AED2AA__L1.png;HW_HERO_0018;Iris;ACCEPTED;0.957613;0.059547;Iris;0.9985265731811523;HIGH;HW_HERO_0018;Iris;Iris;EXACT_ALIAS;1.0;iris;iris;CONFIRMED;HW_HERO_0018;Iris;0
35499;L;2;35499_EB934A4F-F768-40BC-B2A0-7AC153AED2AA__L2.png;35499_EB934A4F-F768-40BC-B2A0-7AC153AED2AA__L2.png;HW_HERO_0026;Kayla;ACCEPTED;0.964119;0.078749;Kayla;0.9999415698300707;HIGH;HW_HERO_0026;Kayla;Kayla;EXACT_ALIAS;1.0;kayla;kayla;CONFIRMED;HW_HERO_0026;Kayla;0
35499;L;3;35499_EB934A4F-F768-40BC-B2A0-7AC153AED2AA__L3.png;35499_EB934A4F-F768-40BC-B2A0-7AC153AED2AA__L3.png;HW_HERO_0024;Julius;ACCEPTED;0.964499;0.121989;Julius;0.9999974693158696;HIGH;HW_HERO_0024;Julius;Julius;EXACT_ALIAS;1.0;julius;julius;CONFIRMED;HW_HERO_0024;Julius;0
35499;L;4;35499_EB934A4F-F768-40BC-B2A0-7AC153AED2AA__L4.png;35499_EB934A4F-F768-40BC-B2A0-7AC153AED2AA__L4.png;HW_HERO_0042;Polaris;ACCEPTED;0.953188;0.078251;Polaris;0.9999854015376729;HIGH;HW_HERO_0042;Polaris;Polaris;EXACT_ALIAS;1.0;polaris;polaris;CONFIRMED;HW_HERO_0042;Polaris;0
35499;L;5;35499_EB934A4F-F768-40BC-B2A0-7AC153AED2AA__L5.png;35499_EB934A4F-F768-40BC-B2A0-7AC153AED2AA__L5.png;HW_HERO_0001;Aidan;ACCEPTED;0.973918;0.089601;Aidan;0.9999726508921631;HIGH;HW_HERO_0001;Aidan;Aidan;EXACT_ALIAS;1.0;aidan;aidan;CONFIRMED;HW_HERO_0001;Aidan;0
35499;R;1;35499_EB934A4F-F768-40BC-B2A0-7AC153AED2AA__R1.png;35499_EB934A4F-F768-40BC-B2A0-7AC153AED2AA__R1.png;HW_HERO_0018;Iris;ACCEPTED;0.957245;0.060058;Iris;0.9994107484817505;HIGH;HW_HERO_0018;Iris;Iris;EXACT_ALIAS;1.0;iris;iris;CONFIRMED;HW_HERO_0018;Iris;0
35499;R;2;35499_EB934A4F-F768-40BC-B2A0-7AC153AED2AA__R2.png;35499_EB934A4F-F768-40BC-B2A0-7AC153AED2AA__R2.png;HW_HERO_0012;Electra von Grave;ACCEPTED;0.935797;0.074095;Electra von Grave;0.9998410922235929;HIGH;HW_HERO_0012;Electra von Grave;Electra von Grave;EXACT_ALIAS;1.0;electra von grave;electra von grave;CONFIRMED;HW_HERO_0012;Electra von Grave;0
35499;R;3;35499_EB934A4F-F768-40BC-B2A0-7AC153AED2AA__R3.png;35499_EB934A4F-F768-40BC-B2A0-7AC153AED2AA__R3.png;HW_HERO_0057;Drayne;ACCEPTED;0.985932;0.133336;Drayne;0.9998859717843961;HIGH;HW_HERO_0057;Drayne;Drayne;EXACT_ALIAS;1.0;drayne;drayne;CONFIRMED;HW_HERO_0057;Drayne;0
35499;R;4;35499_EB934A4F-F768-40BC-B2A0-7AC153AED2AA__R4.png;35499_EB934A4F-F768-40BC-B2A0-7AC153AED2AA__R4.png;HW_HERO_0047;Soleil;ACCEPTED;0.970527;0.109229;Soleil;0.9999251008740343;HIGH;HW_HERO_0047;Soleil;Soleil;EXACT_ALIAS;1.0;soleil;soleil;CONFIRMED;HW_HERO_0047;Soleil;0
35499;R;5;35499_EB934A4F-F768-40BC-B2A0-7AC153AED2AA__R5.png;35499_EB934A4F-F768-40BC-B2A0-7AC153AED2AA__R5.png;HW_HERO_0037;Octavia;ACCEPTED;0.95674;0.084318;Octavia;0.9994091131584641;HIGH;HW_HERO_0037;Octavia;Octavia;EXACT_ALIAS;1.0;octavia;octavia;CONFIRMED;HW_HERO_0037;Octavia;0
35503;L;1;35503_IMG_4712__L1.png;35503_IMG_4712__L1.png;HW_HERO_0018;Iris;ACCEPTED;0.977488;0.080377;Iris;0.9272819641538199;HIGH;HW_HERO_0018;Iris;Iris;EXACT_ALIAS;1.0;iris;iris;CONFIRMED;HW_HERO_0018;Iris;0
35503;L;2;35503_IMG_4712__L2.png;35503_IMG_4712__L2.png;HW_HERO_0041;Phobos;ACCEPTED;0.99187;0.169476;Phobos;0.9999560048247377;HIGH;HW_HERO_0041;Phobos;Phobos;EXACT_ALIAS;1.0;phobos;phobos;CONFIRMED;HW_HERO_0041;Phobos;0
35503;L;3;35503_IMG_4712__L3.png;35503_IMG_4712__L3.png;HW_HERO_0012;Electra von Grave;ACCEPTED;0.966266;0.078599;Electra von Grave;0.9362030671014161;HIGH;HW_HERO_0012;Electra von Grave;Electra von Grave;EXACT_ALIAS;1.0;electra von grave;electra von grave;CONFIRMED;HW_HERO_0012;Electra von Grave;0
35503;L;4;35503_IMG_4712__L4.png;35503_IMG_4712__L4.png;HW_HERO_0037;Octavia;ACCEPTED;0.96205;0.085321;Octavia;0.9998216146893455;HIGH;HW_HERO_0037;Octavia;Octavia;EXACT_ALIAS;1.0;octavia;octavia;CONFIRMED;HW_HERO_0037;Octavia;0
35503;L;5;35503_IMG_4712__L5.png;35503_IMG_4712__L5.png;HW_HERO_0034;Miu;ACCEPTED;0.965115;0.070841;Miu;0.9999912591646606;HIGH;HW_HERO_0034;Miu;Miu;EXACT_ALIAS;1.0;miu;miu;CONFIRMED;HW_HERO_0034;Miu;0
35503;R;1;35503_IMG_4712__R1.png;35503_IMG_4712__R1.png;HW_HERO_0045;Satori;ACCEPTED;0.979397;0.069801;a Satori;0.6478660697977594;MEDIUM;;;Satori;NO_MATCH;0.8571428571428571;a satori;;VISUAL_ONLY;HW_HERO_0045;Satori;0
35503;R;2;35503_IMG_4712__R2.png;35503_IMG_4712__R2.png;HW_HERO_0004;Byrna;ACCEPTED;0.973468;0.116775;Byrna;0.999907343211244;HIGH;HW_HERO_0004;Byrna;Byrna;EXACT_ALIAS;1.0;byrna;byrna;CONFIRMED;HW_HERO_0004;Byrna;0
35503;R;3;35503_IMG_4712__R3.png;35503_IMG_4712__R3.png;HW_HERO_0014;Folio;ACCEPTED;0.962538;0.139467;Folio;0.999989497526536;HIGH;HW_HERO_0014;Folio;Folio;EXACT_ALIAS;1.0;folio;folio;CONFIRMED;HW_HERO_0014;Folio;0
35503;R;4;35503_IMG_4712__R4.png;35503_IMG_4712__R4.png;HW_HERO_0048;Somna;ACCEPTED;0.950957;0.102702;Somna;0.617103440370203;MEDIUM;HW_HERO_0048;Somna;Somna;EXACT_ALIAS;1.0;somna;somna;CONFIRMED;HW_HERO_0048;Somna;0
35503;R;5;35503_IMG_4712__R5.png;35503_IMG_4712__R5.png;HW_HERO_0001;Aidan;ACCEPTED;0.958774;0.078017;Aidan;0.9999841130046352;HIGH;HW_HERO_0001;Aidan;Aidan;EXACT_ALIAS;1.0;aidan;aidan;CONFIRMED;HW_HERO_0001;Aidan;0
35632;L;1;35632_DE9822B3-632E-485C-A8BE-DA7992A03D98__L1.png;35632_DE9822B3-632E-485C-A8BE-DA7992A03D98__L1.png;HW_HERO_0018;Iris;ACCEPTED;0.916482;0.043315;Iris;0.8511226478495781;HIGH;HW_HERO_0018;Iris;Iris;EXACT_ALIAS;1.0;iris;iris;CONFIRMED;HW_HERO_0018;Iris;0
35632;L;2;35632_DE9822B3-632E-485C-A8BE-DA7992A03D98__L2.png;35632_DE9822B3-632E-485C-A8BE-DA7992A03D98__L2.png;HW_HERO_0048;Somna;REVIEW;0.891076;0.073971;Somna;0.9999208312878209;HIGH;HW_HERO_0048;Somna;Somna;EXACT_ALIAS;1.0;somna;somna;RESCUED_BY_OCR;HW_HERO_0048;Somna;0
35632;L;3;35632_DE9822B3-632E-485C-A8BE-DA7992A03D98__L3.png;35632_DE9822B3-632E-485C-A8BE-DA7992A03D98__L3.png;HW_HERO_0010;Dante;ACCEPTED;0.929643;0.062578;Dante;0.9999796347857941;HIGH;HW_HERO_0010;Dante;Dante;EXACT_ALIAS;1.0;dante;dante;CONFIRMED;HW_HERO_0010;Dante;0
35632;L;4;35632_DE9822B3-632E-485C-A8BE-DA7992A03D98__L4.png;35632_DE9822B3-632E-485C-A8BE-DA7992A03D98__L4.png;HW_HERO_0037;Octavia;ACCEPTED;0.949838;0.097163;Octavia;0.9958860784841619;HIGH;HW_HERO_0037;Octavia;Octavia;EXACT_ALIAS;1.0;octavia;octavia;CONFIRMED;HW_HERO_0037;Octavia;0
35632;L;5;35632_DE9822B3-632E-485C-A8BE-DA7992A03D98__L5.png;35632_DE9822B3-632E-485C-A8BE-DA7992A03D98__L5.png;HW_HERO_0036;Nébula;ACCEPTED;0.931997;0.058208;Nebula;0.9998760434531833;HIGH;HW_HERO_0036;Nébula;Nébula;EXACT_ALIAS;1.0;nebula;nebula;CONFIRMED;HW_HERO_0036;Nébula;0
35632;R;1;35632_DE9822B3-632E-485C-A8BE-DA7992A03D98__R1.png;35632_DE9822B3-632E-485C-A8BE-DA7992A03D98__R1.png;HW_HERO_0014;Folio;ACCEPTED;0.945412;0.126958;Folio;0.9999893375902911;HIGH;HW_HERO_0014;Folio;Folio;EXACT_ALIAS;1.0;folio;folio;CONFIRMED;HW_HERO_0014;Folio;0
35632;R;2;35632_DE9822B3-632E-485C-A8BE-DA7992A03D98__R2.png;35632_DE9822B3-632E-485C-A8BE-DA7992A03D98__R2.png;HW_HERO_0052;Yasmine;ACCEPTED;0.930329;0.072875;Yasmine;0.9995977591126207;HIGH;HW_HERO_0052;Yasmine;Yasmine;EXACT_ALIAS;1.0;yasmine;yasmine;CONFIRMED;HW_HERO_0052;Yasmine;0
35632;R;3;35632_DE9822B3-632E-485C-A8BE-DA7992A03D98__R3.png;35632_DE9822B3-632E-485C-A8BE-DA7992A03D98__R3.png;HW_HERO_0026;Kayla;ACCEPTED;0.925105;0.049393;Kayla;0.9999231237255783;HIGH;HW_HERO_0026;Kayla;Kayla;EXACT_ALIAS;1.0;kayla;kayla;CONFIRMED;HW_HERO_0026;Kayla;0
35632;R;4;35632_DE9822B3-632E-485C-A8BE-DA7992A03D98__R4.png;35632_DE9822B3-632E-485C-A8BE-DA7992A03D98__R4.png;HW_HERO_0010;Dante;ACCEPTED;0.943933;0.088456;Dante;0.9999744635063305;HIGH;HW_HERO_0010;Dante;Dante;EXACT_ALIAS;1.0;dante;dante;CONFIRMED;HW_HERO_0010;Dante;0
35632;R;5;35632_DE9822B3-632E-485C-A8BE-DA7992A03D98__R5.png;35632_DE9822B3-632E-485C-A8BE-DA7992A03D98__R5.png;HW_HERO_0048;Somna;ACCEPTED;0.910726;0.071527;Somna;0.9999301076600385;HIGH;HW_HERO_0048;Somna;Somna;EXACT_ALIAS;1.0;somna;somna;CONFIRMED;HW_HERO_0048;Somna;0
35660;L;1;35660_473A669D-FD6A-45AF-A850-2C9DA462E0A2__L1.png;35660_473A669D-FD6A-45AF-A850-2C9DA462E0A2__L1.png;HW_HERO_0018;Iris;ACCEPTED;0.9613;0.067913;Iris;0.9981865575606399;HIGH;HW_HERO_0018;Iris;Iris;EXACT_ALIAS;1.0;iris;iris;CONFIRMED;HW_HERO_0018;Iris;0
35660;L;2;35660_473A669D-FD6A-45AF-A850-2C9DA462E0A2__L2.png;35660_473A669D-FD6A-45AF-A850-2C9DA462E0A2__L2.png;HW_HERO_0042;Polaris;ACCEPTED;0.97231;0.108861;Polaris;0.9999889610456332;HIGH;HW_HERO_0042;Polaris;Polaris;EXACT_ALIAS;1.0;polaris;polaris;CONFIRMED;HW_HERO_0042;Polaris;0
35660;L;3;35660_473A669D-FD6A-45AF-A850-2C9DA462E0A2__L3.png;35660_473A669D-FD6A-45AF-A850-2C9DA462E0A2__L3.png;HW_HERO_0047;Soleil;ACCEPTED;0.968683;0.107993;Soleil;0.9999440326110388;HIGH;HW_HERO_0047;Soleil;Soleil;EXACT_ALIAS;1.0;soleil;soleil;CONFIRMED;HW_HERO_0047;Soleil;0
35660;L;4;35660_473A669D-FD6A-45AF-A850-2C9DA462E0A2__L4.png;35660_473A669D-FD6A-45AF-A850-2C9DA462E0A2__L4.png;HW_HERO_0012;Electra von Grave;ACCEPTED;0.944027;0.078861;Electra von Grave;0.7622477969815745;MEDIUM;HW_HERO_0012;Electra von Grave;Electra von Grave;EXACT_ALIAS;1.0;electra von grave;electra von grave;CONFIRMED;HW_HERO_0012;Electra von Grave;0
35660;L;5;35660_473A669D-FD6A-45AF-A850-2C9DA462E0A2__L5.png;35660_473A669D-FD6A-45AF-A850-2C9DA462E0A2__L5.png;HW_HERO_0036;Nébula;ACCEPTED;0.967486;0.089872;Nebula;0.9999144912792565;HIGH;HW_HERO_0036;Nébula;Nébula;EXACT_ALIAS;1.0;nebula;nebula;CONFIRMED;HW_HERO_0036;Nébula;0
35660;R;1;35660_473A669D-FD6A-45AF-A850-2C9DA462E0A2__R1.png;35660_473A669D-FD6A-45AF-A850-2C9DA462E0A2__R1.png;HW_HERO_0052;Yasmine;ACCEPTED;0.959807;0.077914;D Yasmine;0.918627006164373;HIGH;HW_HERO_0052;Yasmine;Yasmine;VISUAL_ALIAS_EDGE_NOISE;1.0;d yasmine;yasmine;CONFIRMED;HW_HERO_0052;Yasmine;0
35660;R;2;35660_473A669D-FD6A-45AF-A850-2C9DA462E0A2__R2.png;35660_473A669D-FD6A-45AF-A850-2C9DA462E0A2__R2.png;HW_HERO_0057;Drayne;ACCEPTED;0.983492;0.13237;Drayne;0.9998968247877765;HIGH;HW_HERO_0057;Drayne;Drayne;EXACT_ALIAS;1.0;drayne;drayne;CONFIRMED;HW_HERO_0057;Drayne;0
35660;R;3;35660_473A669D-FD6A-45AF-A850-2C9DA462E0A2__R3.png;35660_473A669D-FD6A-45AF-A850-2C9DA462E0A2__R3.png;HW_HERO_0037;Octavia;ACCEPTED;0.955572;0.091212;Octavia;0.9998509482664991;HIGH;HW_HERO_0037;Octavia;Octavia;EXACT_ALIAS;1.0;octavia;octavia;CONFIRMED;HW_HERO_0037;Octavia;0
35660;R;4;35660_473A669D-FD6A-45AF-A850-2C9DA462E0A2__R4.png;35660_473A669D-FD6A-45AF-A850-2C9DA462E0A2__R4.png;HW_HERO_0004;Byrna;ACCEPTED;0.95917;0.090599;Byrna;0.9999766493052518;HIGH;HW_HERO_0004;Byrna;Byrna;EXACT_ALIAS;1.0;byrna;byrna;CONFIRMED;HW_HERO_0004;Byrna;0
35660;R;5;35660_473A669D-FD6A-45AF-A850-2C9DA462E0A2__R5.png;35660_473A669D-FD6A-45AF-A850-2C9DA462E0A2__R5.png;HW_HERO_0017;Guus;ACCEPTED;0.958498;0.148875;Guus;0.9999685883522034;HIGH;HW_HERO_0017;Guus;Guus;EXACT_ALIAS;1.0;guus;guus;CONFIRMED;HW_HERO_0017;Guus;0
36014;L;1;36014_Hero_Wars_2026-06-10-05-38-44__L1.png;36014_Hero_Wars_2026-06-10-05-38-44__L1.png;HW_HERO_0004;Byrna;ACCEPTED;0.975447;0.127617;Byrna Iz;0.8606156728000144;HIGH;HW_HERO_0004;Byrna;Byrna;VISUAL_ALIAS_EDGE_NOISE;1.0;byrna iz;byrna;CONFIRMED;HW_HERO_0004;Byrna;0
36014;L;2;36014_Hero_Wars_2026-06-10-05-38-44__L2.png;36014_Hero_Wars_2026-06-10-05-38-44__L2.png;HW_HERO_0018;Iris;ACCEPTED;0.981689;0.092259;Iris Zi;0.716713054441143;MEDIUM;;;Iris;NO_MATCH;0.7272727272727273;iris zi;;VISUAL_ONLY;HW_HERO_0018;Iris;0
36014;L;3;36014_Hero_Wars_2026-06-10-05-38-44__L3.png;36014_Hero_Wars_2026-06-10-05-38-44__L3.png;HW_HERO_0057;Drayne;ACCEPTED;0.991593;0.116315;Drayne Iz;0.8390676750593317;MEDIUM;;;Drayne;NO_MATCH;0.8;drayne iz;;VISUAL_ONLY;HW_HERO_0057;Drayne;0
36014;L;4;36014_Hero_Wars_2026-06-10-05-38-44__L4.png;36014_Hero_Wars_2026-06-10-05-38-44__L4.png;HW_HERO_0017;Guus;ACCEPTED;0.967963;0.118368;Guus Ig;0.6988801504415941;MEDIUM;;;Guus;NO_MATCH;0.7272727272727273;guus ig;;VISUAL_ONLY;HW_HERO_0017;Guus;0
36014;L;5;36014_Hero_Wars_2026-06-10-05-38-44__L5.png;36014_Hero_Wars_2026-06-10-05-38-44__L5.png;HW_HERO_0012;Electra von Grave;ACCEPTED;0.964405;0.079721;Electra von Grave Ig;0.7352880252666921;MEDIUM;;;Electra von Grave;NO_MATCH;0.918918918918919;electra von grave ig;;VISUAL_ONLY;HW_HERO_0012;Electra von Grave;0
36014;R;1;36014_Hero_Wars_2026-06-10-05-38-44__R1.png;36014_Hero_Wars_2026-06-10-05-38-44__R1.png;HW_HERO_0018;Iris;ACCEPTED;0.987924;0.082896;Iq Iris;0.740187712034078;MEDIUM;;;Iris;NO_MATCH;0.7272727272727273;iq iris;;VISUAL_ONLY;HW_HERO_0018;Iris;0
36014;R;2;36014_Hero_Wars_2026-06-10-05-38-44__R2.png;36014_Hero_Wars_2026-06-10-05-38-44__R2.png;HW_HERO_0052;Yasmine;ACCEPTED;0.96828;0.074592;IB A Yasmine;0.7152751658557951;MEDIUM;;;Yasmine;NO_MATCH;0.7368421052631579;ib a yasmine;;VISUAL_ONLY;HW_HERO_0052;Yasmine;0
36014;R;3;36014_Hero_Wars_2026-06-10-05-38-44__R3.png;36014_Hero_Wars_2026-06-10-05-38-44__R3.png;HW_HERO_0010;Dante;ACCEPTED;0.963193;0.076739;Bi Dante;0.7916581054020876;MEDIUM;;;Dante;NO_MATCH;0.7692307692307693;bi dante;;VISUAL_ONLY;HW_HERO_0010;Dante;0
36014;R;4;36014_Hero_Wars_2026-06-10-05-38-44__R4.png;36014_Hero_Wars_2026-06-10-05-38-44__R4.png;HW_HERO_0037;Octavia;ACCEPTED;0.976798;0.082688;ZB Octavia;0.8246805181424479;MEDIUM;;;Octavia;NO_MATCH;0.8235294117647058;zb octavia;;VISUAL_ONLY;HW_HERO_0037;Octavia;0
36014;R;5;36014_Hero_Wars_2026-06-10-05-38-44__R5.png;36014_Hero_Wars_2026-06-10-05-38-44__R5.png;HW_HERO_0017;Guus;ACCEPTED;0.96727;0.135525;Z' a Guus;0.5993746955060022;LOW;;;Guus;NO_MATCH;0.6666666666666666;z a guus;;VISUAL_ONLY;HW_HERO_0017;Guus;0
36257;L;1;36257_5B8BCBA2-21D3-4312-8933-D9635D690397__L1.png;36257_5B8BCBA2-21D3-4312-8933-D9635D690397__L1.png;HW_HERO_0018;Iris;ACCEPTED;0.960878;0.06966;Iris a z;0.6854084540300232;MEDIUM;;;Iris;NO_MATCH;0.6666666666666666;iris a z;;VISUAL_ONLY;HW_HERO_0018;Iris;0
36257;L;2;36257_5B8BCBA2-21D3-4312-8933-D9635D690397__L2.png;36257_5B8BCBA2-21D3-4312-8933-D9635D690397__L2.png;HW_HERO_0024;Julius;ACCEPTED;0.963857;0.137007;Julius I;0.8781157902105419;HIGH;HW_HERO_0024;Julius;Julius;VISUAL_ALIAS_EDGE_NOISE;1.0;julius i;julius;CONFIRMED;HW_HERO_0024;Julius;0
36257;L;3;36257_5B8BCBA2-21D3-4312-8933-D9635D690397__L3.png;36257_5B8BCBA2-21D3-4312-8933-D9635D690397__L3.png;HW_HERO_0042;Polaris;ACCEPTED;0.968226;0.100114;Polaris I;0.926060583363388;HIGH;HW_HERO_0042;Polaris;Polaris;VISUAL_ALIAS_EDGE_NOISE;1.0;polaris i;polaris;CONFIRMED;HW_HERO_0042;Polaris;0
36257;L;4;36257_5B8BCBA2-21D3-4312-8933-D9635D690397__L4.png;36257_5B8BCBA2-21D3-4312-8933-D9635D690397__L4.png;HW_HERO_0044;Rufus;ACCEPTED;0.967575;0.069012;Rufus I;0.8688841217255155;HIGH;HW_HERO_0044;Rufus;Rufus;VISUAL_ALIAS_EDGE_NOISE;1.0;rufus i;rufus;CONFIRMED;HW_HERO_0044;Rufus;0
36257;L;5;36257_5B8BCBA2-21D3-4312-8933-D9635D690397__L5.png;36257_5B8BCBA2-21D3-4312-8933-D9635D690397__L5.png;HW_HERO_0001;Aidan;ACCEPTED;0.968754;0.088198;Aidan;0.9999744635063305;HIGH;HW_HERO_0001;Aidan;Aidan;EXACT_ALIAS;1.0;aidan;aidan;CONFIRMED;HW_HERO_0001;Aidan;0
36257;R;1;36257_5B8BCBA2-21D3-4312-8933-D9635D690397__R1.png;36257_5B8BCBA2-21D3-4312-8933-D9635D690397__R1.png;HW_HERO_0018;Iris;ACCEPTED;0.957617;0.059812;B Vp Iris;0.6077594726939533;MEDIUM;;;Iris;NO_MATCH;0.6153846153846154;b vp iris;;VISUAL_ONLY;HW_HERO_0018;Iris;0
36257;R;2;36257_5B8BCBA2-21D3-4312-8933-D9635D690397__R2.png;36257_5B8BCBA2-21D3-4312-8933-D9635D690397__R2.png;HW_HERO_0012;Electra von Grave;ACCEPTED;0.948157;0.088539;O Electra von Grave;0.9599547422920387;HIGH;HW_HERO_0012;Electra von Grave;Electra von Grave;FUZZY_ALIAS;0.9444444444444444;o electra von grave;o electra von grave;CONFIRMED;HW_HERO_0012;Electra von Grave;0
36257;R;3;36257_5B8BCBA2-21D3-4312-8933-D9635D690397__R3.png;36257_5B8BCBA2-21D3-4312-8933-D9635D690397__R3.png;HW_HERO_0048;Somna;ACCEPTED;0.907773;0.075217;B Somna;0.9536751270451412;HIGH;HW_HERO_0048;Somna;Somna;VISUAL_ALIAS_EDGE_NOISE;1.0;b somna;somna;CONFIRMED;HW_HERO_0048;Somna;0
36257;R;4;36257_5B8BCBA2-21D3-4312-8933-D9635D690397__R4.png;36257_5B8BCBA2-21D3-4312-8933-D9635D690397__R4.png;HW_HERO_0047;Soleil;ACCEPTED;0.947822;0.073754;A Soleil;0.8972825620994909;HIGH;HW_HERO_0047;Soleil;Soleil;VISUAL_ALIAS_EDGE_NOISE;1.0;a soleil;soleil;CONFIRMED;HW_HERO_0047;Soleil;0
36257;R;5;36257_5B8BCBA2-21D3-4312-8933-D9635D690397__R5.png;36257_5B8BCBA2-21D3-4312-8933-D9635D690397__R5.png;HW_HERO_0049;Tempus;ACCEPTED;0.946908;0.117931;o Tempus;0.8882209686250216;HIGH;HW_HERO_0049;Tempus;Tempus;VISUAL_ALIAS_EDGE_NOISE;1.0;o tempus;tempus;CONFIRMED;HW_HERO_0049;Tempus;0
36267;L;1;36267_IMG_4801__L1.png;36267_IMG_4801__L1.png;HW_HERO_0018;Iris;ACCEPTED;0.961568;0.054288;Iris;0.9988070130348206;HIGH;HW_HERO_0018;Iris;Iris;EXACT_ALIAS;1.0;iris;iris;CONFIRMED;HW_HERO_0018;Iris;0
36267;L;2;36267_IMG_4801__L2.png;36267_IMG_4801__L2.png;HW_HERO_0024;Julius;ACCEPTED;0.960298;0.122152;Julius;0.9999976639839309;HIGH;HW_HERO_0024;Julius;Julius;EXACT_ALIAS;1.0;julius;julius;CONFIRMED;HW_HERO_0024;Julius;0
36267;L;3;36267_IMG_4801__L3.png;36267_IMG_4801__L3.png;HW_HERO_0049;Tempus;ACCEPTED;0.962169;0.109839;Tempus;0.9999853512122976;HIGH;HW_HERO_0049;Tempus;Tempus;EXACT_ALIAS;1.0;tempus;tempus;CONFIRMED;HW_HERO_0049;Tempus;0
36267;L;4;36267_IMG_4801__L4.png;36267_IMG_4801__L4.png;HW_HERO_0017;Guus;ACCEPTED;0.964864;0.135135;Guus;0.999829888343811;HIGH;HW_HERO_0017;Guus;Guus;EXACT_ALIAS;1.0;guus;guus;CONFIRMED;HW_HERO_0017;Guus;0
36267;L;5;36267_IMG_4801__L5.png;36267_IMG_4801__L5.png;HW_HERO_0001;Aidan;ACCEPTED;0.981323;0.086472;Aidan;0.9999797947222222;HIGH;HW_HERO_0001;Aidan;Aidan;EXACT_ALIAS;1.0;aidan;aidan;CONFIRMED;HW_HERO_0001;Aidan;0
36267;R;1;36267_IMG_4801__R1.png;36267_IMG_4801__R1.png;HW_HERO_0018;Iris;ACCEPTED;0.953484;0.046133;S Iris;0.7994296685445863;MEDIUM;;;Iris;NO_MATCH;0.8;s iris;;VISUAL_ONLY;HW_HERO_0018;Iris;0
36267;R;2;36267_IMG_4801__R2.png;36267_IMG_4801__R2.png;HW_HERO_0004;Byrna;ACCEPTED;0.968768;0.102653;Byrna;0.9999379445872723;HIGH;HW_HERO_0004;Byrna;Byrna;EXACT_ALIAS;1.0;byrna;byrna;CONFIRMED;HW_HERO_0004;Byrna;0
36267;R;3;36267_IMG_4801__R3.png;36267_IMG_4801__R3.png;HW_HERO_0048;Somna;ACCEPTED;0.963455;0.114282;Somna;0.9999047308935352;HIGH;HW_HERO_0048;Somna;Somna;EXACT_ALIAS;1.0;somna;somna;CONFIRMED;HW_HERO_0048;Somna;0
36267;R;4;36267_IMG_4801__R4.png;36267_IMG_4801__R4.png;HW_HERO_0051;Xe'Sha;ACCEPTED;0.979679;0.08746;Xe'Sha;0.9998130661695709;HIGH;HW_HERO_0051;Xe'Sha;Xe'Sha;EXACT_ALIAS;1.0;xe sha;xe sha;CONFIRMED;HW_HERO_0051;Xe'Sha;0
36267;R;5;36267_IMG_4801__R5.png;36267_IMG_4801__R5.png;HW_HERO_0045;Satori;ACCEPTED;0.984009;0.084359;Satori;0.6371018059160004;MEDIUM;HW_HERO_0045;Satori;Satori;EXACT_ALIAS;1.0;satori;satori;CONFIRMED;HW_HERO_0045;Satori;0
36275;L;1;36275_IMG_4821__L1.png;36275_IMG_4821__L1.png;HW_HERO_0051;Xe'Sha;ACCEPTED;0.958998;0.07857;Xe'Sha;0.9998222159384631;HIGH;HW_HERO_0051;Xe'Sha;Xe'Sha;EXACT_ALIAS;1.0;xe sha;xe sha;CONFIRMED;HW_HERO_0051;Xe'Sha;0
36275;L;2;36275_IMG_4821__L2.png;36275_IMG_4821__L2.png;HW_HERO_0004;Byrna;ACCEPTED;0.959524;0.094133;Byrna;0.9999371449011519;HIGH;HW_HERO_0004;Byrna;Byrna;EXACT_ALIAS;1.0;byrna;byrna;CONFIRMED;HW_HERO_0004;Byrna;0
36275;L;3;36275_IMG_4821__L3.png;36275_IMG_4821__L3.png;HW_HERO_0007;Champi et Gnon;ACCEPTED;0.981426;0.094075;Mushy and Shroom;0.993073020008573;HIGH;HW_HERO_0007;Champi et Gnon;Mushy and Shroom;EXACT_ALIAS;1.0;mushy and shroom;mushy and shroom;CONFIRMED;HW_HERO_0007;Champi et Gnon;0
36275;L;4;36275_IMG_4821__L4.png;36275_IMG_4821__L4.png;HW_HERO_0048;Somna;ACCEPTED;0.947698;0.101907;Somna;0.9111937770935528;HIGH;HW_HERO_0048;Somna;Somna;EXACT_ALIAS;1.0;somna;somna;CONFIRMED;HW_HERO_0048;Somna;0
36275;L;5;36275_IMG_4821__L5.png;36275_IMG_4821__L5.png;HW_HERO_0012;Electra von Grave;ACCEPTED;0.96683;0.091188;Electra von Grave;0.7322811399695608;MEDIUM;HW_HERO_0012;Electra von Grave;Electra von Grave;EXACT_ALIAS;1.0;electra von grave;electra von grave;CONFIRMED;HW_HERO_0012;Electra von Grave;0
36275;R;1;36275_IMG_4821__R1.png;36275_IMG_4821__R1.png;HW_HERO_0052;Yasmine;ACCEPTED;0.958528;0.083854;Yasmine;0.9999937370878617;HIGH;HW_HERO_0052;Yasmine;Yasmine;EXACT_ALIAS;1.0;yasmine;yasmine;CONFIRMED;HW_HERO_0052;Yasmine;0
36275;R;2;36275_IMG_4821__R2.png;36275_IMG_4821__R2.png;HW_HERO_0026;Kayla;ACCEPTED;0.958428;0.077088;Kayla;0.9999652404949156;HIGH;HW_HERO_0026;Kayla;Kayla;EXACT_ALIAS;1.0;kayla;kayla;CONFIRMED;HW_HERO_0026;Kayla;0
36275;R;3;36275_IMG_4821__R3.png;36275_IMG_4821__R3.png;HW_HERO_0024;Julius;ACCEPTED;0.95549;0.131509;Julius;0.9999988319921188;HIGH;HW_HERO_0024;Julius;Julius;EXACT_ALIAS;1.0;julius;julius;CONFIRMED;HW_HERO_0024;Julius;0
36275;R;4;36275_IMG_4821__R4.png;36275_IMG_4821__R4.png;HW_HERO_0017;Guus;ACCEPTED;0.956156;0.142381;Guus;0.9999409914016724;HIGH;HW_HERO_0017;Guus;Guus;EXACT_ALIAS;1.0;guus;guus;CONFIRMED;HW_HERO_0017;Guus;0
36275;R;5;36275_IMG_4821__R5.png;36275_IMG_4821__R5.png;HW_HERO_0001;Aidan;ACCEPTED;0.974276;0.101717;Aidan;0.9999763827444379;HIGH;HW_HERO_0001;Aidan;Aidan;EXACT_ALIAS;1.0;aidan;aidan;CONFIRMED;HW_HERO_0001;Aidan;0
36368;L;1;36368_Screenshot_20260616_141302_Hero_Wars__L1.png;36368_Screenshot_20260616_141302_Hero_Wars__L1.png;HW_HERO_0045;Satori;ACCEPTED;0.987058;0.10005;Satori G i;0.7701392205754715;MEDIUM;;;Satori;NO_MATCH;0.75;satori g i;;VISUAL_ONLY;HW_HERO_0045;Satori;0
36368;L;2;36368_Screenshot_20260616_141302_Hero_Wars__L2.png;36368_Screenshot_20260616_141302_Hero_Wars__L2.png;HW_HERO_0030;Lian;ACCEPTED;0.972396;0.079249;Lian E;0.8127076971161445;MEDIUM;;;Lian;NO_MATCH;0.8;lian e;;VISUAL_ONLY;HW_HERO_0030;Lian;0
36368;L;3;36368_Screenshot_20260616_141302_Hero_Wars__L3.png;36368_Screenshot_20260616_141302_Hero_Wars__L3.png;HW_HERO_0012;Electra von Grave;ACCEPTED;0.981358;0.106712;Electra von Grave ł I;0.9276783966009603;HIGH;HW_HERO_0012;Electra von Grave;Electra von Grave;VISUAL_ALIAS_EDGE_NOISE;1.0;electra von grave ł i;electra von grave;CONFIRMED;HW_HERO_0012;Electra von Grave;0
36368;L;4;36368_Screenshot_20260616_141302_Hero_Wars__L4.png;36368_Screenshot_20260616_141302_Hero_Wars__L4.png;HW_HERO_0017;Guus;ACCEPTED;0.97594;0.149457;Guus;0.9999956488609314;HIGH;HW_HERO_0017;Guus;Guus;EXACT_ALIAS;1.0;guus;guus;CONFIRMED;HW_HERO_0017;Guus;0
36368;L;5;36368_Screenshot_20260616_141302_Hero_Wars__L5.png;36368_Screenshot_20260616_141302_Hero_Wars__L5.png;HW_HERO_0001;Aidan;ACCEPTED;0.985642;0.118193;Aidan;0.9961090259375055;HIGH;HW_HERO_0001;Aidan;Aidan;EXACT_ALIAS;1.0;aidan;aidan;CONFIRMED;HW_HERO_0001;Aidan;0
36368;R;1;36368_Screenshot_20260616_141302_Hero_Wars__R1.png;36368_Screenshot_20260616_141302_Hero_Wars__R1.png;HW_HERO_0018;Iris;ACCEPTED;0.993529;0.094169;s Pn Iris;0.6771098226510996;MEDIUM;;;Iris;NO_MATCH;0.6153846153846154;s pn iris;;VISUAL_ONLY;HW_HERO_0018;Iris;0
36368;R;2;36368_Screenshot_20260616_141302_Hero_Wars__R2.png;36368_Screenshot_20260616_141302_Hero_Wars__R2.png;HW_HERO_0008;Corvus;ACCEPTED;0.933747;0.070163;B oE Corvus;0.7763817038689896;MEDIUM;;;Corvus;NO_MATCH;0.7058823529411765;b oe corvus;;VISUAL_ONLY;HW_HERO_0008;Corvus;0
36368;R;3;36368_Screenshot_20260616_141302_Hero_Wars__R3.png;36368_Screenshot_20260616_141302_Hero_Wars__R3.png;HW_HERO_0037;Octavia;ACCEPTED;0.97691;0.097157;A ao Octavia;0.7950296478767136;MEDIUM;;;Octavia;NO_MATCH;0.7368421052631579;a ao octavia;;VISUAL_ONLY;HW_HERO_0037;Octavia;0
36368;R;4;36368_Screenshot_20260616_141302_Hero_Wars__R4.png;36368_Screenshot_20260616_141302_Hero_Wars__R4.png;HW_HERO_0005;Cascade;ACCEPTED;0.929134;0.052607;s Q Cascade;0.8720585147787082;HIGH;HW_HERO_0005;Cascade;Cascade;VISUAL_ALIAS_EDGE_NOISE;1.0;s q cascade;cascade;CONFIRMED;HW_HERO_0005;Cascade;0
36368;R;5;36368_Screenshot_20260616_141302_Hero_Wars__R5.png;36368_Screenshot_20260616_141302_Hero_Wars__R5.png;HW_HERO_0010;Dante;ACCEPTED;0.942547;0.041808;A O Dante;0.6461858308654718;MEDIUM;;;Dante;NO_MATCH;0.7142857142857143;a o dante;;VISUAL_ONLY;HW_HERO_0010;Dante;0
36479;L;1;36479_Hero_Wars_2026-06-17-05-58-06__L1.png;36479_Hero_Wars_2026-06-17-05-58-06__L1.png;HW_HERO_0007;Champi et Gnon;ACCEPTED;0.967344;0.077745;Champi et Gnon;0.9995975102654872;HIGH;HW_HERO_0007;Champi et Gnon;Champi et Gnon;EXACT_ALIAS;1.0;champi et gnon;champi et gnon;CONFIRMED;HW_HERO_0007;Champi et Gnon;0
36479;L;2;36479_Hero_Wars_2026-06-17-05-58-06__L2.png;36479_Hero_Wars_2026-06-17-05-58-06__L2.png;HW_HERO_0014;Folio;ACCEPTED;0.963888;0.098197;Folio;0.9999865653615687;HIGH;HW_HERO_0014;Folio;Folio;EXACT_ALIAS;1.0;folio;folio;CONFIRMED;HW_HERO_0014;Folio;0
36479;L;3;36479_Hero_Wars_2026-06-17-05-58-06__L3.png;36479_Hero_Wars_2026-06-17-05-58-06__L3.png;HW_HERO_0004;Byrna;ACCEPTED;0.978992;0.119347;Byrna W;0.8365784987002346;MEDIUM;;;Byrna;NO_MATCH;0.8333333333333334;byrna w;;VISUAL_ONLY;HW_HERO_0004;Byrna;0
36479;L;4;36479_Hero_Wars_2026-06-17-05-58-06__L4.png;36479_Hero_Wars_2026-06-17-05-58-06__L4.png;HW_HERO_0042;Polaris;ACCEPTED;0.978793;0.100309;Polaris;0.999990357813462;HIGH;HW_HERO_0042;Polaris;Polaris;EXACT_ALIAS;1.0;polaris;polaris;CONFIRMED;HW_HERO_0042;Polaris;0
36479;L;5;36479_Hero_Wars_2026-06-17-05-58-06__L5.png;36479_Hero_Wars_2026-06-17-05-58-06__L5.png;HW_HERO_0017;Guus;ACCEPTED;0.976574;0.124979;Guus;0.9998902082443237;HIGH;HW_HERO_0017;Guus;Guus;EXACT_ALIAS;1.0;guus;guus;CONFIRMED;HW_HERO_0017;Guus;0
36479;R;1;36479_Hero_Wars_2026-06-17-05-58-06__R1.png;36479_Hero_Wars_2026-06-17-05-58-06__R1.png;HW_HERO_0007;Champi et Gnon;ACCEPTED;0.959221;0.06605;s Champi et Gnon;0.9064578993309218;HIGH;HW_HERO_0007;Champi et Gnon;Champi et Gnon;VISUAL_ALIAS_EDGE_NOISE;1.0;s champi et gnon;champi et gnon;CONFIRMED;HW_HERO_0007;Champi et Gnon;0
36479;R;2;36479_Hero_Wars_2026-06-17-05-58-06__R2.png;36479_Hero_Wars_2026-06-17-05-58-06__R2.png;HW_HERO_0004;Byrna;ACCEPTED;0.967668;0.118849;B Gs Byrna;0.6782612952095353;MEDIUM;;;Byrna;NO_MATCH;0.6666666666666666;b gs byrna;;VISUAL_ONLY;HW_HERO_0004;Byrna;0
36479;R;3;36479_Hero_Wars_2026-06-17-05-58-06__R3.png;36479_Hero_Wars_2026-06-17-05-58-06__R3.png;HW_HERO_0030;Lian;ACCEPTED;0.969348;0.062452;Lian;0.9987008571624756;HIGH;HW_HERO_0030;Lian;Lian;EXACT_ALIAS;1.0;lian;lian;CONFIRMED;HW_HERO_0030;Lian;0
36479;R;4;36479_Hero_Wars_2026-06-17-05-58-06__R4.png;36479_Hero_Wars_2026-06-17-05-58-06__R4.png;HW_HERO_0017;Guus;ACCEPTED;0.96769;0.128097;s Guus;0.8336692031573749;MEDIUM;;;Guus;NO_MATCH;0.8;s guus;;VISUAL_ONLY;HW_HERO_0017;Guus;0
36479;R;5;36479_Hero_Wars_2026-06-17-05-58-06__R5.png;36479_Hero_Wars_2026-06-17-05-58-06__R5.png;HW_HERO_0001;Aidan;ACCEPTED;0.975489;0.103802;Z Aidan;0.848462715813244;MEDIUM;;;Aidan;NO_MATCH;0.8333333333333334;z aidan;;VISUAL_ONLY;HW_HERO_0001;Aidan;0
36725;L;1;36725_Screenshot_20260614_230117_Hero_Wars__L1.png;36725_Screenshot_20260614_230117_Hero_Wars__L1.png;HW_HERO_0038;Orion;ACCEPTED;0.966146;0.100957;Orion G;0.837802841234935;MEDIUM;;;Orion;NO_MATCH;0.8333333333333334;orion g;;VISUAL_ONLY;HW_HERO_0038;Orion;0
36725;L;2;36725_Screenshot_20260614_230117_Hero_Wars__L2.png;36725_Screenshot_20260614_230117_Hero_Wars__L2.png;HW_HERO_0042;Polaris;ACCEPTED;0.970586;0.102186;Polaris;0.9999801298538108;HIGH;HW_HERO_0042;Polaris;Polaris;EXACT_ALIAS;1.0;polaris;polaris;CONFIRMED;HW_HERO_0042;Polaris;0
36725;L;3;36725_Screenshot_20260614_230117_Hero_Wars__L3.png;36725_Screenshot_20260614_230117_Hero_Wars__L3.png;HW_HERO_0014;Folio;ACCEPTED;0.965433;0.104185;Folio;0.9999800612829286;HIGH;HW_HERO_0014;Folio;Folio;EXACT_ALIAS;1.0;folio;folio;CONFIRMED;HW_HERO_0014;Folio;0
36725;L;4;36725_Screenshot_20260614_230117_Hero_Wars__L4.png;36725_Screenshot_20260614_230117_Hero_Wars__L4.png;HW_HERO_0024;Julius;ACCEPTED;0.970004;0.132128;Julius;0.6950918656381017;MEDIUM;HW_HERO_0024;Julius;Julius;EXACT_ALIAS;1.0;julius;julius;CONFIRMED;HW_HERO_0024;Julius;0
36725;L;5;36725_Screenshot_20260614_230117_Hero_Wars__L5.png;36725_Screenshot_20260614_230117_Hero_Wars__L5.png;HW_HERO_0001;Aidan;ACCEPTED;0.979511;0.093668;Aidan;0.9999690256626648;HIGH;HW_HERO_0001;Aidan;Aidan;EXACT_ALIAS;1.0;aidan;aidan;CONFIRMED;HW_HERO_0001;Aidan;0
36725;R;1;36725_Screenshot_20260614_230117_Hero_Wars__R1.png;36725_Screenshot_20260614_230117_Hero_Wars__R1.png;HW_HERO_0018;Iris;ACCEPTED;0.97806;0.078589;Iris;0.9994218945503235;HIGH;HW_HERO_0018;Iris;Iris;EXACT_ALIAS;1.0;iris;iris;CONFIRMED;HW_HERO_0018;Iris;0
36725;R;2;36725_Screenshot_20260614_230117_Hero_Wars__R2.png;36725_Screenshot_20260614_230117_Hero_Wars__R2.png;HW_HERO_0048;Somna;ACCEPTED;0.957404;0.086001;Somna;0.9998664523498245;HIGH;HW_HERO_0048;Somna;Somna;EXACT_ALIAS;1.0;somna;somna;CONFIRMED;HW_HERO_0048;Somna;0
36725;R;3;36725_Screenshot_20260614_230117_Hero_Wars__R3.png;36725_Screenshot_20260614_230117_Hero_Wars__R3.png;HW_HERO_0012;Electra von Grave;ACCEPTED;0.973624;0.092044;Electra von Grave;0.9583796114633162;HIGH;HW_HERO_0012;Electra von Grave;Electra von Grave;EXACT_ALIAS;1.0;electra von grave;electra von grave;CONFIRMED;HW_HERO_0012;Electra von Grave;0
36725;R;4;36725_Screenshot_20260614_230117_Hero_Wars__R4.png;36725_Screenshot_20260614_230117_Hero_Wars__R4.png;HW_HERO_0004;Byrna;ACCEPTED;0.978785;0.127709;Byrna;0.9999762228079454;HIGH;HW_HERO_0004;Byrna;Byrna;EXACT_ALIAS;1.0;byrna;byrna;CONFIRMED;HW_HERO_0004;Byrna;0
36725;R;5;36725_Screenshot_20260614_230117_Hero_Wars__R5.png;36725_Screenshot_20260614_230117_Hero_Wars__R5.png;HW_HERO_0042;Polaris;ACCEPTED;0.978271;0.104541;Polaris;0.9999891863308095;HIGH;HW_HERO_0042;Polaris;Polaris;EXACT_ALIAS;1.0;polaris;polaris;CONFIRMED;HW_HERO_0042;Polaris;0
36741;L;1;36741_Screenshot_20260530_021445_Hero_Wars__L1.png;36741_Screenshot_20260530_021445_Hero_Wars__L1.png;HW_HERO_0018;Iris;ACCEPTED;0.97695;0.074734;Iris G;0.6503047024515622;MEDIUM;;;Iris;NO_MATCH;0.8;iris g;;VISUAL_ONLY;HW_HERO_0018;Iris;0
36741;L;2;36741_Screenshot_20260530_021445_Hero_Wars__L2.png;36741_Screenshot_20260530_021445_Hero_Wars__L2.png;HW_HERO_0038;Orion;ACCEPTED;0.958643;0.094173;Orion;0.9999343193429227;HIGH;HW_HERO_0038;Orion;Orion;EXACT_ALIAS;1.0;orion;orion;CONFIRMED;HW_HERO_0038;Orion;0
36741;L;3;36741_Screenshot_20260530_021445_Hero_Wars__L3.png;36741_Screenshot_20260530_021445_Hero_Wars__L3.png;HW_HERO_0047;Soleil;ACCEPTED;0.952039;0.087585;Soleil;0.9999492887088248;HIGH;HW_HERO_0047;Soleil;Soleil;EXACT_ALIAS;1.0;soleil;soleil;CONFIRMED;HW_HERO_0047;Soleil;0
36741;L;4;36741_Screenshot_20260530_021445_Hero_Wars__L4.png;36741_Screenshot_20260530_021445_Hero_Wars__L4.png;HW_HERO_0012;Electra von Grave;ACCEPTED;0.97578;0.086243;Electra von Grave;0.8108444006342058;MEDIUM;HW_HERO_0012;Electra von Grave;Electra von Grave;EXACT_ALIAS;1.0;electra von grave;electra von grave;CONFIRMED;HW_HERO_0012;Electra von Grave;0
36741;L;5;36741_Screenshot_20260530_021445_Hero_Wars__L5.png;36741_Screenshot_20260530_021445_Hero_Wars__L5.png;HW_HERO_0036;Nébula;ACCEPTED;0.966479;0.069307;Nébula;0.9998277155245402;HIGH;HW_HERO_0036;Nébula;Nébula;EXACT_ALIAS;1.0;nebula;nebula;CONFIRMED;HW_HERO_0036;Nébula;0
36741;R;1;36741_Screenshot_20260530_021445_Hero_Wars__R1.png;36741_Screenshot_20260530_021445_Hero_Wars__R1.png;HW_HERO_0014;Folio;ACCEPTED;0.969241;0.11788;Folio;0.9999859256163501;HIGH;HW_HERO_0014;Folio;Folio;EXACT_ALIAS;1.0;folio;folio;CONFIRMED;HW_HERO_0014;Folio;0
36741;R;2;36741_Screenshot_20260530_021445_Hero_Wars__R2.png;36741_Screenshot_20260530_021445_Hero_Wars__R2.png;HW_HERO_0004;Byrna;ACCEPTED;0.980679;0.121777;Byrna;0.9999821404561515;HIGH;HW_HERO_0004;Byrna;Byrna;EXACT_ALIAS;1.0;byrna;byrna;CONFIRMED;HW_HERO_0004;Byrna;0
36741;R;3;36741_Screenshot_20260530_021445_Hero_Wars__R3.png;36741_Screenshot_20260530_021445_Hero_Wars__R3.png;HW_HERO_0024;Julius;ACCEPTED;0.975461;0.137184;Julius;0.9999968366446121;HIGH;HW_HERO_0024;Julius;Julius;EXACT_ALIAS;1.0;julius;julius;CONFIRMED;HW_HERO_0024;Julius;0
36741;R;4;36741_Screenshot_20260530_021445_Hero_Wars__R4.png;36741_Screenshot_20260530_021445_Hero_Wars__R4.png;HW_HERO_0023;Juge;ACCEPTED;0.973826;0.138195;Juge;0.9999869385462573;HIGH;HW_HERO_0023;Juge;Juge;EXACT_ALIAS;1.0;juge;juge;CONFIRMED;HW_HERO_0023;Juge;0
36741;R;5;36741_Screenshot_20260530_021445_Hero_Wars__R5.png;36741_Screenshot_20260530_021445_Hero_Wars__R5.png;HW_HERO_0042;Polaris;ACCEPTED;0.968016;0.089216;Polaris;0.9999871137065695;HIGH;HW_HERO_0042;Polaris;Polaris;EXACT_ALIAS;1.0;polaris;polaris;CONFIRMED;HW_HERO_0042;Polaris;0
36964;L;1;36964_Screenshot_20260626_000227_Hero_Wars__L1.png;36964_Screenshot_20260626_000227_Hero_Wars__L1.png;HW_HERO_0026;Kayla;ACCEPTED;0.977142;0.106545;Kayla C Iz;0.7366010410839081;MEDIUM;;;Kayla;NO_MATCH;0.6666666666666666;kayla c iz;;VISUAL_ONLY;HW_HERO_0026;Kayla;0
36964;L;2;36964_Screenshot_20260626_000227_Hero_Wars__L2.png;36964_Screenshot_20260626_000227_Hero_Wars__L2.png;HW_HERO_0052;Yasmine;ACCEPTED;0.97224;0.082681;Yasmine Ig;0.8044489924682977;MEDIUM;;;Yasmine;NO_MATCH;0.8235294117647058;yasmine ig;;VISUAL_ONLY;HW_HERO_0052;Yasmine;0
36964;L;3;36964_Screenshot_20260626_000227_Hero_Wars__L3.png;36964_Screenshot_20260626_000227_Hero_Wars__L3.png;HW_HERO_0048;Somna;ACCEPTED;0.961737;0.087482;Somna Ib;0.7478666890582316;MEDIUM;;;Somna;NO_MATCH;0.7692307692307693;somna ib;;VISUAL_ONLY;HW_HERO_0048;Somna;0
36964;L;4;36964_Screenshot_20260626_000227_Hero_Wars__L4.png;36964_Screenshot_20260626_000227_Hero_Wars__L4.png;HW_HERO_0017;Guus;ACCEPTED;0.968265;0.117661;Guus Is;0.750233750368224;MEDIUM;;;Guus;NO_MATCH;0.7272727272727273;guus is;;VISUAL_ONLY;HW_HERO_0017;Guus;0
36964;L;5;36964_Screenshot_20260626_000227_Hero_Wars__L5.png;36964_Screenshot_20260626_000227_Hero_Wars__L5.png;HW_HERO_0001;Aidan;ACCEPTED;0.976674;0.099002;Aidan Iq;0.7893051838121767;MEDIUM;;;Aidan;NO_MATCH;0.7692307692307693;aidan iq;;VISUAL_ONLY;HW_HERO_0001;Aidan;0
36964;R;1;36964_Screenshot_20260626_000227_Hero_Wars__R1.png;36964_Screenshot_20260626_000227_Hero_Wars__R1.png;HW_HERO_0014;Folio;ACCEPTED;0.981652;0.14136;Bq L Folio;0.6802207252487498;MEDIUM;;;Folio;NO_MATCH;0.6666666666666666;bq l folio;;VISUAL_ONLY;HW_HERO_0014;Folio;0
36964;R;2;36964_Screenshot_20260626_000227_Hero_Wars__R2.png;36964_Screenshot_20260626_000227_Hero_Wars__R2.png;HW_HERO_0001;Aidan;ACCEPTED;0.968871;0.083723;'Oq As Aidan;0.6754418733296641;MEDIUM;;;Aidan;NO_MATCH;0.625;oq as aidan;;VISUAL_ONLY;HW_HERO_0001;Aidan;0
36964;R;3;36964_Screenshot_20260626_000227_Hero_Wars__R3.png;36964_Screenshot_20260626_000227_Hero_Wars__R3.png;HW_HERO_0024;Julius;ACCEPTED;0.975343;0.117634;Bo Julius;0.867132518300645;HIGH;HW_HERO_0024;Julius;Julius;VISUAL_ALIAS_EDGE_NOISE;1.0;bo julius;julius;CONFIRMED;HW_HERO_0024;Julius;0
36964;R;4;36964_Screenshot_20260626_000227_Hero_Wars__R4.png;36964_Screenshot_20260626_000227_Hero_Wars__R4.png;HW_HERO_0017;Guus;ACCEPTED;0.978164;0.14016;Iq Guus;0.6823849872302117;MEDIUM;;;Guus;NO_MATCH;0.7272727272727273;iq guus;;VISUAL_ONLY;HW_HERO_0017;Guus;0
36964;R;5;36964_Screenshot_20260626_000227_Hero_Wars__R5.png;36964_Screenshot_20260626_000227_Hero_Wars__R5.png;HW_HERO_0042;Polaris;ACCEPTED;0.978678;0.111046;sz Polaris;0.8235073339538199;MEDIUM;;;Polaris;NO_MATCH;0.8235294117647058;sz polaris;;VISUAL_ONLY;HW_HERO_0042;Polaris;0
37112;L;1;37112_IMG_7318__L1.png;37112_IMG_7318__L1.png;HW_HERO_0018;Iris;ACCEPTED;0.970477;0.078591;Iris;0.8311216369584048;MEDIUM;HW_HERO_0018;Iris;Iris;EXACT_ALIAS;1.0;iris;iris;CONFIRMED;HW_HERO_0018;Iris;0
37112;L;2;37112_IMG_7318__L2.png;37112_IMG_7318__L2.png;HW_HERO_0047;Soleil;ACCEPTED;0.965934;0.094942;Soleil;0.9998951214033472;HIGH;HW_HERO_0047;Soleil;Soleil;EXACT_ALIAS;1.0;soleil;soleil;CONFIRMED;HW_HERO_0047;Soleil;0
37112;L;3;37112_IMG_7318__L3.png;37112_IMG_7318__L3.png;HW_HERO_0002;Andvari;REVIEW;0.898873;0.102632;Andvari;0.9999414255069105;HIGH;HW_HERO_0002;Andvari;Andvari;EXACT_ALIAS;1.0;andvari;andvari;RESCUED_BY_OCR;HW_HERO_0002;Andvari;0
37112;L;4;37112_IMG_7318__L4.png;37112_IMG_7318__L4.png;HW_HERO_0048;Somna;ACCEPTED;0.964857;0.118129;Somna;0.8402301828270871;MEDIUM;HW_HERO_0048;Somna;Somna;EXACT_ALIAS;1.0;somna;somna;CONFIRMED;HW_HERO_0048;Somna;0
37112;L;5;37112_IMG_7318__L5.png;37112_IMG_7318__L5.png;HW_HERO_0003;Astaroth;REVIEW;0.892705;0.105857;Astaroth;0.9705742345394204;HIGH;HW_HERO_0003;Astaroth;Astaroth;EXACT_ALIAS;1.0;astaroth;astaroth;RESCUED_BY_OCR;HW_HERO_0003;Astaroth;0
37112;R;1;37112_IMG_7318__R1.png;37112_IMG_7318__R1.png;HW_HERO_0025;K'arkh;ACCEPTED;0.944696;0.116038;K'arkh;0.9930272632515139;HIGH;HW_HERO_0025;K'arkh;K'arkh;EXACT_ALIAS;1.0;k arkh;k arkh;CONFIRMED;HW_HERO_0025;K'arkh;0
37112;R;2;37112_IMG_7318__R2.png;37112_IMG_7318__R2.png;HW_HERO_0003;Astaroth;REVIEW;0.88389;0.104133;Astaroth;0.9999843634685645;HIGH;HW_HERO_0003;Astaroth;Astaroth;EXACT_ALIAS;1.0;astaroth;astaroth;RESCUED_BY_OCR;HW_HERO_0003;Astaroth;0
37112;R;3;37112_IMG_7318__R3.png;37112_IMG_7318__R3.png;HW_HERO_0032;Martha;ACCEPTED;0.90266;0.050894;Martha;0.9999946466280263;HIGH;HW_HERO_0032;Martha;Martha;EXACT_ALIAS;1.0;martha;martha;CONFIRMED;HW_HERO_0032;Martha;0
37112;R;4;37112_IMG_7318__R4.png;37112_IMG_7318__R4.png;HW_HERO_0022;Jorgen;ACCEPTED;0.904287;0.059966;Jorgen;0.9999981506540464;HIGH;HW_HERO_0022;Jorgen;Jorgen;EXACT_ALIAS;1.0;jorgen;jorgen;CONFIRMED;HW_HERO_0022;Jorgen;0
37112;R;5;37112_IMG_7318__R5.png;37112_IMG_7318__R5.png;HW_HERO_0066;Faceless;ACCEPTED;0.973919;0.113865;Sanface;0.9987201666526894;HIGH;HW_HERO_0066;Faceless;Sanface;EXACT_ALIAS;1.0;sanface;sanface;CONFIRMED;HW_HERO_0066;Faceless;0
37488;L;1;37488_Screenshot_20260603_210014_Hero_Wars__L1.png;37488_Screenshot_20260603_210014_Hero_Wars__L1.png;HW_HERO_0018;Iris;ACCEPTED;0.981421;0.092279;Iris z;0.8198294396534793;MEDIUM;;;Iris;NO_MATCH;0.8;iris z;;VISUAL_ONLY;HW_HERO_0018;Iris;0
37488;L;2;37488_Screenshot_20260603_210014_Hero_Wars__L2.png;37488_Screenshot_20260603_210014_Hero_Wars__L2.png;HW_HERO_0052;Yasmine;ACCEPTED;0.968829;0.083683;Yasmine i;0.8906945557768495;HIGH;HW_HERO_0052;Yasmine;Yasmine;VISUAL_ALIAS_EDGE_NOISE;1.0;yasmine i;yasmine;CONFIRMED;HW_HERO_0052;Yasmine;0
37488;L;3;37488_Screenshot_20260603_210014_Hero_Wars__L3.png;37488_Screenshot_20260603_210014_Hero_Wars__L3.png;HW_HERO_0004;Byrna;ACCEPTED;0.974661;0.116575;Byrna I O;0.7942423698067821;MEDIUM;;;Byrna;NO_MATCH;0.7142857142857143;byrna i o;;VISUAL_ONLY;HW_HERO_0004;Byrna;0
37488;L;4;37488_Screenshot_20260603_210014_Hero_Wars__L4.png;37488_Screenshot_20260603_210014_Hero_Wars__L4.png;HW_HERO_0010;Dante;ACCEPTED;0.948678;0.044905;Dante z;0.8396263649849977;MEDIUM;;;Dante;NO_MATCH;0.8333333333333334;dante z;;VISUAL_ONLY;HW_HERO_0010;Dante;0
37488;L;5;37488_Screenshot_20260603_210014_Hero_Wars__L5.png;37488_Screenshot_20260603_210014_Hero_Wars__L5.png;HW_HERO_0037;Octavia;ACCEPTED;0.965497;0.071984;Octavia;0.9998326992995488;HIGH;HW_HERO_0037;Octavia;Octavia;EXACT_ALIAS;1.0;octavia;octavia;CONFIRMED;HW_HERO_0037;Octavia;0
37488;R;1;37488_Screenshot_20260603_210014_Hero_Wars__R1.png;37488_Screenshot_20260603_210014_Hero_Wars__R1.png;HW_HERO_0023;Juge;ACCEPTED;0.979466;0.129331;A Judge;0.7736339512059242;MEDIUM;;;Judge;NO_MATCH;0.8333333333333334;a judge;;VISUAL_ONLY;HW_HERO_0023;Juge;0
37488;R;2;37488_Screenshot_20260603_210014_Hero_Wars__R2.png;37488_Screenshot_20260603_210014_Hero_Wars__R2.png;HW_HERO_0024;Julius;ACCEPTED;0.970636;0.113509;g Julius;0.9379361419062467;HIGH;HW_HERO_0024;Julius;Julius;VISUAL_ALIAS_EDGE_NOISE;1.0;g julius;julius;CONFIRMED;HW_HERO_0024;Julius;0
37488;R;3;37488_Screenshot_20260603_210014_Hero_Wars__R3.png;37488_Screenshot_20260603_210014_Hero_Wars__R3.png;HW_HERO_0042;Polaris;ACCEPTED;0.976044;0.098335;Z Polaris;0.9126848479585518;HIGH;HW_HERO_0042;Polaris;Polaris;VISUAL_ALIAS_EDGE_NOISE;1.0;z polaris;polaris;CONFIRMED;HW_HERO_0042;Polaris;0
37488;R;4;37488_Screenshot_20260603_210014_Hero_Wars__R4.png;37488_Screenshot_20260603_210014_Hero_Wars__R4.png;HW_HERO_0014;Folio;ACCEPTED;0.96822;0.111039;I Folio;0.86214909148183;HIGH;HW_HERO_0014;Folio;Folio;VISUAL_ALIAS_EDGE_NOISE;1.0;i folio;folio;CONFIRMED;HW_HERO_0014;Folio;0
37488;R;5;37488_Screenshot_20260603_210014_Hero_Wars__R5.png;37488_Screenshot_20260603_210014_Hero_Wars__R5.png;HW_HERO_0048;Somna;ACCEPTED;0.965577;0.089717;s Somna;0.7917591366302311;MEDIUM;;;Somna;NO_MATCH;0.8333333333333334;s somna;;VISUAL_ONLY;HW_HERO_0048;Somna;0
37615;L;1;37615_Screenshot_2026-06-28-11-44-07-409_com.nexters.herowars__L1.png;37615_Screenshot_2026-06-28-11-44-07-409_com.nexters.herowars__L1.png;HW_HERO_0026;Kayla;ACCEPTED;0.969823;0.090948;Kayla Z;0.8453150302831197;MEDIUM;;;Kayla;NO_MATCH;0.8333333333333334;kayla z;;VISUAL_ONLY;HW_HERO_0026;Kayla;0
37615;L;2;37615_Screenshot_2026-06-28-11-44-07-409_com.nexters.herowars__L2.png;37615_Screenshot_2026-06-28-11-44-07-409_com.nexters.herowars__L2.png;HW_HERO_0041;Phobos;ACCEPTED;0.965491;0.165829;Phobos;0.5966678644155624;LOW;HW_HERO_0041;Phobos;Phobos;EXACT_ALIAS;1.0;phobos;phobos;CONFIRMED;HW_HERO_0041;Phobos;0
37615;L;3;37615_Screenshot_2026-06-28-11-44-07-409_com.nexters.herowars__L3.png;37615_Screenshot_2026-06-28-11-44-07-409_com.nexters.herowars__L3.png;HW_HERO_0039;Oya;ACCEPTED;0.949949;0.087068;Oya I O;0.7035416299401254;MEDIUM;;;Oya;NO_MATCH;0.6;oya i o;;VISUAL_ONLY;HW_HERO_0039;Oya;0
37615;L;4;37615_Screenshot_2026-06-28-11-44-07-409_com.nexters.herowars__L4.png;37615_Screenshot_2026-06-28-11-44-07-409_com.nexters.herowars__L4.png;HW_HERO_0017;Guus;ACCEPTED;0.969804;0.139568;Guus I;0.8257716273126479;MEDIUM;;;Guus;NO_MATCH;0.8;guus i;;VISUAL_ONLY;HW_HERO_0017;Guus;0
37615;L;5;37615_Screenshot_2026-06-28-11-44-07-409_com.nexters.herowars__L5.png;37615_Screenshot_2026-06-28-11-44-07-409_com.nexters.herowars__L5.png;HW_HERO_0030;Lian;ACCEPTED;0.971286;0.074905;Lian I;0.8265369983752435;MEDIUM;;;Lian;NO_MATCH;0.8;lian i;;VISUAL_ONLY;HW_HERO_0030;Lian;0
37615;R;1;37615_Screenshot_2026-06-28-11-44-07-409_com.nexters.herowars__R1.png;37615_Screenshot_2026-06-28-11-44-07-409_com.nexters.herowars__R1.png;HW_HERO_0018;Iris;ACCEPTED;0.985375;0.083357;s Iris;0.8943197758515119;HIGH;HW_HERO_0018;Iris;Iris;VISUAL_ALIAS_EDGE_NOISE;1.0;s iris;iris;CONFIRMED;HW_HERO_0018;Iris;0
37615;R;2;37615_Screenshot_2026-06-28-11-44-07-409_com.nexters.herowars__R2.png;37615_Screenshot_2026-06-28-11-44-07-409_com.nexters.herowars__R2.png;HW_HERO_0008;Corvus;ACCEPTED;0.944812;0.089385;I Corvus;0.9314015816253131;HIGH;HW_HERO_0008;Corvus;Corvus;VISUAL_ALIAS_EDGE_NOISE;1.0;i corvus;corvus;CONFIRMED;HW_HERO_0008;Corvus;0
37615;R;3;37615_Screenshot_2026-06-28-11-44-07-409_com.nexters.herowars__R3.png;37615_Screenshot_2026-06-28-11-44-07-409_com.nexters.herowars__R3.png;HW_HERO_0042;Polaris;ACCEPTED;0.983403;0.105445;Z O Polaris;0.7964240136481019;MEDIUM;;;Polaris;NO_MATCH;0.7777777777777778;z o polaris;;VISUAL_ONLY;HW_HERO_0042;Polaris;0
37615;R;4;37615_Screenshot_2026-06-28-11-44-07-409_com.nexters.herowars__R4.png;37615_Screenshot_2026-06-28-11-44-07-409_com.nexters.herowars__R4.png;HW_HERO_0055;Morrigan;ACCEPTED;0.994356;0.106727;A Morrigan;0.8491799946922041;MEDIUM;;;Morrigan;NO_MATCH;0.8888888888888888;a morrigan;;VISUAL_ONLY;HW_HERO_0055;Morrigan;0
37615;R;5;37615_Screenshot_2026-06-28-11-44-07-409_com.nexters.herowars__R5.png;37615_Screenshot_2026-06-28-11-44-07-409_com.nexters.herowars__R5.png;HW_HERO_0014;Folio;ACCEPTED;0.97574;0.107506;Ó Folio;0.8546802026844816;HIGH;HW_HERO_0014;Folio;Folio;VISUAL_ALIAS_EDGE_NOISE;1.0;o folio;folio;CONFIRMED;HW_HERO_0014;Folio;0
37691;L;1;37691_Screenshot_2026-07-02-07-56-54-838_com.nexters.herowars__L1.png;37691_Screenshot_2026-07-02-07-56-54-838_com.nexters.herowars__L1.png;HW_HERO_0010;Dante;ACCEPTED;0.953068;0.071658;Dante;0.9999722243946556;HIGH;HW_HERO_0010;Dante;Dante;EXACT_ALIAS;1.0;dante;dante;CONFIRMED;HW_HERO_0010;Dante;0
37691;L;2;37691_Screenshot_2026-07-02-07-56-54-838_com.nexters.herowars__L2.png;37691_Screenshot_2026-07-02-07-56-54-838_com.nexters.herowars__L2.png;HW_HERO_0026;Kayla;ACCEPTED;0.936595;0.072579;Kayla;0.9999727575165366;HIGH;HW_HERO_0026;Kayla;Kayla;EXACT_ALIAS;1.0;kayla;kayla;CONFIRMED;HW_HERO_0026;Kayla;0
37691;L;3;37691_Screenshot_2026-07-02-07-56-54-838_com.nexters.herowars__L3.png;37691_Screenshot_2026-07-02-07-56-54-838_com.nexters.herowars__L3.png;HW_HERO_0037;Octavia;ACCEPTED;0.965114;0.066667;Octavia;0.999923898000939;HIGH;HW_HERO_0037;Octavia;Octavia;EXACT_ALIAS;1.0;octavia;octavia;CONFIRMED;HW_HERO_0037;Octavia;0
37691;L;4;37691_Screenshot_2026-07-02-07-56-54-838_com.nexters.herowars__L4.png;37691_Screenshot_2026-07-02-07-56-54-838_com.nexters.herowars__L4.png;HW_HERO_0017;Guus;ACCEPTED;0.968817;0.133659;Guus;0.990580860517227;HIGH;HW_HERO_0017;Guus;Guus;EXACT_ALIAS;1.0;guus;guus;CONFIRMED;HW_HERO_0017;Guus;0
37691;L;5;37691_Screenshot_2026-07-02-07-56-54-838_com.nexters.herowars__L5.png;37691_Screenshot_2026-07-02-07-56-54-838_com.nexters.herowars__L5.png;HW_HERO_0001;Aidan;ACCEPTED;0.977213;0.092562;Aidan;0.9999734505749316;HIGH;HW_HERO_0001;Aidan;Aidan;EXACT_ALIAS;1.0;aidan;aidan;CONFIRMED;HW_HERO_0001;Aidan;0
37691;R;1;37691_Screenshot_2026-07-02-07-56-54-838_com.nexters.herowars__R1.png;37691_Screenshot_2026-07-02-07-56-54-838_com.nexters.herowars__R1.png;HW_HERO_0045;Satori;ACCEPTED;0.952162;0.055625;Fc Satori;0.7576079709766232;MEDIUM;;;Satori;NO_MATCH;0.8;fc satori;;VISUAL_ONLY;HW_HERO_0045;Satori;0
37691;R;2;37691_Screenshot_2026-07-02-07-56-54-838_com.nexters.herowars__R2.png;37691_Screenshot_2026-07-02-07-56-54-838_com.nexters.herowars__R2.png;HW_HERO_0057;Drayne;ACCEPTED;0.978615;0.088786;Drayne;0.9999278749382211;HIGH;HW_HERO_0057;Drayne;Drayne;EXACT_ALIAS;1.0;drayne;drayne;CONFIRMED;HW_HERO_0057;Drayne;0
37691;R;3;37691_Screenshot_2026-07-02-07-56-54-838_com.nexters.herowars__R3.png;37691_Screenshot_2026-07-02-07-56-54-838_com.nexters.herowars__R3.png;HW_HERO_0024;Julius;ACCEPTED;0.977102;0.142427;Julius;0.9999986373241087;HIGH;HW_HERO_0024;Julius;Julius;EXACT_ALIAS;1.0;julius;julius;CONFIRMED;HW_HERO_0024;Julius;0
37691;R;4;37691_Screenshot_2026-07-02-07-56-54-838_com.nexters.herowars__R4.png;37691_Screenshot_2026-07-02-07-56-54-838_com.nexters.herowars__R4.png;HW_HERO_0049;Tempus;ACCEPTED;0.974314;0.107354;Tempus;0.9835040629613424;HIGH;HW_HERO_0049;Tempus;Tempus;EXACT_ALIAS;1.0;tempus;tempus;CONFIRMED;HW_HERO_0049;Tempus;0
37691;R;5;37691_Screenshot_2026-07-02-07-56-54-838_com.nexters.herowars__R5.png;37691_Screenshot_2026-07-02-07-56-54-838_com.nexters.herowars__R5.png;HW_HERO_0017;Guus;ACCEPTED;0.974041;0.144979;Guus;0.999967634677887;HIGH;HW_HERO_0017;Guus;Guus;EXACT_ALIAS;1.0;guus;guus;CONFIRMED;HW_HERO_0017;Guus;0
37744;L;1;37744_7366D860-98F8-4146-B51F-5E96DBCD3BA8__L1.png;37744_7366D860-98F8-4146-B51F-5E96DBCD3BA8__L1.png;HW_HERO_0026;Kayla;ACCEPTED;0.956864;0.068573;Kayla;0.9999548979152587;HIGH;HW_HERO_0026;Kayla;Kayla;EXACT_ALIAS;1.0;kayla;kayla;CONFIRMED;HW_HERO_0026;Kayla;0
37744;L;2;37744_7366D860-98F8-4146-B51F-5E96DBCD3BA8__L2.png;37744_7366D860-98F8-4146-B51F-5E96DBCD3BA8__L2.png;HW_HERO_0012;Electra von Grave;ACCEPTED;0.938459;0.061997;Electra von Grave I;0.9452109201258563;HIGH;HW_HERO_0012;Electra von Grave;Electra von Grave;FUZZY_ALIAS;0.9444444444444444;electra von grave i;electra von grave i;CONFIRMED;HW_HERO_0012;Electra von Grave;0
37744;L;3;37744_7366D860-98F8-4146-B51F-5E96DBCD3BA8__L3.png;37744_7366D860-98F8-4146-B51F-5E96DBCD3BA8__L3.png;HW_HERO_0048;Somna;ACCEPTED;0.915869;0.079595;Somna I;0.8654409716871422;HIGH;HW_HERO_0048;Somna;Somna;VISUAL_ALIAS_EDGE_NOISE;1.0;somna i;somna;CONFIRMED;HW_HERO_0048;Somna;0
37744;L;4;37744_7366D860-98F8-4146-B51F-5E96DBCD3BA8__L4.png;37744_7366D860-98F8-4146-B51F-5E96DBCD3BA8__L4.png;HW_HERO_0047;Soleil;ACCEPTED;0.961499;0.100764;Soleil I;0.8915924874756133;HIGH;HW_HERO_0047;Soleil;Soleil;VISUAL_ALIAS_EDGE_NOISE;1.0;soleil i;soleil;CONFIRMED;HW_HERO_0047;Soleil;0
37744;L;5;37744_7366D860-98F8-4146-B51F-5E96DBCD3BA8__L5.png;37744_7366D860-98F8-4146-B51F-5E96DBCD3BA8__L5.png;HW_HERO_0004;Byrna;ACCEPTED;0.966005;0.109129;Byrna I;0.8736297157156705;HIGH;HW_HERO_0004;Byrna;Byrna;VISUAL_ALIAS_EDGE_NOISE;1.0;byrna i;byrna;CONFIRMED;HW_HERO_0004;Byrna;0
37744;R;1;37744_7366D860-98F8-4146-B51F-5E96DBCD3BA8__R1.png;37744_7366D860-98F8-4146-B51F-5E96DBCD3BA8__R1.png;HW_HERO_0026;Kayla;ACCEPTED;0.948318;0.05209;Ó ' Kayla;0.7448593440124858;MEDIUM;;;Kayla;NO_MATCH;0.8333333333333334;o kayla;;VISUAL_ONLY;HW_HERO_0026;Kayla;0
37744;R;2;37744_7366D860-98F8-4146-B51F-5E96DBCD3BA8__R2.png;37744_7366D860-98F8-4146-B51F-5E96DBCD3BA8__R2.png;HW_HERO_0014;Folio;ACCEPTED;0.941403;0.117256;s P Folio;0.8286238308054241;MEDIUM;;;Folio;NO_MATCH;0.7142857142857143;s p folio;;VISUAL_ONLY;HW_HERO_0014;Folio;0
37744;R;3;37744_7366D860-98F8-4146-B51F-5E96DBCD3BA8__R3.png;37744_7366D860-98F8-4146-B51F-5E96DBCD3BA8__R3.png;HW_HERO_0042;Polaris;ACCEPTED;0.95148;0.086084;g ' Polaris;0.8029139649437201;MEDIUM;;;Polaris;NO_MATCH;0.875;g polaris;;VISUAL_ONLY;HW_HERO_0042;Polaris;0
37744;R;4;37744_7366D860-98F8-4146-B51F-5E96DBCD3BA8__R4.png;37744_7366D860-98F8-4146-B51F-5E96DBCD3BA8__R4.png;HW_HERO_0024;Julius;ACCEPTED;0.963406;0.132521;g Julius;0.8832737054955508;HIGH;HW_HERO_0024;Julius;Julius;VISUAL_ALIAS_EDGE_NOISE;1.0;g julius;julius;CONFIRMED;HW_HERO_0024;Julius;0
37744;R;5;37744_7366D860-98F8-4146-B51F-5E96DBCD3BA8__R5.png;37744_7366D860-98F8-4146-B51F-5E96DBCD3BA8__R5.png;HW_HERO_0001;Aidan;ACCEPTED;0.962212;0.082756;Z Aidan;0.8573104364292062;HIGH;HW_HERO_0001;Aidan;Aidan;VISUAL_ALIAS_EDGE_NOISE;1.0;z aidan;aidan;CONFIRMED;HW_HERO_0001;Aidan;0
37780;L;1;37780_Screenshot_20260627_113924_Hero_Wars__L1.png;37780_Screenshot_20260627_113924_Hero_Wars__L1.png;HW_HERO_0051;Xe'Sha;ACCEPTED;0.994043;0.111296;Xe'Sha;0.9998440195672039;HIGH;HW_HERO_0051;Xe'Sha;Xe'Sha;EXACT_ALIAS;1.0;xe sha;xe sha;CONFIRMED;HW_HERO_0051;Xe'Sha;0
37780;L;2;37780_Screenshot_20260627_113924_Hero_Wars__L2.png;37780_Screenshot_20260627_113924_Hero_Wars__L2.png;HW_HERO_0012;Electra von Grave;ACCEPTED;0.977683;0.107547;Electra von Grave;0.9954018377302657;HIGH;HW_HERO_0012;Electra von Grave;Electra von Grave;EXACT_ALIAS;1.0;electra von grave;electra von grave;CONFIRMED;HW_HERO_0012;Electra von Grave;0
37780;L;3;37780_Screenshot_20260627_113924_Hero_Wars__L3.png;37780_Screenshot_20260627_113924_Hero_Wars__L3.png;HW_HERO_0041;Phobos;ACCEPTED;0.971847;0.175973;Phobos I S;0.8307526847227897;MEDIUM;;;Phobos;NO_MATCH;0.75;phobos i s;;VISUAL_ONLY;HW_HERO_0041;Phobos;0
37780;L;4;37780_Screenshot_20260627_113924_Hero_Wars__L4.png;37780_Screenshot_20260627_113924_Hero_Wars__L4.png;HW_HERO_0001;Aidan;ACCEPTED;0.978191;0.099745;Aidan;0.9999463146308013;HIGH;HW_HERO_0001;Aidan;Aidan;EXACT_ALIAS;1.0;aidan;aidan;CONFIRMED;HW_HERO_0001;Aidan;0
37780;L;5;37780_Screenshot_20260627_113924_Hero_Wars__L5.png;37780_Screenshot_20260627_113924_Hero_Wars__L5.png;HW_HERO_0036;Nébula;ACCEPTED;0.952138;0.072593;Nébula;0.9999249062027983;HIGH;HW_HERO_0036;Nébula;Nébula;EXACT_ALIAS;1.0;nebula;nebula;CONFIRMED;HW_HERO_0036;Nébula;0
37780;R;1;37780_Screenshot_20260627_113924_Hero_Wars__R1.png;37780_Screenshot_20260627_113924_Hero_Wars__R1.png;HW_HERO_0045;Satori;ACCEPTED;0.969012;0.080381;Z Satori;0.7647067153852881;MEDIUM;;;Satori;NO_MATCH;0.8571428571428571;z satori;;VISUAL_ONLY;HW_HERO_0045;Satori;0
37780;R;2;37780_Screenshot_20260627_113924_Hero_Wars__R2.png;37780_Screenshot_20260627_113924_Hero_Wars__R2.png;HW_HERO_0004;Byrna;ACCEPTED;0.972673;0.103248;Z A Byrna;0.757043887425471;MEDIUM;;;Byrna;NO_MATCH;0.7142857142857143;z a byrna;;VISUAL_ONLY;HW_HERO_0004;Byrna;0
37780;R;3;37780_Screenshot_20260627_113924_Hero_Wars__R3.png;37780_Screenshot_20260627_113924_Hero_Wars__R3.png;HW_HERO_0030;Lian;ACCEPTED;0.983236;0.080996;' Lian;0.8231650448355488;MEDIUM;HW_HERO_0030;Lian;Lian;EXACT_ALIAS;1.0;lian;lian;CONFIRMED;HW_HERO_0030;Lian;0
37780;R;4;37780_Screenshot_20260627_113924_Hero_Wars__R4.png;37780_Screenshot_20260627_113924_Hero_Wars__R4.png;HW_HERO_0048;Somna;ACCEPTED;0.97237;0.116446;A a Somna;0.739127496721424;MEDIUM;;;Somna;NO_MATCH;0.7142857142857143;a a somna;;VISUAL_ONLY;HW_HERO_0048;Somna;0
37780;R;5;37780_Screenshot_20260627_113924_Hero_Wars__R5.png;37780_Screenshot_20260627_113924_Hero_Wars__R5.png;HW_HERO_0054;Amira;ACCEPTED;0.984728;0.108556;ó Amira;0.8451745529588192;MEDIUM;;;Amira;NO_MATCH;0.8333333333333334;o amira;;VISUAL_ONLY;HW_HERO_0054;Amira;0
37790;L;1;37790_Hero_Wars_2026-06-27-08-14-25__L1.png;37790_Hero_Wars_2026-06-27-08-14-25__L1.png;HW_HERO_0052;Yasmine;ACCEPTED;0.971488;0.089276;Yasmine Ê P;0.779377797576712;MEDIUM;;;Yasmine;NO_MATCH;0.7777777777777778;yasmine e p;;VISUAL_ONLY;HW_HERO_0052;Yasmine;0
37790;L;2;37790_Hero_Wars_2026-06-27-08-14-25__L2.png;37790_Hero_Wars_2026-06-27-08-14-25__L2.png;HW_HERO_0004;Byrna;ACCEPTED;0.972542;0.11748;Byrna i;0.8663403548789715;HIGH;HW_HERO_0004;Byrna;Byrna;VISUAL_ALIAS_EDGE_NOISE;1.0;byrna i;byrna;CONFIRMED;HW_HERO_0004;Byrna;0
37790;L;3;37790_Hero_Wars_2026-06-27-08-14-25__L3.png;37790_Hero_Wars_2026-06-27-08-14-25__L3.png;HW_HERO_0037;Octavia;ACCEPTED;0.971615;0.083262;Octavia z;0.8689467301935908;HIGH;HW_HERO_0037;Octavia;Octavia;VISUAL_ALIAS_EDGE_NOISE;1.0;octavia z;octavia;CONFIRMED;HW_HERO_0037;Octavia;0
37790;L;4;37790_Hero_Wars_2026-06-27-08-14-25__L4.png;37790_Hero_Wars_2026-06-27-08-14-25__L4.png;HW_HERO_0017;Guus;ACCEPTED;0.974736;0.133876;Guus z;0.809756108532065;MEDIUM;;;Guus;NO_MATCH;0.8;guus z;;VISUAL_ONLY;HW_HERO_0017;Guus;0
37790;L;5;37790_Hero_Wars_2026-06-27-08-14-25__L5.png;37790_Hero_Wars_2026-06-27-08-14-25__L5.png;HW_HERO_0001;Aidan;ACCEPTED;0.982665;0.097557;Aidan z;0.798661911250628;MEDIUM;;;Aidan;NO_MATCH;0.8333333333333334;aidan z;;VISUAL_ONLY;HW_HERO_0001;Aidan;0
37790;R;1;37790_Hero_Wars_2026-06-27-08-14-25__R1.png;37790_Hero_Wars_2026-06-27-08-14-25__R1.png;HW_HERO_0018;Iris;ACCEPTED;0.975765;0.079295;Vn Iris;0.666786800039935;MEDIUM;;;Iris;NO_MATCH;0.7272727272727273;vn iris;;VISUAL_ONLY;HW_HERO_0018;Iris;0
37790;R;2;37790_Hero_Wars_2026-06-27-08-14-25__R2.png;37790_Hero_Wars_2026-06-27-08-14-25__R2.png;HW_HERO_0012;Electra von Grave;ACCEPTED;0.97688;0.093579;Ó P Electra von Grave;0.8091208944847658;MEDIUM;;;Electra von Grave;NO_MATCH;0.8947368421052632;o p electra von grave;;VISUAL_ONLY;HW_HERO_0012;Electra von Grave;0
37790;R;3;37790_Hero_Wars_2026-06-27-08-14-25__R3.png;37790_Hero_Wars_2026-06-27-08-14-25__R3.png;HW_HERO_0047;Soleil;ACCEPTED;0.962019;0.09121;ó Soleil;0.8783870568640217;HIGH;HW_HERO_0047;Soleil;Soleil;VISUAL_ALIAS_EDGE_NOISE;1.0;o soleil;soleil;CONFIRMED;HW_HERO_0047;Soleil;0
37790;R;4;37790_Hero_Wars_2026-06-27-08-14-25__R4.png;37790_Hero_Wars_2026-06-27-08-14-25__R4.png;HW_HERO_0048;Somna;ACCEPTED;0.973106;0.116572;Q e Somna;0.7396406513907211;MEDIUM;;;Somna;NO_MATCH;0.7142857142857143;q e somna;;VISUAL_ONLY;HW_HERO_0048;Somna;0
37790;R;5;37790_Hero_Wars_2026-06-27-08-14-25__R5.png;37790_Hero_Wars_2026-06-27-08-14-25__R5.png;HW_HERO_0036;Nébula;ACCEPTED;0.96337;0.080958;Ó Nébula;0.8702921383798136;HIGH;HW_HERO_0036;Nébula;Nébula;VISUAL_ALIAS_EDGE_NOISE;1.0;o nebula;nebula;CONFIRMED;HW_HERO_0036;Nébula;0
37831;L;1;37831_Hero_Wars_2026-06-30-05-41-25__L1.png;37831_Hero_Wars_2026-06-30-05-41-25__L1.png;HW_HERO_0018;Iris;ACCEPTED;0.979986;0.081862;Iris z;0.8109735153818111;MEDIUM;;;Iris;NO_MATCH;0.8;iris z;;VISUAL_ONLY;HW_HERO_0018;Iris;0
37831;L;2;37831_Hero_Wars_2026-06-30-05-41-25__L2.png;37831_Hero_Wars_2026-06-30-05-41-25__L2.png;HW_HERO_0008;Corvus;ACCEPTED;0.932469;0.055208;Corvus;0.9999152699659722;HIGH;HW_HERO_0008;Corvus;Corvus;EXACT_ALIAS;1.0;corvus;corvus;CONFIRMED;HW_HERO_0008;Corvus;0
37831;L;3;37831_Hero_Wars_2026-06-30-05-41-25__L3.png;37831_Hero_Wars_2026-06-30-05-41-25__L3.png;HW_HERO_0041;Phobos;ACCEPTED;0.96376;0.139647;Phobos I;0.8939326443793071;HIGH;HW_HERO_0041;Phobos;Phobos;VISUAL_ALIAS_EDGE_NOISE;1.0;phobos i;phobos;CONFIRMED;HW_HERO_0041;Phobos;0
37831;L;4;37831_Hero_Wars_2026-06-30-05-41-25__L4.png;37831_Hero_Wars_2026-06-30-05-41-25__L4.png;HW_HERO_0017;Guus;ACCEPTED;0.969949;0.120816;Guus T;0.8906000678693203;HIGH;HW_HERO_0017;Guus;Guus;VISUAL_ALIAS_EDGE_NOISE;1.0;guus t;guus;CONFIRMED;HW_HERO_0017;Guus;0
37831;L;5;37831_Hero_Wars_2026-06-30-05-41-25__L5.png;37831_Hero_Wars_2026-06-30-05-41-25__L5.png;HW_HERO_0047;Soleil;ACCEPTED;0.944403;0.068288;Soleil;0.9999433025969663;HIGH;HW_HERO_0047;Soleil;Soleil;EXACT_ALIAS;1.0;soleil;soleil;CONFIRMED;HW_HERO_0047;Soleil;0
37831;R;1;37831_Hero_Wars_2026-06-30-05-41-25__R1.png;37831_Hero_Wars_2026-06-30-05-41-25__R1.png;HW_HERO_0018;Iris;ACCEPTED;0.977535;0.074805;s S Iris;0.7721343832168279;MEDIUM;;;Iris;NO_MATCH;0.6666666666666666;s s iris;;VISUAL_ONLY;HW_HERO_0018;Iris;0
37831;R;2;37831_Hero_Wars_2026-06-30-05-41-25__R2.png;37831_Hero_Wars_2026-06-30-05-41-25__R2.png;HW_HERO_0047;Soleil;ACCEPTED;0.966983;0.09621;V Soleil;0.8589820725530443;HIGH;HW_HERO_0047;Soleil;Soleil;VISUAL_ALIAS_EDGE_NOISE;1.0;v soleil;soleil;CONFIRMED;HW_HERO_0047;Soleil;0
37831;R;3;37831_Hero_Wars_2026-06-30-05-41-25__R3.png;37831_Hero_Wars_2026-06-30-05-41-25__R3.png;HW_HERO_0012;Electra von Grave;ACCEPTED;0.972776;0.105327;b Electra von Grave;0.8053200873572933;MEDIUM;HW_HERO_0012;Electra von Grave;Electra von Grave;FUZZY_ALIAS;0.9444444444444444;b electra von grave;b electra von grave;CONFIRMED;HW_HERO_0012;Electra von Grave;0
37831;R;4;37831_Hero_Wars_2026-06-30-05-41-25__R4.png;37831_Hero_Wars_2026-06-30-05-41-25__R4.png;HW_HERO_0048;Somna;ACCEPTED;0.95322;0.086827;o Somna;0.8775234845212635;HIGH;HW_HERO_0048;Somna;Somna;VISUAL_ALIAS_EDGE_NOISE;1.0;o somna;somna;CONFIRMED;HW_HERO_0048;Somna;0
37831;R;5;37831_Hero_Wars_2026-06-30-05-41-25__R5.png;37831_Hero_Wars_2026-06-30-05-41-25__R5.png;HW_HERO_0036;Nébula;ACCEPTED;0.96615;0.086326;Ó Nébula;0.8668266942952425;HIGH;HW_HERO_0036;Nébula;Nébula;VISUAL_ALIAS_EDGE_NOISE;1.0;o nebula;nebula;CONFIRMED;HW_HERO_0036;Nébula;0
37977;L;1;37977_Screenshot_20260710_222537_Hero_Wars__L1.png;37977_Screenshot_20260710_222537_Hero_Wars__L1.png;HW_HERO_0018;Iris;ACCEPTED;0.976228;0.093273;Iris z;0.8216241777258746;MEDIUM;;;Iris;NO_MATCH;0.8;iris z;;VISUAL_ONLY;HW_HERO_0018;Iris;0
37977;L;2;37977_Screenshot_20260710_222537_Hero_Wars__L2.png;37977_Screenshot_20260710_222537_Hero_Wars__L2.png;HW_HERO_0045;Satori;ACCEPTED;0.976776;0.090671;Satori z;0.8862667265466769;HIGH;HW_HERO_0045;Satori;Satori;VISUAL_ALIAS_EDGE_NOISE;1.0;satori z;satori;CONFIRMED;HW_HERO_0045;Satori;0
37977;L;3;37977_Screenshot_20260710_222537_Hero_Wars__L3.png;37977_Screenshot_20260710_222537_Hero_Wars__L3.png;HW_HERO_0004;Byrna;ACCEPTED;0.980062;0.11885;Byrna Z n;0.7373030033280303;MEDIUM;;;Byrna;NO_MATCH;0.7142857142857143;byrna z n;;VISUAL_ONLY;HW_HERO_0004;Byrna;0
37977;L;4;37977_Screenshot_20260710_222537_Hero_Wars__L4.png;37977_Screenshot_20260710_222537_Hero_Wars__L4.png;HW_HERO_0012;Electra von Grave;ACCEPTED;0.967174;0.09118;Electra von Grave z n;0.7838803407495987;MEDIUM;;;Electra von Grave;NO_MATCH;0.8947368421052632;electra von grave z n;;VISUAL_ONLY;HW_HERO_0012;Electra von Grave;0
37977;L;5;37977_Screenshot_20260710_222537_Hero_Wars__L5.png;37977_Screenshot_20260710_222537_Hero_Wars__L5.png;HW_HERO_0030;Lian;ACCEPTED;0.96899;0.066626;Lian Y;0.8318762885412326;MEDIUM;;;Lian;NO_MATCH;0.8;lian y;;VISUAL_ONLY;HW_HERO_0030;Lian;0
37977;R;1;37977_Screenshot_20260710_222537_Hero_Wars__R1.png;37977_Screenshot_20260710_222537_Hero_Wars__R1.png;HW_HERO_0026;Kayla;ACCEPTED;0.966227;0.085906;Z G Kayla;0.764911776212557;MEDIUM;;;Kayla;NO_MATCH;0.7142857142857143;z g kayla;;VISUAL_ONLY;HW_HERO_0026;Kayla;0
37977;R;2;37977_Screenshot_20260710_222537_Hero_Wars__R2.png;37977_Screenshot_20260710_222537_Hero_Wars__R2.png;HW_HERO_0018;Iris;ACCEPTED;0.981623;0.076581;Z H Iris;0.6983286384069635;MEDIUM;;;Iris;NO_MATCH;0.6666666666666666;z h iris;;VISUAL_ONLY;HW_HERO_0018;Iris;0
37977;R;3;37977_Screenshot_20260710_222537_Hero_Wars__R3.png;37977_Screenshot_20260710_222537_Hero_Wars__R3.png;HW_HERO_0024;Julius;ACCEPTED;0.969123;0.143205;z Julius;0.8803740320738428;HIGH;HW_HERO_0024;Julius;Julius;VISUAL_ALIAS_EDGE_NOISE;1.0;z julius;julius;CONFIRMED;HW_HERO_0024;Julius;0
37977;R;4;37977_Screenshot_20260710_222537_Hero_Wars__R4.png;37977_Screenshot_20260710_222537_Hero_Wars__R4.png;HW_HERO_0017;Guus;ACCEPTED;0.972352;0.130605;B Guus;0.8948997482550596;HIGH;HW_HERO_0017;Guus;Guus;VISUAL_ALIAS_EDGE_NOISE;1.0;b guus;guus;CONFIRMED;HW_HERO_0017;Guus;0
37977;R;5;37977_Screenshot_20260710_222537_Hero_Wars__R5.png;37977_Screenshot_20260710_222537_Hero_Wars__R5.png;HW_HERO_0001;Aidan;ACCEPTED;0.980982;0.103124;g E Aidan;0.878492381973082;HIGH;HW_HERO_0001;Aidan;Aidan;VISUAL_ALIAS_EDGE_NOISE;1.0;g e aidan;aidan;CONFIRMED;HW_HERO_0001;Aidan;0
38170;L;1;38170_IMG_5183__L1.png;38170_IMG_5183__L1.png;HW_HERO_0045;Satori;ACCEPTED;0.96688;0.076035;Satori à a z;0.6096471557078147;MEDIUM;;;Satori;NO_MATCH;0.6666666666666666;satori a a z;;VISUAL_ONLY;HW_HERO_0045;Satori;0
38170;L;2;38170_IMG_5183__L2.png;38170_IMG_5183__L2.png;HW_HERO_0028;Kendle;ACCEPTED;0.930494;0.046813;Kendle à a I;0.6427187459019199;MEDIUM;;;Kendle;NO_MATCH;0.6666666666666666;kendle a a i;;VISUAL_ONLY;HW_HERO_0028;Kendle;0
38170;L;3;38170_IMG_5183__L3.png;38170_IMG_5183__L3.png;HW_HERO_0030;Lian;ACCEPTED;0.961728;0.058554;Lian O I;0.7075903597319922;MEDIUM;;;Lian;NO_MATCH;0.6666666666666666;lian o i;;VISUAL_ONLY;HW_HERO_0030;Lian;0
38170;L;4;38170_IMG_5183__L4.png;38170_IMG_5183__L4.png;HW_HERO_0048;Somna;ACCEPTED;0.914072;0.077758;Somna z a;0.7227898064272723;MEDIUM;;;Somna;NO_MATCH;0.7142857142857143;somna z a;;VISUAL_ONLY;HW_HERO_0048;Somna;0
38170;L;5;38170_IMG_5183__L5.png;38170_IMG_5183__L5.png;HW_HERO_0017;Guus;ACCEPTED;0.959934;0.140144;Guus I;0.8530511676297919;HIGH;HW_HERO_0017;Guus;Guus;VISUAL_ALIAS_EDGE_NOISE;1.0;guus i;guus;CONFIRMED;HW_HERO_0017;Guus;0
38170;R;1;38170_IMG_5183__R1.png;38170_IMG_5183__R1.png;HW_HERO_0026;Kayla;ACCEPTED;0.94624;0.051038;ó o Kayla;0.765478114404818;MEDIUM;;;Kayla;NO_MATCH;0.7142857142857143;o o kayla;;VISUAL_ONLY;HW_HERO_0026;Kayla;0
38170;R;2;38170_IMG_5183__R2.png;38170_IMG_5183__R2.png;HW_HERO_0008;Corvus;ACCEPTED;0.973698;0.118117;A Corvus;0.6498295145421826;MEDIUM;;;Corvus;NO_MATCH;0.8571428571428571;a corvus;;VISUAL_ONLY;HW_HERO_0008;Corvus;0
38170;R;3;38170_IMG_5183__R3.png;38170_IMG_5183__R3.png;HW_HERO_0049;Tempus;ACCEPTED;0.954275;0.120175;o C Tempus;0.8221783137138574;MEDIUM;;;Tempus;NO_MATCH;0.75;o c tempus;;VISUAL_ONLY;HW_HERO_0049;Tempus;0
38170;R;4;38170_IMG_5183__R4.png;38170_IMG_5183__R4.png;HW_HERO_0041;Phobos;ACCEPTED;0.976289;0.157244;g Phobos;0.8961112126338113;HIGH;HW_HERO_0041;Phobos;Phobos;VISUAL_ALIAS_EDGE_NOISE;1.0;g phobos;phobos;CONFIRMED;HW_HERO_0041;Phobos;0
38170;R;5;38170_IMG_5183__R5.png;38170_IMG_5183__R5.png;HW_HERO_0001;Aidan;ACCEPTED;0.970397;0.084474;z Aidan;0.8414287635052463;MEDIUM;;;Aidan;NO_MATCH;0.8333333333333334;z aidan;;VISUAL_ONLY;HW_HERO_0001;Aidan;0
6632;L;1;6632_Screenshot_20250818_185512_Hero_Wars__L1.png;6632_Screenshot_20250818_185512_Hero_Wars__L1.png;HW_HERO_0026;Kayla;ACCEPTED;0.956532;0.070678;Kayla;0.9999544714168576;HIGH;HW_HERO_0026;Kayla;Kayla;EXACT_ALIAS;1.0;kayla;kayla;CONFIRMED;HW_HERO_0026;Kayla;0
6632;L;2;6632_Screenshot_20250818_185512_Hero_Wars__L2.png;6632_Screenshot_20250818_185512_Hero_Wars__L2.png;HW_HERO_0040;Peech;ACCEPTED;0.936123;0.06212;Peech;0.9999950952932005;HIGH;HW_HERO_0040;Peech;Peech;EXACT_ALIAS;1.0;peech;peech;CONFIRMED;HW_HERO_0040;Peech;0
6632;L;3;6632_Screenshot_20250818_185512_Hero_Wars__L3.png;6632_Screenshot_20250818_185512_Hero_Wars__L3.png;HW_HERO_0060;Cleaver;ACCEPTED;0.969208;0.128063;Coupe-chou;0.999877441754333;HIGH;HW_HERO_0060;Cleaver;Coupe-chou;EXACT_ALIAS;1.0;coupe chou;coupe chou;CONFIRMED;HW_HERO_0060;Cleaver;0
6632;L;4;6632_Screenshot_20250818_185512_Hero_Wars__L4.png;6632_Screenshot_20250818_185512_Hero_Wars__L4.png;HW_HERO_0003;Astaroth;ACCEPTED;0.900235;0.116595;Astaroth;0.9999719300357067;HIGH;HW_HERO_0003;Astaroth;Astaroth;EXACT_ALIAS;1.0;astaroth;astaroth;CONFIRMED;HW_HERO_0003;Astaroth;0
6632;L;5;6632_Screenshot_20250818_185512_Hero_Wars__L5.png;6632_Screenshot_20250818_185512_Hero_Wars__L5.png;HW_HERO_0001;Aidan;ACCEPTED;0.962383;0.073501;Aidan;0.9988839259359852;HIGH;HW_HERO_0001;Aidan;Aidan;EXACT_ALIAS;1.0;aidan;aidan;CONFIRMED;HW_HERO_0001;Aidan;0
6632;R;1;6632_Screenshot_20250818_185512_Hero_Wars__R1.png;6632_Screenshot_20250818_185512_Hero_Wars__R1.png;HW_HERO_0052;Yasmine;ACCEPTED;0.944006;0.080825;Yasmine;0.9999940074296544;HIGH;HW_HERO_0052;Yasmine;Yasmine;EXACT_ALIAS;1.0;yasmine;yasmine;CONFIRMED;HW_HERO_0052;Yasmine;0
6632;R;2;6632_Screenshot_20250818_185512_Hero_Wars__R2.png;6632_Screenshot_20250818_185512_Hero_Wars__R2.png;HW_HERO_0021;Jhu;ACCEPTED;0.937133;0.065031;G Jhu;0.7603650795786403;MEDIUM;;;Jhu;NO_MATCH;0.75;g jhu;;VISUAL_ONLY;HW_HERO_0021;Jhu;0
6632;R;3;6632_Screenshot_20250818_185512_Hero_Wars__R3.png;6632_Screenshot_20250818_185512_Hero_Wars__R3.png;HW_HERO_0015;Galaad;ACCEPTED;0.974987;0.081774;Galaad;0.9999785378062361;HIGH;HW_HERO_0015;Galaad;Galaad;EXACT_ALIAS;1.0;galaad;galaad;CONFIRMED;HW_HERO_0015;Galaad;0
6632;R;4;6632_Screenshot_20250818_185512_Hero_Wars__R4.png;6632_Screenshot_20250818_185512_Hero_Wars__R4.png;HW_HERO_0043;Qing Mao;ACCEPTED;0.935907;0.041775;Qing Mao;0.9985622164029889;HIGH;HW_HERO_0043;Qing Mao;Qing Mao;EXACT_ALIAS;1.0;qing mao;qing mao;CONFIRMED;HW_HERO_0043;Qing Mao;0
6632;R;5;6632_Screenshot_20250818_185512_Hero_Wars__R5.png;6632_Screenshot_20250818_185512_Hero_Wars__R5.png;HW_HERO_0032;Martha;ACCEPTED;0.91714;0.065403;Martha;0.9999872005635712;HIGH;HW_HERO_0032;Martha;Martha;EXACT_ALIAS;1.0;martha;martha;CONFIRMED;HW_HERO_0032;Martha;0
