screenshot_id;side;slot;avatar_file;name_file;visual_hero_uid;visual_hero_name;visual_status;visual_similarity;visual_margin;ocr_text;ocr_confidence;ocr_status;ocr_matched_hero_uid;ocr_matched_hero_name;ocr_matched_alias;ocr_match_method;ocr_match_score;ocr_alias_key;ocr_cleaned_alias_key;decision;final_hero_uid;final_hero_name;review_required
22371;L;1;22371_IMG_3530__L1.png;22371_IMG_3530__L1.png;HW_HERO_0026;Kayla;ACCEPTED;0.945057;0.081551;Kavla;0.9997627048978306;HIGH;HW_HERO_0026;Kayla;Kayla;VISUAL_ALIAS_ONE_EDIT_OCR;0.8;kavla;kayla;CONFIRMED;HW_HERO_0026;Kayla;0
22371;L;2;22371_IMG_3530__L2.png;22371_IMG_3530__L2.png;HW_HERO_0037;Octavia;ACCEPTED;0.961272;0.075365;Octavia;0.9998878964628852;HIGH;HW_HERO_0037;Octavia;Octavia;EXACT_ALIAS;1.0;octavia;octavia;CONFIRMED;HW_HERO_0037;Octavia;0
22371;L;3;22371_IMG_3530__L3.png;22371_IMG_3530__L3.png;HW_HERO_0010;Dante;ACCEPTED;0.973303;0.070945;Dante;0.9999445020106112;HIGH;HW_HERO_0010;Dante;Dante;EXACT_ALIAS;1.0;dante;dante;CONFIRMED;HW_HERO_0010;Dante;0
22371;L;4;22371_IMG_3530__L4.png;22371_IMG_3530__L4.png;HW_HERO_0017;Guus;ACCEPTED;0.963523;0.132389;Guus;0.9998028874397278;HIGH;HW_HERO_0017;Guus;Guus;EXACT_ALIAS;1.0;guus;guus;CONFIRMED;HW_HERO_0017;Guus;0
22371;L;5;22371_IMG_3530__L5.png;22371_IMG_3530__L5.png;HW_HERO_0001;Aidan;ACCEPTED;0.969362;0.07757;Aidan;0.9921856251425583;HIGH;HW_HERO_0001;Aidan;Aidan;EXACT_ALIAS;1.0;aidan;aidan;CONFIRMED;HW_HERO_0001;Aidan;0
22371;R;1;22371_IMG_3530__R1.png;22371_IMG_3530__R1.png;HW_HERO_0018;Iris;ACCEPTED;0.962446;0.053568;Iris;0.6501958042422902;MEDIUM;HW_HERO_0018;Iris;Iris;EXACT_ALIAS;1.0;iris;iris;CONFIRMED;HW_HERO_0018;Iris;0
22371;R;2;22371_IMG_3530__R2.png;22371_IMG_3530__R2.png;HW_HERO_0026;Kayla;ACCEPTED;0.964434;0.078339;Kavla;0.9656745419791241;HIGH;HW_HERO_0026;Kayla;Kayla;VISUAL_ALIAS_ONE_EDIT_OCR;0.8;kavla;kayla;CONFIRMED;HW_HERO_0026;Kayla;0
22371;R;3;22371_IMG_3530__R3.png;22371_IMG_3530__R3.png;HW_HERO_0024;Julius;ACCEPTED;0.959728;0.108092;Julius;0.9999984426560902;HIGH;HW_HERO_0024;Julius;Julius;EXACT_ALIAS;1.0;julius;julius;CONFIRMED;HW_HERO_0024;Julius;0
22371;R;4;22371_IMG_3530__R4.png;22371_IMG_3530__R4.png;HW_HERO_0049;Tempus;ACCEPTED;0.955857;0.107535;Tempus;0.9332869418408541;HIGH;HW_HERO_0049;Tempus;Tempus;EXACT_ALIAS;1.0;tempus;tempus;CONFIRMED;HW_HERO_0049;Tempus;0
22371;R;5;22371_IMG_3530__R5.png;22371_IMG_3530__R5.png;HW_HERO_0001;Aidan;ACCEPTED;0.977404;0.091584;Aidan;0.9999679594183994;HIGH;HW_HERO_0001;Aidan;Aidan;EXACT_ALIAS;1.0;aidan;aidan;CONFIRMED;HW_HERO_0001;Aidan;0
22476;L;1;22476_Screenshot_20260130_170354_Hero_Wars__L1.png;22476_Screenshot_20260130_170354_Hero_Wars__L1.png;HW_HERO_0052;Yasmine;ACCEPTED;0.963745;0.081266;Yasmine;0.9959461505479154;HIGH;HW_HERO_0052;Yasmine;Yasmine;EXACT_ALIAS;1.0;yasmine;yasmine;CONFIRMED;HW_HERO_0052;Yasmine;0
22476;L;2;22476_Screenshot_20260130_170354_Hero_Wars__L2.png;22476_Screenshot_20260130_170354_Hero_Wars__L2.png;HW_HERO_0024;Julius;ACCEPTED;0.967079;0.126259;Julius;0.6144405505680222;MEDIUM;HW_HERO_0024;Julius;Julius;EXACT_ALIAS;1.0;julius;julius;CONFIRMED;HW_HERO_0024;Julius;0
22476;L;3;22476_Screenshot_20260130_170354_Hero_Wars__L3.png;22476_Screenshot_20260130_170354_Hero_Wars__L3.png;HW_HERO_0056;Isaac;ACCEPTED;0.976252;0.144937;Isaac;0.9997603591031359;HIGH;HW_HERO_0056;Isaac;Isaac;EXACT_ALIAS;1.0;isaac;isaac;CONFIRMED;HW_HERO_0056;Isaac;0
22476;L;4;22476_Screenshot_20260130_170354_Hero_Wars__L4.png;22476_Screenshot_20260130_170354_Hero_Wars__L4.png;HW_HERO_0046;Sébastien;ACCEPTED;0.953179;0.079257;Sébastien;0.9998274172387439;HIGH;HW_HERO_0046;Sébastien;Sébastien;EXACT_ALIAS;1.0;sebastien;sebastien;CONFIRMED;HW_HERO_0046;Sébastien;0
22476;L;5;22476_Screenshot_20260130_170354_Hero_Wars__L5.png;22476_Screenshot_20260130_170354_Hero_Wars__L5.png;HW_HERO_0023;Juge;ACCEPTED;0.976045;0.13136;Juae;0.5872944531642764;LOW;;;;NO_MATCH;0.0;juae;;VISUAL_ONLY;HW_HERO_0023;Juge;0
22476;R;1;22476_Screenshot_20260130_170354_Hero_Wars__R1.png;22476_Screenshot_20260130_170354_Hero_Wars__R1.png;HW_HERO_0006;Céleste;ACCEPTED;0.954695;0.05522;Céleste;0.6483833858327929;MEDIUM;HW_HERO_0006;Céleste;Céleste;EXACT_ALIAS;1.0;celeste;celeste;CONFIRMED;HW_HERO_0006;Céleste;0
22476;R;2;22476_Screenshot_20260130_170354_Hero_Wars__R2.png;22476_Screenshot_20260130_170354_Hero_Wars__R2.png;HW_HERO_0045;Satori;ACCEPTED;0.971928;0.075964;Satori;0.9999622342565219;HIGH;HW_HERO_0045;Satori;Satori;EXACT_ALIAS;1.0;satori;satori;CONFIRMED;HW_HERO_0045;Satori;0
22476;R;3;22476_Screenshot_20260130_170354_Hero_Wars__R3.png;22476_Screenshot_20260130_170354_Hero_Wars__R3.png;HW_HERO_0003;Astaroth;ACCEPTED;0.923666;0.131699;Astaroth;0.9999543966791951;HIGH;HW_HERO_0003;Astaroth;Astaroth;EXACT_ALIAS;1.0;astaroth;astaroth;CONFIRMED;HW_HERO_0003;Astaroth;0
22476;R;4;22476_Screenshot_20260130_170354_Hero_Wars__R4.png;22476_Screenshot_20260130_170354_Hero_Wars__R4.png;HW_HERO_0030;Lian;ACCEPTED;0.968934;0.07356;Lian;0.9994302988052368;HIGH;HW_HERO_0030;Lian;Lian;EXACT_ALIAS;1.0;lian;lian;CONFIRMED;HW_HERO_0030;Lian;0
22476;R;5;22476_Screenshot_20260130_170354_Hero_Wars__R5.png;22476_Screenshot_20260130_170354_Hero_Wars__R5.png;HW_HERO_0054;Amira;ACCEPTED;0.984016;0.100965;Amira;0.9999835798834686;HIGH;HW_HERO_0054;Amira;Amira;EXACT_ALIAS;1.0;amira;amira;CONFIRMED;HW_HERO_0054;Amira;0
23466;L;1;23466_Screenshot_20260106_210408_Hero_Wars__L1.png;23466_Screenshot_20260106_210408_Hero_Wars__L1.png;HW_HERO_0018;Iris;ACCEPTED;0.974837;0.081606;Iris;0.9990379214286804;HIGH;HW_HERO_0018;Iris;Iris;EXACT_ALIAS;1.0;iris;iris;CONFIRMED;HW_HERO_0018;Iris;0
23466;L;2;23466_Screenshot_20260106_210408_Hero_Wars__L2.png;23466_Screenshot_20260106_210408_Hero_Wars__L2.png;HW_HERO_0049;Tempus;ACCEPTED;0.963962;0.103748;Tempus;0.670736018668373;MEDIUM;HW_HERO_0049;Tempus;Tempus;EXACT_ALIAS;1.0;tempus;tempus;CONFIRMED;HW_HERO_0049;Tempus;0
23466;L;3;23466_Screenshot_20260106_210408_Hero_Wars__L3.png;23466_Screenshot_20260106_210408_Hero_Wars__L3.png;HW_HERO_0037;Octavia;ACCEPTED;0.96824;0.075011;Octavia;0.9997450577005299;HIGH;HW_HERO_0037;Octavia;Octavia;EXACT_ALIAS;1.0;octavia;octavia;CONFIRMED;HW_HERO_0037;Octavia;0
23466;L;4;23466_Screenshot_20260106_210408_Hero_Wars__L4.png;23466_Screenshot_20260106_210408_Hero_Wars__L4.png;HW_HERO_0048;Somna;ACCEPTED;0.962806;0.090529;Somna;0.9998457669366634;HIGH;HW_HERO_0048;Somna;Somna;EXACT_ALIAS;1.0;somna;somna;CONFIRMED;HW_HERO_0048;Somna;0
23466;L;5;23466_Screenshot_20260106_210408_Hero_Wars__L5.png;23466_Screenshot_20260106_210408_Hero_Wars__L5.png;HW_HERO_0008;Corvus;ACCEPTED;0.938319;0.07048;Corvus;0.9998587174887813;HIGH;HW_HERO_0008;Corvus;Corvus;EXACT_ALIAS;1.0;corvus;corvus;CONFIRMED;HW_HERO_0008;Corvus;0
23466;R;1;23466_Screenshot_20260106_210408_Hero_Wars__R1.png;23466_Screenshot_20260106_210408_Hero_Wars__R1.png;HW_HERO_0014;Folio;ACCEPTED;0.980885;0.134118;Folio;0.9999675862328748;HIGH;HW_HERO_0014;Folio;Folio;EXACT_ALIAS;1.0;folio;folio;CONFIRMED;HW_HERO_0014;Folio;0
23466;R;2;23466_Screenshot_20260106_210408_Hero_Wars__R2.png;23466_Screenshot_20260106_210408_Hero_Wars__R2.png;HW_HERO_0024;Julius;ACCEPTED;0.970605;0.136632;Julius;0.999998247988063;HIGH;HW_HERO_0024;Julius;Julius;EXACT_ALIAS;1.0;julius;julius;CONFIRMED;HW_HERO_0024;Julius;0
23466;R;3;23466_Screenshot_20260106_210408_Hero_Wars__R3.png;23466_Screenshot_20260106_210408_Hero_Wars__R3.png;HW_HERO_0042;Polaris;ACCEPTED;0.969892;0.100244;Polaris;0.9999842751102511;HIGH;HW_HERO_0042;Polaris;Polaris;EXACT_ALIAS;1.0;polaris;polaris;CONFIRMED;HW_HERO_0042;Polaris;0
23466;R;4;23466_Screenshot_20260106_210408_Hero_Wars__R4.png;23466_Screenshot_20260106_210408_Hero_Wars__R4.png;HW_HERO_0023;Juge;ACCEPTED;0.991797;0.153543;Judae;0.999426716503298;HIGH;HW_HERO_0023;Juge;Judge;VISUAL_ALIAS_ONE_EDIT_OCR;0.8;judae;judge;CONFIRMED;HW_HERO_0023;Juge;0
23466;R;5;23466_Screenshot_20260106_210408_Hero_Wars__R5.png;23466_Screenshot_20260106_210408_Hero_Wars__R5.png;HW_HERO_0036;Nébula;ACCEPTED;0.967054;0.08849;Nebula;0.9999229594899702;HIGH;HW_HERO_0036;Nébula;Nébula;EXACT_ALIAS;1.0;nebula;nebula;CONFIRMED;HW_HERO_0036;Nébula;0
24055;L;1;24055_Screenshot_2026-02-01-02-23-53-878_com.nexters.herowars__L1.png;24055_Screenshot_2026-02-01-02-23-53-878_com.nexters.herowars__L1.png;HW_HERO_0014;Folio;ACCEPTED;0.96825;0.117511;Folio;0.9999845928136561;HIGH;HW_HERO_0014;Folio;Folio;EXACT_ALIAS;1.0;folio;folio;CONFIRMED;HW_HERO_0014;Folio;0
24055;L;2;24055_Screenshot_2026-02-01-02-23-53-878_com.nexters.herowars__L2.png;24055_Screenshot_2026-02-01-02-23-53-878_com.nexters.herowars__L2.png;HW_HERO_0058;Cornélius;ACCEPTED;0.991504;0.158619;Cornélius;0.999852016060291;HIGH;HW_HERO_0058;Cornélius;Cornélius;EXACT_ALIAS;1.0;cornelius;cornelius;CONFIRMED;HW_HERO_0058;Cornélius;0
24055;L;3;24055_Screenshot_2026-02-01-02-23-53-878_com.nexters.herowars__L3.png;24055_Screenshot_2026-02-01-02-23-53-878_com.nexters.herowars__L3.png;HW_HERO_0037;Octavia;ACCEPTED;0.968167;0.088853;Octavia;0.999797237419194;HIGH;HW_HERO_0037;Octavia;Octavia;EXACT_ALIAS;1.0;octavia;octavia;CONFIRMED;HW_HERO_0037;Octavia;0
24055;L;4;24055_Screenshot_2026-02-01-02-23-53-878_com.nexters.herowars__L4.png;24055_Screenshot_2026-02-01-02-23-53-878_com.nexters.herowars__L4.png;HW_HERO_0017;Guus;ACCEPTED;0.982242;0.137194;Guus;0.9998826384544373;HIGH;HW_HERO_0017;Guus;Guus;EXACT_ALIAS;1.0;guus;guus;CONFIRMED;HW_HERO_0017;Guus;0
24055;L;5;24055_Screenshot_2026-02-01-02-23-53-878_com.nexters.herowars__L5.png;24055_Screenshot_2026-02-01-02-23-53-878_com.nexters.herowars__L5.png;HW_HERO_0001;Aidan;ACCEPTED;0.973858;0.088323;Aidan;0.9999643341868938;HIGH;HW_HERO_0001;Aidan;Aidan;EXACT_ALIAS;1.0;aidan;aidan;CONFIRMED;HW_HERO_0001;Aidan;0
24055;R;1;24055_Screenshot_2026-02-01-02-23-53-878_com.nexters.herowars__R1.png;24055_Screenshot_2026-02-01-02-23-53-878_com.nexters.herowars__R1.png;HW_HERO_0018;Iris;ACCEPTED;0.957533;0.062196;Iris;0.9993481636047363;HIGH;HW_HERO_0018;Iris;Iris;EXACT_ALIAS;1.0;iris;iris;CONFIRMED;HW_HERO_0018;Iris;0
24055;R;2;24055_Screenshot_2026-02-01-02-23-53-878_com.nexters.herowars__R2.png;24055_Screenshot_2026-02-01-02-23-53-878_com.nexters.herowars__R2.png;HW_HERO_0014;Folio;ACCEPTED;0.959245;0.109034;Folio;0.9952630047093038;HIGH;HW_HERO_0014;Folio;Folio;EXACT_ALIAS;1.0;folio;folio;CONFIRMED;HW_HERO_0014;Folio;0
24055;R;3;24055_Screenshot_2026-02-01-02-23-53-878_com.nexters.herowars__R3.png;24055_Screenshot_2026-02-01-02-23-53-878_com.nexters.herowars__R3.png;HW_HERO_0012;Electra von Grave;ACCEPTED;0.962579;0.080472;Electra von Grave;0.9302287328937163;HIGH;HW_HERO_0012;Electra von Grave;Electra von Grave;EXACT_ALIAS;1.0;electra von grave;electra von grave;CONFIRMED;HW_HERO_0012;Electra von Grave;0
24055;R;4;24055_Screenshot_2026-02-01-02-23-53-878_com.nexters.herowars__R4.png;24055_Screenshot_2026-02-01-02-23-53-878_com.nexters.herowars__R4.png;HW_HERO_0048;Somna;ACCEPTED;0.943461;0.091692;Somna;0.9932418760286584;HIGH;HW_HERO_0048;Somna;Somna;EXACT_ALIAS;1.0;somna;somna;CONFIRMED;HW_HERO_0048;Somna;0
24055;R;5;24055_Screenshot_2026-02-01-02-23-53-878_com.nexters.herowars__R5.png;24055_Screenshot_2026-02-01-02-23-53-878_com.nexters.herowars__R5.png;HW_HERO_0042;Polaris;ACCEPTED;0.978646;0.108714;Polaris;0.9929499995896457;HIGH;HW_HERO_0042;Polaris;Polaris;EXACT_ALIAS;1.0;polaris;polaris;CONFIRMED;HW_HERO_0042;Polaris;0
24068;L;1;24068_Screenshot_20260206_233816_Hero_Wars__L1.png;24068_Screenshot_20260206_233816_Hero_Wars__L1.png;HW_HERO_0018;Iris;ACCEPTED;0.977406;0.0767;Iris;0.999707043170929;HIGH;HW_HERO_0018;Iris;Iris;EXACT_ALIAS;1.0;iris;iris;CONFIRMED;HW_HERO_0018;Iris;0
24068;L;2;24068_Screenshot_20260206_233816_Hero_Wars__L2.png;24068_Screenshot_20260206_233816_Hero_Wars__L2.png;HW_HERO_0052;Yasmine;ACCEPTED;0.973606;0.075099;Yasmine;0.9976475227816469;HIGH;HW_HERO_0052;Yasmine;Yasmine;EXACT_ALIAS;1.0;yasmine;yasmine;CONFIRMED;HW_HERO_0052;Yasmine;0
24068;L;3;24068_Screenshot_20260206_233816_Hero_Wars__L3.png;24068_Screenshot_20260206_233816_Hero_Wars__L3.png;HW_HERO_0039;Oya;ACCEPTED;0.956481;0.088039;Ova;0.5697040412600936;LOW;;;;NO_MATCH;0.0;ova;;VISUAL_ONLY;HW_HERO_0039;Oya;0
24068;L;4;24068_Screenshot_20260206_233816_Hero_Wars__L4.png;24068_Screenshot_20260206_233816_Hero_Wars__L4.png;HW_HERO_0048;Somna;ACCEPTED;0.966667;0.100061;Somna;0.9998673586683184;HIGH;HW_HERO_0048;Somna;Somna;EXACT_ALIAS;1.0;somna;somna;CONFIRMED;HW_HERO_0048;Somna;0
24068;L;5;24068_Screenshot_20260206_233816_Hero_Wars__L5.png;24068_Screenshot_20260206_233816_Hero_Wars__L5.png;HW_HERO_0003;Astaroth;ACCEPTED;0.903331;0.106257;Astaroth;0.9970314315844149;HIGH;HW_HERO_0003;Astaroth;Astaroth;EXACT_ALIAS;1.0;astaroth;astaroth;CONFIRMED;HW_HERO_0003;Astaroth;0
24068;R;1;24068_Screenshot_20260206_233816_Hero_Wars__R1.png;24068_Screenshot_20260206_233816_Hero_Wars__R1.png;HW_HERO_0026;Kayla;ACCEPTED;0.957163;0.09029;Kavla;0.9986553225133841;HIGH;HW_HERO_0026;Kayla;Kayla;VISUAL_ALIAS_ONE_EDIT_OCR;0.8;kavla;kayla;CONFIRMED;HW_HERO_0026;Kayla;0
24068;R;2;24068_Screenshot_20260206_233816_Hero_Wars__R2.png;24068_Screenshot_20260206_233816_Hero_Wars__R2.png;HW_HERO_0040;Peech;ACCEPTED;0.959314;0.072673;Peech;0.9999954151654696;HIGH;HW_HERO_0040;Peech;Peech;EXACT_ALIAS;1.0;peech;peech;CONFIRMED;HW_HERO_0040;Peech;0
24068;R;3;24068_Screenshot_20260206_233816_Hero_Wars__R3.png;24068_Screenshot_20260206_233816_Hero_Wars__R3.png;HW_HERO_0048;Somna;ACCEPTED;0.96817;0.099573;Somna;0.9998738628334873;HIGH;HW_HERO_0048;Somna;Somna;EXACT_ALIAS;1.0;somna;somna;CONFIRMED;HW_HERO_0048;Somna;0
24068;R;4;24068_Screenshot_20260206_233816_Hero_Wars__R4.png;24068_Screenshot_20260206_233816_Hero_Wars__R4.png;HW_HERO_0001;Aidan;ACCEPTED;0.972157;0.095386;Aidan;0.9999584165262497;HIGH;HW_HERO_0001;Aidan;Aidan;EXACT_ALIAS;1.0;aidan;aidan;CONFIRMED;HW_HERO_0001;Aidan;0
24068;R;5;24068_Screenshot_20260206_233816_Hero_Wars__R5.png;24068_Screenshot_20260206_233816_Hero_Wars__R5.png;HW_HERO_0003;Astaroth;ACCEPTED;0.903463;0.104151;Astaroth;0.9924602544093649;HIGH;HW_HERO_0003;Astaroth;Astaroth;EXACT_ALIAS;1.0;astaroth;astaroth;CONFIRMED;HW_HERO_0003;Astaroth;0
24170;L;1;24170_IMG_0104__L1.png;24170_IMG_0104__L1.png;HW_HERO_0052;Yasmine;ACCEPTED;0.972503;0.089601;Yasmine;0.6344377047372805;MEDIUM;HW_HERO_0052;Yasmine;Yasmine;EXACT_ALIAS;1.0;yasmine;yasmine;CONFIRMED;HW_HERO_0052;Yasmine;0
24170;L;2;24170_IMG_0104__L2.png;24170_IMG_0104__L2.png;HW_HERO_0046;Sébastien;ACCEPTED;0.971217;0.093014;Sebastian;0.9999582365761783;HIGH;HW_HERO_0046;Sébastien;Sebastian;EXACT_ALIAS;1.0;sebastian;sebastian;CONFIRMED;HW_HERO_0046;Sébastien;0
24170;L;3;24170_IMG_0104__L3.png;24170_IMG_0104__L3.png;HW_HERO_0024;Julius;ACCEPTED;0.966309;0.127969;Julius;0.9999976153169164;HIGH;HW_HERO_0024;Julius;Julius;EXACT_ALIAS;1.0;julius;julius;CONFIRMED;HW_HERO_0024;Julius;0
24170;L;4;24170_IMG_0104__L4.png;24170_IMG_0104__L4.png;HW_HERO_0056;Isaac;ACCEPTED;0.954668;0.125399;Isaac;0.9998061019825004;HIGH;HW_HERO_0056;Isaac;Isaac;EXACT_ALIAS;1.0;isaac;isaac;CONFIRMED;HW_HERO_0056;Isaac;0
24170;L;5;24170_IMG_0104__L5.png;24170_IMG_0104__L5.png;HW_HERO_0023;Juge;ACCEPTED;0.973138;0.124295;Judge;0.8501285548261087;HIGH;HW_HERO_0023;Juge;Judge;EXACT_ALIAS;1.0;judge;judge;CONFIRMED;HW_HERO_0023;Juge;0
24170;R;1;24170_IMG_0104__R1.png;24170_IMG_0104__R1.png;HW_HERO_0052;Yasmine;ACCEPTED;0.945977;0.060319;Yasmine;0.9338932103902547;HIGH;HW_HERO_0052;Yasmine;Yasmine;EXACT_ALIAS;1.0;yasmine;yasmine;CONFIRMED;HW_HERO_0052;Yasmine;0
24170;R;2;24170_IMG_0104__R2.png;24170_IMG_0104__R2.png;HW_HERO_0045;Satori;ACCEPTED;0.960345;0.055015;Satori;0.999974790428455;HIGH;HW_HERO_0045;Satori;Satori;EXACT_ALIAS;1.0;satori;satori;CONFIRMED;HW_HERO_0045;Satori;0
24170;R;3;24170_IMG_0104__R3.png;24170_IMG_0104__R3.png;HW_HERO_0053;Ziri;ACCEPTED;0.940243;0.078135;Ziri;0.9999763369560242;HIGH;HW_HERO_0053;Ziri;Ziri;EXACT_ALIAS;1.0;ziri;ziri;CONFIRMED;HW_HERO_0053;Ziri;0
24170;R;4;24170_IMG_0104__R4.png;24170_IMG_0104__R4.png;HW_HERO_0054;Amira;ACCEPTED;0.98434;0.137942;Amira;0.9999642808746539;HIGH;HW_HERO_0054;Amira;Amira;EXACT_ALIAS;1.0;amira;amira;CONFIRMED;HW_HERO_0054;Amira;0
24170;R;5;24170_IMG_0104__R5.png;24170_IMG_0104__R5.png;HW_HERO_0030;Lian;ACCEPTED;0.947677;0.066251;Lian;0.9996343851089478;HIGH;HW_HERO_0030;Lian;Lian;EXACT_ALIAS;1.0;lian;lian;CONFIRMED;HW_HERO_0030;Lian;0
24343;L;1;24343_Screenshot_20260212_003717_Hero_Wars__L1.png;24343_Screenshot_20260212_003717_Hero_Wars__L1.png;HW_HERO_0045;Satori;ACCEPTED;0.984093;0.101425;Satori;0.9999436919378198;HIGH;HW_HERO_0045;Satori;Satori;EXACT_ALIAS;1.0;satori;satori;CONFIRMED;HW_HERO_0045;Satori;0
24343;L;2;24343_Screenshot_20260212_003717_Hero_Wars__L2.png;24343_Screenshot_20260212_003717_Hero_Wars__L2.png;HW_HERO_0030;Lian;ACCEPTED;0.963489;0.078829;Lian;0.9997204542160034;HIGH;HW_HERO_0030;Lian;Lian;EXACT_ALIAS;1.0;lian;lian;CONFIRMED;HW_HERO_0030;Lian;0
24343;L;3;24343_Screenshot_20260212_003717_Hero_Wars__L3.png;24343_Screenshot_20260212_003717_Hero_Wars__L3.png;HW_HERO_0006;Céleste;ACCEPTED;0.943392;0.046614;Céleste;0.9990407707565502;HIGH;HW_HERO_0006;Céleste;Céleste;EXACT_ALIAS;1.0;celeste;celeste;CONFIRMED;HW_HERO_0006;Céleste;0
24343;L;4;24343_Screenshot_20260212_003717_Hero_Wars__L4.png;24343_Screenshot_20260212_003717_Hero_Wars__L4.png;HW_HERO_0054;Amira;ACCEPTED;0.982363;0.112489;Amira;0.9163686871006572;HIGH;HW_HERO_0054;Amira;Amira;EXACT_ALIAS;1.0;amira;amira;CONFIRMED;HW_HERO_0054;Amira;0
24343;L;5;24343_Screenshot_20260212_003717_Hero_Wars__L5.png;24343_Screenshot_20260212_003717_Hero_Wars__L5.png;HW_HERO_0003;Astaroth;ACCEPTED;0.902155;0.097979;Astaroth;0.9999845320570445;HIGH;HW_HERO_0003;Astaroth;Astaroth;EXACT_ALIAS;1.0;astaroth;astaroth;CONFIRMED;HW_HERO_0003;Astaroth;0
24343;R;1;24343_Screenshot_20260212_003717_Hero_Wars__R1.png;24343_Screenshot_20260212_003717_Hero_Wars__R1.png;HW_HERO_0010;Dante;ACCEPTED;0.941135;0.034899;Dante;0.9999720644580845;HIGH;HW_HERO_0010;Dante;Dante;EXACT_ALIAS;1.0;dante;dante;CONFIRMED;HW_HERO_0010;Dante;0
24343;R;2;24343_Screenshot_20260212_003717_Hero_Wars__R2.png;24343_Screenshot_20260212_003717_Hero_Wars__R2.png;HW_HERO_0018;Iris;ACCEPTED;0.977009;0.070601;Iris;0.9997295141220093;HIGH;HW_HERO_0018;Iris;Iris;EXACT_ALIAS;1.0;iris;iris;CONFIRMED;HW_HERO_0018;Iris;0
24343;R;3;24343_Screenshot_20260212_003717_Hero_Wars__R3.png;24343_Screenshot_20260212_003717_Hero_Wars__R3.png;HW_HERO_0037;Octavia;ACCEPTED;0.978088;0.084035;Octavia;0.999899791885961;HIGH;HW_HERO_0037;Octavia;Octavia;EXACT_ALIAS;1.0;octavia;octavia;CONFIRMED;HW_HERO_0037;Octavia;0
24343;R;4;24343_Screenshot_20260212_003717_Hero_Wars__R4.png;24343_Screenshot_20260212_003717_Hero_Wars__R4.png;HW_HERO_0042;Polaris;ACCEPTED;0.970167;0.094413;Polaris;0.9999818420256217;HIGH;HW_HERO_0042;Polaris;Polaris;EXACT_ALIAS;1.0;polaris;polaris;CONFIRMED;HW_HERO_0042;Polaris;0
24343;R;5;24343_Screenshot_20260212_003717_Hero_Wars__R5.png;24343_Screenshot_20260212_003717_Hero_Wars__R5.png;HW_HERO_0049;Tempus;ACCEPTED;0.967756;0.095893;Tempus;0.9999275342637649;HIGH;HW_HERO_0049;Tempus;Tempus;EXACT_ALIAS;1.0;tempus;tempus;CONFIRMED;HW_HERO_0049;Tempus;0
24509;L;1;24509_Screenshot_20260208-065653__L1.png;24509_Screenshot_20260208-065653__L1.png;HW_HERO_0026;Kayla;ACCEPTED;0.955784;0.065796;Kavla;0.9994678227493263;HIGH;HW_HERO_0026;Kayla;Kayla;VISUAL_ALIAS_ONE_EDIT_OCR;0.8;kavla;kayla;CONFIRMED;HW_HERO_0026;Kayla;0
24509;L;2;24509_Screenshot_20260208-065653__L2.png;24509_Screenshot_20260208-065653__L2.png;HW_HERO_0024;Julius;ACCEPTED;0.965067;0.126282;Julius;0.9446941961569011;HIGH;HW_HERO_0024;Julius;Julius;EXACT_ALIAS;1.0;julius;julius;CONFIRMED;HW_HERO_0024;Julius;0
24509;L;3;24509_Screenshot_20260208-065653__L3.png;24509_Screenshot_20260208-065653__L3.png;HW_HERO_0048;Somna;ACCEPTED;0.916642;0.081497;Somna;0.9998648529640108;HIGH;HW_HERO_0048;Somna;Somna;EXACT_ALIAS;1.0;somna;somna;CONFIRMED;HW_HERO_0048;Somna;0
24509;L;4;24509_Screenshot_20260208-065653__L4.png;24509_Screenshot_20260208-065653__L4.png;HW_HERO_0001;Aidan;ACCEPTED;0.969507;0.083776;Aidan;0.9984561124968792;HIGH;HW_HERO_0001;Aidan;Aidan;EXACT_ALIAS;1.0;aidan;aidan;CONFIRMED;HW_HERO_0001;Aidan;0
24509;L;5;24509_Screenshot_20260208-065653__L5.png;24509_Screenshot_20260208-065653__L5.png;HW_HERO_0017;Guus;ACCEPTED;0.957966;0.146573;Guus;0.9998112320899963;HIGH;HW_HERO_0017;Guus;Guus;EXACT_ALIAS;1.0;guus;guus;CONFIRMED;HW_HERO_0017;Guus;0
24509;R;1;24509_Screenshot_20260208-065653__R1.png;24509_Screenshot_20260208-065653__R1.png;HW_HERO_0026;Kayla;ACCEPTED;0.953624;0.057916;Kavla;0.9999109684671378;HIGH;HW_HERO_0026;Kayla;Kayla;VISUAL_ALIAS_ONE_EDIT_OCR;0.8;kavla;kayla;CONFIRMED;HW_HERO_0026;Kayla;0
24509;R;2;24509_Screenshot_20260208-065653__R2.png;24509_Screenshot_20260208-065653__R2.png;HW_HERO_0056;Isaac;ACCEPTED;0.990362;0.162882;Isaac;0.9998642665224701;HIGH;HW_HERO_0056;Isaac;Isaac;EXACT_ALIAS;1.0;isaac;isaac;CONFIRMED;HW_HERO_0056;Isaac;0
24509;R;3;24509_Screenshot_20260208-065653__R3.png;24509_Screenshot_20260208-065653__R3.png;HW_HERO_0060;Cleaver;ACCEPTED;0.977895;0.139771;Coupe-chou;0.9999487686238784;HIGH;HW_HERO_0060;Cleaver;Coupe-chou;EXACT_ALIAS;1.0;coupe chou;coupe chou;CONFIRMED;HW_HERO_0060;Cleaver;0
24509;R;4;24509_Screenshot_20260208-065653__R4.png;24509_Screenshot_20260208-065653__R4.png;HW_HERO_0024;Julius;ACCEPTED;0.9655;0.124378;Julius;0.9999979073189952;HIGH;HW_HERO_0024;Julius;Julius;EXACT_ALIAS;1.0;julius;julius;CONFIRMED;HW_HERO_0024;Julius;0
24509;R;5;24509_Screenshot_20260208-065653__R5.png;24509_Screenshot_20260208-065653__R5.png;HW_HERO_0001;Aidan;ACCEPTED;0.96934;0.081162;Aidan;0.9999786218550138;HIGH;HW_HERO_0001;Aidan;Aidan;EXACT_ALIAS;1.0;aidan;aidan;CONFIRMED;HW_HERO_0001;Aidan;0
24753;L;1;24753_BE6E1C28-524F-4858-AB24-3C262B61585F__L1.png;24753_BE6E1C28-524F-4858-AB24-3C262B61585F__L1.png;HW_HERO_0007;Champi et Gnon;ACCEPTED;0.980496;0.085731;Mushy and Shroom;0.9676802325776201;HIGH;HW_HERO_0007;Champi et Gnon;Mushy and Shroom;EXACT_ALIAS;1.0;mushy and shroom;mushy and shroom;CONFIRMED;HW_HERO_0007;Champi et Gnon;0
24753;L;2;24753_BE6E1C28-524F-4858-AB24-3C262B61585F__L2.png;24753_BE6E1C28-524F-4858-AB24-3C262B61585F__L2.png;HW_HERO_0051;Xe'Sha;ACCEPTED;0.963906;0.074494;Xe'Sha;0.9995495642177245;HIGH;HW_HERO_0051;Xe'Sha;Xe'Sha;EXACT_ALIAS;1.0;xe sha;xe sha;CONFIRMED;HW_HERO_0051;Xe'Sha;0
24753;L;3;24753_BE6E1C28-524F-4858-AB24-3C262B61585F__L3.png;24753_BE6E1C28-524F-4858-AB24-3C262B61585F__L3.png;HW_HERO_0004;Byrna;ACCEPTED;0.959772;0.105964;Byrna;0.8997443481025197;HIGH;HW_HERO_0004;Byrna;Byrna;EXACT_ALIAS;1.0;byrna;byrna;CONFIRMED;HW_HERO_0004;Byrna;0
24753;L;4;24753_BE6E1C28-524F-4858-AB24-3C262B61585F__L4.png;24753_BE6E1C28-524F-4858-AB24-3C262B61585F__L4.png;HW_HERO_0049;Tempus;ACCEPTED;0.955897;0.121541;Tempus;0.9999743037557844;HIGH;HW_HERO_0049;Tempus;Tempus;EXACT_ALIAS;1.0;tempus;tempus;CONFIRMED;HW_HERO_0049;Tempus;0
24753;L;5;24753_BE6E1C28-524F-4858-AB24-3C262B61585F__L5.png;24753_BE6E1C28-524F-4858-AB24-3C262B61585F__L5.png;HW_HERO_0048;Somna;ACCEPTED;0.918043;0.083523;Somna;0.999884312137565;HIGH;HW_HERO_0048;Somna;Somna;EXACT_ALIAS;1.0;somna;somna;CONFIRMED;HW_HERO_0048;Somna;0
24753;R;1;24753_BE6E1C28-524F-4858-AB24-3C262B61585F__R1.png;24753_BE6E1C28-524F-4858-AB24-3C262B61585F__R1.png;HW_HERO_0040;Peech;ACCEPTED;0.955188;0.078788;Peech;0.9997840106616745;HIGH;HW_HERO_0040;Peech;Peech;EXACT_ALIAS;1.0;peech;peech;CONFIRMED;HW_HERO_0040;Peech;0
24753;R;2;24753_BE6E1C28-524F-4858-AB24-3C262B61585F__R2.png;24753_BE6E1C28-524F-4858-AB24-3C262B61585F__R2.png;HW_HERO_0048;Somna;ACCEPTED;0.918261;0.093412;Somna;0.9835356855030513;HIGH;HW_HERO_0048;Somna;Somna;EXACT_ALIAS;1.0;somna;somna;CONFIRMED;HW_HERO_0048;Somna;0
24753;R;3;24753_BE6E1C28-524F-4858-AB24-3C262B61585F__R3.png;24753_BE6E1C28-524F-4858-AB24-3C262B61585F__R3.png;HW_HERO_0026;Kayla;ACCEPTED;0.945537;0.056071;Kayla;0.8942735163920877;HIGH;HW_HERO_0026;Kayla;Kayla;EXACT_ALIAS;1.0;kayla;kayla;CONFIRMED;HW_HERO_0026;Kayla;0
24753;R;4;24753_BE6E1C28-524F-4858-AB24-3C262B61585F__R4.png;24753_BE6E1C28-524F-4858-AB24-3C262B61585F__R4.png;HW_HERO_0001;Aidan;ACCEPTED;0.968793;0.079852;Aidan;0.9999708915898061;HIGH;HW_HERO_0001;Aidan;Aidan;EXACT_ALIAS;1.0;aidan;aidan;CONFIRMED;HW_HERO_0001;Aidan;0
24753;R;5;24753_BE6E1C28-524F-4858-AB24-3C262B61585F__R5.png;24753_BE6E1C28-524F-4858-AB24-3C262B61585F__R5.png;HW_HERO_0017;Guus;ACCEPTED;0.954536;0.128952;Guus;0.9999237060546875;HIGH;HW_HERO_0017;Guus;Guus;EXACT_ALIAS;1.0;guus;guus;CONFIRMED;HW_HERO_0017;Guus;0
24810;L;1;24810_IMG_3721__L1.png;24810_IMG_3721__L1.png;HW_HERO_0026;Kayla;ACCEPTED;0.949936;0.066633;Kavla;0.9998472063871524;HIGH;HW_HERO_0026;Kayla;Kayla;VISUAL_ALIAS_ONE_EDIT_OCR;0.8;kavla;kayla;CONFIRMED;HW_HERO_0026;Kayla;0
24810;L;2;24810_IMG_3721__L2.png;24810_IMG_3721__L2.png;HW_HERO_0040;Peech;ACCEPTED;0.97451;0.094995;Peech;0.999989924023174;HIGH;HW_HERO_0040;Peech;Peech;EXACT_ALIAS;1.0;peech;peech;CONFIRMED;HW_HERO_0040;Peech;0
24810;L;3;24810_IMG_3721__L3.png;24810_IMG_3721__L3.png;HW_HERO_0044;Rufus;ACCEPTED;0.966935;0.074347;Rufus;0.9999824070167843;HIGH;HW_HERO_0044;Rufus;Rufus;EXACT_ALIAS;1.0;rufus;rufus;CONFIRMED;HW_HERO_0044;Rufus;0
24810;L;4;24810_IMG_3721__L4.png;24810_IMG_3721__L4.png;HW_HERO_0001;Aidan;ACCEPTED;0.964044;0.069953;Aidan;0.9999697187213652;HIGH;HW_HERO_0001;Aidan;Aidan;EXACT_ALIAS;1.0;aidan;aidan;CONFIRMED;HW_HERO_0001;Aidan;0
24810;L;5;24810_IMG_3721__L5.png;24810_IMG_3721__L5.png;HW_HERO_0013;Fafnir;ACCEPTED;0.945511;0.113375;Fafnir;0.9999897799206426;HIGH;HW_HERO_0013;Fafnir;Fafnir;EXACT_ALIAS;1.0;fafnir;fafnir;CONFIRMED;HW_HERO_0013;Fafnir;0
24810;R;1;24810_IMG_3721__R1.png;24810_IMG_3721__R1.png;HW_HERO_0052;Yasmine;ACCEPTED;0.9678;0.082235;Yasmine;0.8841595762699423;HIGH;HW_HERO_0052;Yasmine;Yasmine;EXACT_ALIAS;1.0;yasmine;yasmine;CONFIRMED;HW_HERO_0052;Yasmine;0
24810;R;2;24810_IMG_3721__R2.png;24810_IMG_3721__R2.png;HW_HERO_0024;Julius;ACCEPTED;0.965341;0.128825;Julius;0.9999974206488531;HIGH;HW_HERO_0024;Julius;Julius;EXACT_ALIAS;1.0;julius;julius;CONFIRMED;HW_HERO_0024;Julius;0
24810;R;3;24810_IMG_3721__R3.png;24810_IMG_3721__R3.png;HW_HERO_0042;Polaris;ACCEPTED;0.962947;0.100881;Polaris;0.99999211503661;HIGH;HW_HERO_0042;Polaris;Polaris;EXACT_ALIAS;1.0;polaris;polaris;CONFIRMED;HW_HERO_0042;Polaris;0
24810;R;4;24810_IMG_3721__R4.png;24810_IMG_3721__R4.png;HW_HERO_0037;Octavia;ACCEPTED;0.951166;0.083008;Octavia;0.8530254229513904;HIGH;HW_HERO_0037;Octavia;Octavia;EXACT_ALIAS;1.0;octavia;octavia;CONFIRMED;HW_HERO_0037;Octavia;0
24810;R;5;24810_IMG_3721__R5.png;24810_IMG_3721__R5.png;HW_HERO_0055;Morrigan;ACCEPTED;0.978309;0.082179;Morriaan;0.999361938825843;HIGH;HW_HERO_0055;Morrigan;Morrigan;VISUAL_ALIAS_ONE_EDIT_OCR;0.875;morriaan;morrigan;CONFIRMED;HW_HERO_0055;Morrigan;0
24818;L;1;24818_Screenshot_20260217_043836_Hero_Wars__L1.png;24818_Screenshot_20260217_043836_Hero_Wars__L1.png;HW_HERO_0018;Iris;ACCEPTED;0.977033;0.081755;Iris;0.9998464584350586;HIGH;HW_HERO_0018;Iris;Iris;EXACT_ALIAS;1.0;iris;iris;CONFIRMED;HW_HERO_0018;Iris;0
24818;L;2;24818_Screenshot_20260217_043836_Hero_Wars__L2.png;24818_Screenshot_20260217_043836_Hero_Wars__L2.png;HW_HERO_0052;Yasmine;ACCEPTED;0.97417;0.081751;Yasmine;0.4710251281421488;LOW;HW_HERO_0052;Yasmine;Yasmine;EXACT_ALIAS;1.0;yasmine;yasmine;CONFIRMED;HW_HERO_0052;Yasmine;0
24818;L;3;24818_Screenshot_20260217_043836_Hero_Wars__L3.png;24818_Screenshot_20260217_043836_Hero_Wars__L3.png;HW_HERO_0039;Oya;ACCEPTED;0.955595;0.092885;Ova;0.48013657331466675;LOW;;;;NO_MATCH;0.0;ova;;VISUAL_ONLY;HW_HERO_0039;Oya;0
24818;L;4;24818_Screenshot_20260217_043836_Hero_Wars__L4.png;24818_Screenshot_20260217_043836_Hero_Wars__L4.png;HW_HERO_0048;Somna;ACCEPTED;0.965975;0.094548;Somna;0.9931845072472407;HIGH;HW_HERO_0048;Somna;Somna;EXACT_ALIAS;1.0;somna;somna;CONFIRMED;HW_HERO_0048;Somna;0
24818;L;5;24818_Screenshot_20260217_043836_Hero_Wars__L5.png;24818_Screenshot_20260217_043836_Hero_Wars__L5.png;HW_HERO_0003;Astaroth;ACCEPTED;0.907204;0.102175;Astaroth;0.9999631633733685;HIGH;HW_HERO_0003;Astaroth;Astaroth;EXACT_ALIAS;1.0;astaroth;astaroth;CONFIRMED;HW_HERO_0003;Astaroth;0
24818;R;1;24818_Screenshot_20260217_043836_Hero_Wars__R1.png;24818_Screenshot_20260217_043836_Hero_Wars__R1.png;HW_HERO_0016;Ginger;ACCEPTED;0.930121;0.027712;Ginger;0.9692717717386011;HIGH;HW_HERO_0016;Ginger;Ginger;EXACT_ALIAS;1.0;ginger;ginger;CONFIRMED;HW_HERO_0016;Ginger;0
24818;R;2;24818_Screenshot_20260217_043836_Hero_Wars__R2.png;24818_Screenshot_20260217_043836_Hero_Wars__R2.png;HW_HERO_0023;Juge;ACCEPTED;0.979154;0.14088;Judae;0.9600641471586051;HIGH;HW_HERO_0023;Juge;Judge;VISUAL_ALIAS_ONE_EDIT_OCR;0.8;judae;judge;CONFIRMED;HW_HERO_0023;Juge;0
24818;R;3;24818_Screenshot_20260217_043836_Hero_Wars__R3.png;24818_Screenshot_20260217_043836_Hero_Wars__R3.png;HW_HERO_0068;Astrid and Lucas;ACCEPTED;0.976297;0.088806;Astrid and Lucas;0.8103206645384479;MEDIUM;HW_HERO_0068;Astrid and Lucas;Astrid and Lucas;EXACT_ALIAS;1.0;astrid and lucas;astrid and lucas;CONFIRMED;HW_HERO_0068;Astrid and Lucas;0
24818;R;4;24818_Screenshot_20260217_043836_Hero_Wars__R4.png;24818_Screenshot_20260217_043836_Hero_Wars__R4.png;HW_HERO_0024;Julius;ACCEPTED;0.973085;0.139008;Julius;0.9999924079432909;HIGH;HW_HERO_0024;Julius;Julius;EXACT_ALIAS;1.0;julius;julius;CONFIRMED;HW_HERO_0024;Julius;0
24818;R;5;24818_Screenshot_20260217_043836_Hero_Wars__R5.png;24818_Screenshot_20260217_043836_Hero_Wars__R5.png;HW_HERO_0056;Isaac;ACCEPTED;0.976809;0.145745;Isaac;0.9996697256288261;HIGH;HW_HERO_0056;Isaac;Isaac;EXACT_ALIAS;1.0;isaac;isaac;CONFIRMED;HW_HERO_0056;Isaac;0
24826;L;1;24826_Screenshot_20260218_130603_Hero_Wars__L1.png;24826_Screenshot_20260218_130603_Hero_Wars__L1.png;HW_HERO_0068;Astrid and Lucas;ACCEPTED;0.972824;0.094379;Astrid et Lucas;0.8692883615204484;HIGH;HW_HERO_0068;Astrid and Lucas;Astrid et Lucas;EXACT_ALIAS;1.0;astrid et lucas;astrid et lucas;CONFIRMED;HW_HERO_0068;Astrid and Lucas;0
24826;L;2;24826_Screenshot_20260218_130603_Hero_Wars__L2.png;24826_Screenshot_20260218_130603_Hero_Wars__L2.png;HW_HERO_0056;Isaac;ACCEPTED;0.991135;0.155882;Isaac;0.999852484370187;HIGH;HW_HERO_0056;Isaac;Isaac;EXACT_ALIAS;1.0;isaac;isaac;CONFIRMED;HW_HERO_0056;Isaac;0
24826;L;3;24826_Screenshot_20260218_130603_Hero_Wars__L3.png;24826_Screenshot_20260218_130603_Hero_Wars__L3.png;HW_HERO_0024;Julius;ACCEPTED;0.985765;0.14317;Julius;0.9999980046530172;HIGH;HW_HERO_0024;Julius;Julius;EXACT_ALIAS;1.0;julius;julius;CONFIRMED;HW_HERO_0024;Julius;0
24826;L;4;24826_Screenshot_20260218_130603_Hero_Wars__L4.png;24826_Screenshot_20260218_130603_Hero_Wars__L4.png;HW_HERO_0023;Juge;ACCEPTED;0.981736;0.150531;Juge;0.46209007501602173;LOW;HW_HERO_0023;Juge;Juge;EXACT_ALIAS;1.0;juge;juge;CONFIRMED;HW_HERO_0023;Juge;0
24826;L;5;24826_Screenshot_20260218_130603_Hero_Wars__L5.png;24826_Screenshot_20260218_130603_Hero_Wars__L5.png;HW_HERO_0036;Nébula;ACCEPTED;0.953476;0.080547;Nébula;0.9998867504761032;HIGH;HW_HERO_0036;Nébula;Nébula;EXACT_ALIAS;1.0;nebula;nebula;CONFIRMED;HW_HERO_0036;Nébula;0
24826;R;1;24826_Screenshot_20260218_130603_Hero_Wars__R1.png;24826_Screenshot_20260218_130603_Hero_Wars__R1.png;HW_HERO_0046;Sébastien;ACCEPTED;0.942912;0.086123;Sébastien;0.9990875213801339;HIGH;HW_HERO_0046;Sébastien;Sébastien;EXACT_ALIAS;1.0;sebastien;sebastien;CONFIRMED;HW_HERO_0046;Sébastien;0
24826;R;2;24826_Screenshot_20260218_130603_Hero_Wars__R2.png;24826_Screenshot_20260218_130603_Hero_Wars__R2.png;HW_HERO_0015;Galaad;ACCEPTED;0.978154;0.092543;Galaad;0.999985545880889;HIGH;HW_HERO_0015;Galaad;Galaad;EXACT_ALIAS;1.0;galaad;galaad;CONFIRMED;HW_HERO_0015;Galaad;0
24826;R;3;24826_Screenshot_20260218_130603_Hero_Wars__R3.png;24826_Screenshot_20260218_130603_Hero_Wars__R3.png;HW_HERO_0044;Rufus;ACCEPTED;0.951667;0.0745;Rufus;0.9999890177177925;HIGH;HW_HERO_0044;Rufus;Rufus;EXACT_ALIAS;1.0;rufus;rufus;CONFIRMED;HW_HERO_0044;Rufus;0
24826;R;4;24826_Screenshot_20260218_130603_Hero_Wars__R4.png;24826_Screenshot_20260218_130603_Hero_Wars__R4.png;HW_HERO_0036;Nébula;ACCEPTED;0.953597;0.073739;Nébula;0.782857699282399;MEDIUM;HW_HERO_0036;Nébula;Nébula;EXACT_ALIAS;1.0;nebula;nebula;CONFIRMED;HW_HERO_0036;Nébula;0
24826;R;5;24826_Screenshot_20260218_130603_Hero_Wars__R5.png;24826_Screenshot_20260218_130603_Hero_Wars__R5.png;HW_HERO_0022;Jorgen;REVIEW;0.899065;0.0356;Joraen;0.9950718087668978;HIGH;HW_HERO_0022;Jorgen;Jorgen;VISUAL_REVIEW_ALIAS_ONE_EDIT_OCR;0.8333333333333334;joraen;jorgen;RESCUED_BY_OCR;HW_HERO_0022;Jorgen;0
25178;L;1;25178_Screenshot_20260218_010317_Hero_Wars__L1.png;25178_Screenshot_20260218_010317_Hero_Wars__L1.png;HW_HERO_0014;Folio;ACCEPTED;0.972114;0.132483;Folio;0.9999539916061304;HIGH;HW_HERO_0014;Folio;Folio;EXACT_ALIAS;1.0;folio;folio;CONFIRMED;HW_HERO_0014;Folio;0
25178;L;2;25178_Screenshot_20260218_010317_Hero_Wars__L2.png;25178_Screenshot_20260218_010317_Hero_Wars__L2.png;HW_HERO_0037;Octavia;ACCEPTED;0.974783;0.090863;Octavia;0.9995917127298964;HIGH;HW_HERO_0037;Octavia;Octavia;EXACT_ALIAS;1.0;octavia;octavia;CONFIRMED;HW_HERO_0037;Octavia;0
25178;L;3;25178_Screenshot_20260218_010317_Hero_Wars__L3.png;25178_Screenshot_20260218_010317_Hero_Wars__L3.png;HW_HERO_0042;Polaris;ACCEPTED;0.975991;0.090853;Polaris;0.9999876994483431;HIGH;HW_HERO_0042;Polaris;Polaris;EXACT_ALIAS;1.0;polaris;polaris;CONFIRMED;HW_HERO_0042;Polaris;0
25178;L;4;25178_Screenshot_20260218_010317_Hero_Wars__L4.png;25178_Screenshot_20260218_010317_Hero_Wars__L4.png;HW_HERO_0024;Julius;ACCEPTED;0.976091;0.145849;Julius;0.9999985886571049;HIGH;HW_HERO_0024;Julius;Julius;EXACT_ALIAS;1.0;julius;julius;CONFIRMED;HW_HERO_0024;Julius;0
25178;L;5;25178_Screenshot_20260218_010317_Hero_Wars__L5.png;25178_Screenshot_20260218_010317_Hero_Wars__L5.png;HW_HERO_0001;Aidan;ACCEPTED;0.983777;0.098047;Aidan;0.9999711048385962;HIGH;HW_HERO_0001;Aidan;Aidan;EXACT_ALIAS;1.0;aidan;aidan;CONFIRMED;HW_HERO_0001;Aidan;0
25178;R;1;25178_Screenshot_20260218_010317_Hero_Wars__R1.png;25178_Screenshot_20260218_010317_Hero_Wars__R1.png;HW_HERO_0018;Iris;ACCEPTED;0.980725;0.082827;Iris;0.9996408224105835;HIGH;HW_HERO_0018;Iris;Iris;EXACT_ALIAS;1.0;iris;iris;CONFIRMED;HW_HERO_0018;Iris;0
25178;R;2;25178_Screenshot_20260218_010317_Hero_Wars__R2.png;25178_Screenshot_20260218_010317_Hero_Wars__R2.png;HW_HERO_0010;Dante;ACCEPTED;0.96822;0.086919;Dante;0.9999850193105411;HIGH;HW_HERO_0010;Dante;Dante;EXACT_ALIAS;1.0;dante;dante;CONFIRMED;HW_HERO_0010;Dante;0
25178;R;3;25178_Screenshot_20260218_010317_Hero_Wars__R3.png;25178_Screenshot_20260218_010317_Hero_Wars__R3.png;HW_HERO_0037;Octavia;ACCEPTED;0.979376;0.097064;Octavia;0.9986906406615125;HIGH;HW_HERO_0037;Octavia;Octavia;EXACT_ALIAS;1.0;octavia;octavia;CONFIRMED;HW_HERO_0037;Octavia;0
25178;R;4;25178_Screenshot_20260218_010317_Hero_Wars__R4.png;25178_Screenshot_20260218_010317_Hero_Wars__R4.png;HW_HERO_0042;Polaris;ACCEPTED;0.971603;0.096644;Polaris;0.9999866180788283;HIGH;HW_HERO_0042;Polaris;Polaris;EXACT_ALIAS;1.0;polaris;polaris;CONFIRMED;HW_HERO_0042;Polaris;0
25178;R;5;25178_Screenshot_20260218_010317_Hero_Wars__R5.png;25178_Screenshot_20260218_010317_Hero_Wars__R5.png;HW_HERO_0036;Nébula;ACCEPTED;0.967201;0.08444;Nébula;0.9998461609892638;HIGH;HW_HERO_0036;Nébula;Nébula;EXACT_ALIAS;1.0;nebula;nebula;CONFIRMED;HW_HERO_0036;Nébula;0
25415;L;1;25415_Screenshot_20260131_234632_Hero_Wars__L1.png;25415_Screenshot_20260131_234632_Hero_Wars__L1.png;HW_HERO_0007;Champi et Gnon;ACCEPTED;0.977324;0.087187;Champi et Gnon;0.9952485631411582;HIGH;HW_HERO_0007;Champi et Gnon;Champi et Gnon;EXACT_ALIAS;1.0;champi et gnon;champi et gnon;CONFIRMED;HW_HERO_0007;Champi et Gnon;0
25415;L;2;25415_Screenshot_20260131_234632_Hero_Wars__L2.png;25415_Screenshot_20260131_234632_Hero_Wars__L2.png;HW_HERO_0051;Xe'Sha;ACCEPTED;0.972507;0.085135;Xe'Sha;0.9997374825184129;HIGH;HW_HERO_0051;Xe'Sha;Xe'Sha;EXACT_ALIAS;1.0;xe sha;xe sha;CONFIRMED;HW_HERO_0051;Xe'Sha;0
25415;L;3;25415_Screenshot_20260131_234632_Hero_Wars__L3.png;25415_Screenshot_20260131_234632_Hero_Wars__L3.png;HW_HERO_0004;Byrna;ACCEPTED;0.978195;0.11643;Bvrna;0.9995961518599772;HIGH;HW_HERO_0004;Byrna;Byrna;VISUAL_ALIAS_ONE_EDIT_OCR;0.8;bvrna;byrna;CONFIRMED;HW_HERO_0004;Byrna;0
25415;L;4;25415_Screenshot_20260131_234632_Hero_Wars__L4.png;25415_Screenshot_20260131_234632_Hero_Wars__L4.png;HW_HERO_0048;Somna;ACCEPTED;0.959084;0.107314;Somna;0.9191899181706649;HIGH;HW_HERO_0048;Somna;Somna;EXACT_ALIAS;1.0;somna;somna;CONFIRMED;HW_HERO_0048;Somna;0
25415;L;5;25415_Screenshot_20260131_234632_Hero_Wars__L5.png;25415_Screenshot_20260131_234632_Hero_Wars__L5.png;HW_HERO_0049;Tempus;ACCEPTED;0.972188;0.11596;Tempus;0.6667731811865293;MEDIUM;HW_HERO_0049;Tempus;Tempus;EXACT_ALIAS;1.0;tempus;tempus;CONFIRMED;HW_HERO_0049;Tempus;0
25415;R;1;25415_Screenshot_20260131_234632_Hero_Wars__R1.png;25415_Screenshot_20260131_234632_Hero_Wars__R1.png;HW_HERO_0026;Kayla;ACCEPTED;0.970578;0.095415;Kayla;0.9957815949206592;HIGH;HW_HERO_0026;Kayla;Kayla;EXACT_ALIAS;1.0;kayla;kayla;CONFIRMED;HW_HERO_0026;Kayla;0
25415;R;2;25415_Screenshot_20260131_234632_Hero_Wars__R2.png;25415_Screenshot_20260131_234632_Hero_Wars__R2.png;HW_HERO_0040;Peech;ACCEPTED;0.947869;0.067594;Peech;0.9999904038318659;HIGH;HW_HERO_0040;Peech;Peech;EXACT_ALIAS;1.0;peech;peech;CONFIRMED;HW_HERO_0040;Peech;0
25415;R;3;25415_Screenshot_20260131_234632_Hero_Wars__R3.png;25415_Screenshot_20260131_234632_Hero_Wars__R3.png;HW_HERO_0024;Julius;ACCEPTED;0.97071;0.122972;Julius;0.9999985399901005;HIGH;HW_HERO_0024;Julius;Julius;EXACT_ALIAS;1.0;julius;julius;CONFIRMED;HW_HERO_0024;Julius;0
25415;R;4;25415_Screenshot_20260131_234632_Hero_Wars__R4.png;25415_Screenshot_20260131_234632_Hero_Wars__R4.png;HW_HERO_0001;Aidan;ACCEPTED;0.977373;0.092037;Aidan;0.9999731307018334;HIGH;HW_HERO_0001;Aidan;Aidan;EXACT_ALIAS;1.0;aidan;aidan;CONFIRMED;HW_HERO_0001;Aidan;0
25415;R;5;25415_Screenshot_20260131_234632_Hero_Wars__R5.png;25415_Screenshot_20260131_234632_Hero_Wars__R5.png;HW_HERO_0017;Guus;ACCEPTED;0.966938;0.120991;Guus;0.9997019171714783;HIGH;HW_HERO_0017;Guus;Guus;EXACT_ALIAS;1.0;guus;guus;CONFIRMED;HW_HERO_0017;Guus;0
25500;L;1;25500_Screenshot_20260225_082701_Hero_Wars__L1.png;25500_Screenshot_20260225_082701_Hero_Wars__L1.png;HW_HERO_0018;Iris;ACCEPTED;0.976015;0.076362;Iris;0.9997506737709045;HIGH;HW_HERO_0018;Iris;Iris;EXACT_ALIAS;1.0;iris;iris;CONFIRMED;HW_HERO_0018;Iris;0
25500;L;2;25500_Screenshot_20260225_082701_Hero_Wars__L2.png;25500_Screenshot_20260225_082701_Hero_Wars__L2.png;HW_HERO_0010;Dante;ACCEPTED;0.953164;0.065993;Dante;0.9999351723417325;HIGH;HW_HERO_0010;Dante;Dante;EXACT_ALIAS;1.0;dante;dante;CONFIRMED;HW_HERO_0010;Dante;0
25500;L;3;25500_Screenshot_20260225_082701_Hero_Wars__L3.png;25500_Screenshot_20260225_082701_Hero_Wars__L3.png;HW_HERO_0037;Octavia;ACCEPTED;0.975468;0.0901;Octavia;0.9997751129653725;HIGH;HW_HERO_0037;Octavia;Octavia;EXACT_ALIAS;1.0;octavia;octavia;CONFIRMED;HW_HERO_0037;Octavia;0
25500;L;4;25500_Screenshot_20260225_082701_Hero_Wars__L4.png;25500_Screenshot_20260225_082701_Hero_Wars__L4.png;HW_HERO_0068;Astrid and Lucas;ACCEPTED;0.981752;0.103521;Astrid et Lucas;0.9725742515412447;HIGH;HW_HERO_0068;Astrid and Lucas;Astrid et Lucas;EXACT_ALIAS;1.0;astrid et lucas;astrid et lucas;CONFIRMED;HW_HERO_0068;Astrid and Lucas;0
25500;L;5;25500_Screenshot_20260225_082701_Hero_Wars__L5.png;25500_Screenshot_20260225_082701_Hero_Wars__L5.png;HW_HERO_0036;Nébula;ACCEPTED;0.956561;0.083426;Nébula;0.9999330337196538;HIGH;HW_HERO_0036;Nébula;Nébula;EXACT_ALIAS;1.0;nebula;nebula;CONFIRMED;HW_HERO_0036;Nébula;0
25500;R;1;25500_Screenshot_20260225_082701_Hero_Wars__R1.png;25500_Screenshot_20260225_082701_Hero_Wars__R1.png;HW_HERO_0051;Xe'Sha;ACCEPTED;0.988528;0.109059;Xe'Sha;0.9966351076333226;HIGH;HW_HERO_0051;Xe'Sha;Xe'Sha;EXACT_ALIAS;1.0;xe sha;xe sha;CONFIRMED;HW_HERO_0051;Xe'Sha;0
25500;R;2;25500_Screenshot_20260225_082701_Hero_Wars__R2.png;25500_Screenshot_20260225_082701_Hero_Wars__R2.png;HW_HERO_0004;Byrna;ACCEPTED;0.973926;0.115218;Bvrna;0.9988426770163954;HIGH;HW_HERO_0004;Byrna;Byrna;VISUAL_ALIAS_ONE_EDIT_OCR;0.8;bvrna;byrna;CONFIRMED;HW_HERO_0004;Byrna;0
25500;R;3;25500_Screenshot_20260225_082701_Hero_Wars__R3.png;25500_Screenshot_20260225_082701_Hero_Wars__R3.png;HW_HERO_0026;Kayla;ACCEPTED;0.972041;0.096471;Kavla;0.9998793007382382;HIGH;HW_HERO_0026;Kayla;Kayla;VISUAL_ALIAS_ONE_EDIT_OCR;0.8;kavla;kayla;CONFIRMED;HW_HERO_0026;Kayla;0
25500;R;4;25500_Screenshot_20260225_082701_Hero_Wars__R4.png;25500_Screenshot_20260225_082701_Hero_Wars__R4.png;HW_HERO_0060;Cleaver;ACCEPTED;0.97027;0.121381;Coupe-chou;0.9998665841279912;HIGH;HW_HERO_0060;Cleaver;Coupe-chou;EXACT_ALIAS;1.0;coupe chou;coupe chou;CONFIRMED;HW_HERO_0060;Cleaver;0
25500;R;5;25500_Screenshot_20260225_082701_Hero_Wars__R5.png;25500_Screenshot_20260225_082701_Hero_Wars__R5.png;HW_HERO_0001;Aidan;ACCEPTED;0.973991;0.094623;Aidan;0.9999417830795989;HIGH;HW_HERO_0001;Aidan;Aidan;EXACT_ALIAS;1.0;aidan;aidan;CONFIRMED;HW_HERO_0001;Aidan;0
25509;L;1;25509_Screenshot_20260225_152828_Hero_Wars__L1.png;25509_Screenshot_20260225_152828_Hero_Wars__L1.png;HW_HERO_0018;Iris;ACCEPTED;0.9567;0.060502;Iris;0.9997289776802063;HIGH;HW_HERO_0018;Iris;Iris;EXACT_ALIAS;1.0;iris;iris;CONFIRMED;HW_HERO_0018;Iris;0
25509;L;2;25509_Screenshot_20260225_152828_Hero_Wars__L2.png;25509_Screenshot_20260225_152828_Hero_Wars__L2.png;HW_HERO_0057;Drayne;ACCEPTED;0.975566;0.096579;Drayne;0.9358644098530884;HIGH;HW_HERO_0057;Drayne;Drayne;EXACT_ALIAS;1.0;drayne;drayne;CONFIRMED;HW_HERO_0057;Drayne;0
25509;L;3;25509_Screenshot_20260225_152828_Hero_Wars__L3.png;25509_Screenshot_20260225_152828_Hero_Wars__L3.png;HW_HERO_0010;Dante;ACCEPTED;0.923773;0.041625;Dante;0.9999576168420619;HIGH;HW_HERO_0010;Dante;Dante;EXACT_ALIAS;1.0;dante;dante;CONFIRMED;HW_HERO_0010;Dante;0
25509;L;4;25509_Screenshot_20260225_152828_Hero_Wars__L4.png;25509_Screenshot_20260225_152828_Hero_Wars__L4.png;HW_HERO_0037;Octavia;ACCEPTED;0.965932;0.080107;Octavia;0.9998607711227051;HIGH;HW_HERO_0037;Octavia;Octavia;EXACT_ALIAS;1.0;octavia;octavia;CONFIRMED;HW_HERO_0037;Octavia;0
25509;L;5;25509_Screenshot_20260225_152828_Hero_Wars__L5.png;25509_Screenshot_20260225_152828_Hero_Wars__L5.png;HW_HERO_0048;Somna;ACCEPTED;0.965012;0.12049;Somna;0.9999065435222348;HIGH;HW_HERO_0048;Somna;Somna;EXACT_ALIAS;1.0;somna;somna;CONFIRMED;HW_HERO_0048;Somna;0
25509;R;1;25509_Screenshot_20260225_152828_Hero_Wars__R1.png;25509_Screenshot_20260225_152828_Hero_Wars__R1.png;HW_HERO_0027;Keira;ACCEPTED;0.927755;0.075933;Keira;0.7894821674597354;MEDIUM;HW_HERO_0027;Keira;Keira;EXACT_ALIAS;1.0;keira;keira;CONFIRMED;HW_HERO_0027;Keira;0
25509;R;2;25509_Screenshot_20260225_152828_Hero_Wars__R2.png;25509_Screenshot_20260225_152828_Hero_Wars__R2.png;HW_HERO_0055;Morrigan;ACCEPTED;0.976408;0.094941;Morrigan;0.9111120396296389;HIGH;HW_HERO_0055;Morrigan;Morrigan;EXACT_ALIAS;1.0;morrigan;morrigan;CONFIRMED;HW_HERO_0055;Morrigan;0
25509;R;3;25509_Screenshot_20260225_152828_Hero_Wars__R3.png;25509_Screenshot_20260225_152828_Hero_Wars__R3.png;HW_HERO_0008;Corvus;ACCEPTED;0.931124;0.072083;Corvus;0.9998955107484172;HIGH;HW_HERO_0008;Corvus;Corvus;EXACT_ALIAS;1.0;corvus;corvus;CONFIRMED;HW_HERO_0008;Corvus;0
25509;R;4;25509_Screenshot_20260225_152828_Hero_Wars__R4.png;25509_Screenshot_20260225_152828_Hero_Wars__R4.png;HW_HERO_0013;Fafnir;ACCEPTED;0.930782;0.091236;Fafnir;0.9999454439712393;HIGH;HW_HERO_0013;Fafnir;Fafnir;EXACT_ALIAS;1.0;fafnir;fafnir;CONFIRMED;HW_HERO_0013;Fafnir;0
25509;R;5;25509_Screenshot_20260225_152828_Hero_Wars__R5.png;25509_Screenshot_20260225_152828_Hero_Wars__R5.png;HW_HERO_0045;Satori;ACCEPTED;0.96045;0.066342;Satori;0.9999604822297141;HIGH;HW_HERO_0045;Satori;Satori;EXACT_ALIAS;1.0;satori;satori;CONFIRMED;HW_HERO_0045;Satori;0
26072;L;1;26072_Screenshot_20260204_092021_Hero_Wars__L1.png;26072_Screenshot_20260204_092021_Hero_Wars__L1.png;HW_HERO_0018;Iris;ACCEPTED;0.975851;0.070399;Iris;0.9988903403282166;HIGH;HW_HERO_0018;Iris;Iris;EXACT_ALIAS;1.0;iris;iris;CONFIRMED;HW_HERO_0018;Iris;0
26072;L;2;26072_Screenshot_20260204_092021_Hero_Wars__L2.png;26072_Screenshot_20260204_092021_Hero_Wars__L2.png;HW_HERO_0005;Cascade;ACCEPTED;0.916391;0.030164;Cascade;0.9990986477945525;HIGH;HW_HERO_0005;Cascade;Cascade;EXACT_ALIAS;1.0;cascade;cascade;CONFIRMED;HW_HERO_0005;Cascade;0
26072;L;3;26072_Screenshot_20260204_092021_Hero_Wars__L3.png;26072_Screenshot_20260204_092021_Hero_Wars__L3.png;HW_HERO_0010;Dante;ACCEPTED;0.951353;0.058868;Dante;0.9999680127306159;HIGH;HW_HERO_0010;Dante;Dante;EXACT_ALIAS;1.0;dante;dante;CONFIRMED;HW_HERO_0010;Dante;0
26072;L;4;26072_Screenshot_20260204_092021_Hero_Wars__L4.png;26072_Screenshot_20260204_092021_Hero_Wars__L4.png;HW_HERO_0037;Octavia;ACCEPTED;0.967274;0.085361;Octavia;0.9998314376386;HIGH;HW_HERO_0037;Octavia;Octavia;EXACT_ALIAS;1.0;octavia;octavia;CONFIRMED;HW_HERO_0037;Octavia;0
26072;L;5;26072_Screenshot_20260204_092021_Hero_Wars__L5.png;26072_Screenshot_20260204_092021_Hero_Wars__L5.png;HW_HERO_0036;Nébula;ACCEPTED;0.965879;0.075527;Nebula;0.9999306976684254;HIGH;HW_HERO_0036;Nébula;Nébula;EXACT_ALIAS;1.0;nebula;nebula;CONFIRMED;HW_HERO_0036;Nébula;0
26072;R;1;26072_Screenshot_20260204_092021_Hero_Wars__R1.png;26072_Screenshot_20260204_092021_Hero_Wars__R1.png;HW_HERO_0050;Tristan;ACCEPTED;0.924376;0.050017;Tristan;0.9999862576222395;HIGH;HW_HERO_0050;Tristan;Tristan;EXACT_ALIAS;1.0;tristan;tristan;CONFIRMED;HW_HERO_0050;Tristan;0
26072;R;2;26072_Screenshot_20260204_092021_Hero_Wars__R2.png;26072_Screenshot_20260204_092021_Hero_Wars__R2.png;HW_HERO_0039;Oya;ACCEPTED;0.962874;0.110693;Oya;0.999774875134373;HIGH;HW_HERO_0039;Oya;Oya;EXACT_ALIAS;1.0;oya;oya;CONFIRMED;HW_HERO_0039;Oya;0
26072;R;3;26072_Screenshot_20260204_092021_Hero_Wars__R3.png;26072_Screenshot_20260204_092021_Hero_Wars__R3.png;HW_HERO_0003;Astaroth;ACCEPTED;0.919824;0.114082;Astaroth;0.9999783785698939;HIGH;HW_HERO_0003;Astaroth;Astaroth;EXACT_ALIAS;1.0;astaroth;astaroth;CONFIRMED;HW_HERO_0003;Astaroth;0
26072;R;4;26072_Screenshot_20260204_092021_Hero_Wars__R4.png;26072_Screenshot_20260204_092021_Hero_Wars__R4.png;HW_HERO_0013;Fafnir;ACCEPTED;0.943467;0.099323;Fafnir;0.9998846071901069;HIGH;HW_HERO_0013;Fafnir;Fafnir;EXACT_ALIAS;1.0;fafnir;fafnir;CONFIRMED;HW_HERO_0013;Fafnir;0
26072;R;5;26072_Screenshot_20260204_092021_Hero_Wars__R5.png;26072_Screenshot_20260204_092021_Hero_Wars__R5.png;HW_HERO_0059;Artemis;ACCEPTED;0.981453;0.079241;Artemis;0.9793839749758274;HIGH;HW_HERO_0059;Artemis;Artemis;EXACT_ALIAS;1.0;artemis;artemis;CONFIRMED;HW_HERO_0059;Artemis;0
26279;L;1;26279_Screenshot_20260228_152319_Hero_Wars__L1.png;26279_Screenshot_20260228_152319_Hero_Wars__L1.png;HW_HERO_0018;Iris;ACCEPTED;0.970836;0.083934;Iris;0.9993378520011902;HIGH;HW_HERO_0018;Iris;Iris;EXACT_ALIAS;1.0;iris;iris;CONFIRMED;HW_HERO_0018;Iris;0
26279;L;2;26279_Screenshot_20260228_152319_Hero_Wars__L2.png;26279_Screenshot_20260228_152319_Hero_Wars__L2.png;HW_HERO_0010;Dante;ACCEPTED;0.942765;0.059269;Dante;0.9999406102071282;HIGH;HW_HERO_0010;Dante;Dante;EXACT_ALIAS;1.0;dante;dante;CONFIRMED;HW_HERO_0010;Dante;0
26279;L;3;26279_Screenshot_20260228_152319_Hero_Wars__L3.png;26279_Screenshot_20260228_152319_Hero_Wars__L3.png;HW_HERO_0037;Octavia;ACCEPTED;0.964692;0.078303;Octavia;0.9999149314492474;HIGH;HW_HERO_0037;Octavia;Octavia;EXACT_ALIAS;1.0;octavia;octavia;CONFIRMED;HW_HERO_0037;Octavia;0
26279;L;4;26279_Screenshot_20260228_152319_Hero_Wars__L4.png;26279_Screenshot_20260228_152319_Hero_Wars__L4.png;HW_HERO_0049;Tempus;ACCEPTED;0.965105;0.088241;Tempus;0.9999319143619266;HIGH;HW_HERO_0049;Tempus;Tempus;EXACT_ALIAS;1.0;tempus;tempus;CONFIRMED;HW_HERO_0049;Tempus;0
26279;L;5;26279_Screenshot_20260228_152319_Hero_Wars__L5.png;26279_Screenshot_20260228_152319_Hero_Wars__L5.png;HW_HERO_0008;Corvus;ACCEPTED;0.918315;0.065399;Corvus;0.638049946599687;MEDIUM;HW_HERO_0008;Corvus;Corvus;EXACT_ALIAS;1.0;corvus;corvus;CONFIRMED;HW_HERO_0008;Corvus;0
26279;R;1;26279_Screenshot_20260228_152319_Hero_Wars__R1.png;26279_Screenshot_20260228_152319_Hero_Wars__R1.png;HW_HERO_0014;Folio;ACCEPTED;0.969216;0.108369;Folio;0.9999756363741146;HIGH;HW_HERO_0014;Folio;Folio;EXACT_ALIAS;1.0;folio;folio;CONFIRMED;HW_HERO_0014;Folio;0
26279;R;2;26279_Screenshot_20260228_152319_Hero_Wars__R2.png;26279_Screenshot_20260228_152319_Hero_Wars__R2.png;HW_HERO_0026;Kayla;ACCEPTED;0.968469;0.102297;Kavla;0.6504275107880675;MEDIUM;;;Kayla;NO_MATCH;0.8;kavla;;VISUAL_ONLY;HW_HERO_0026;Kayla;0
26279;R;3;26279_Screenshot_20260228_152319_Hero_Wars__R3.png;26279_Screenshot_20260228_152319_Hero_Wars__R3.png;HW_HERO_0042;Polaris;ACCEPTED;0.970052;0.102743;Polaris;0.9999843201673558;HIGH;HW_HERO_0042;Polaris;Polaris;EXACT_ALIAS;1.0;polaris;polaris;CONFIRMED;HW_HERO_0042;Polaris;0
26279;R;4;26279_Screenshot_20260228_152319_Hero_Wars__R4.png;26279_Screenshot_20260228_152319_Hero_Wars__R4.png;HW_HERO_0024;Julius;ACCEPTED;0.962463;0.150283;Julius;0.9999945006268822;HIGH;HW_HERO_0024;Julius;Julius;EXACT_ALIAS;1.0;julius;julius;CONFIRMED;HW_HERO_0024;Julius;0
26279;R;5;26279_Screenshot_20260228_152319_Hero_Wars__R5.png;26279_Screenshot_20260228_152319_Hero_Wars__R5.png;HW_HERO_0001;Aidan;ACCEPTED;0.974976;0.100158;Aidan;0.999948660374001;HIGH;HW_HERO_0001;Aidan;Aidan;EXACT_ALIAS;1.0;aidan;aidan;CONFIRMED;HW_HERO_0001;Aidan;0
26569;L;1;26569_Screenshot_20260225-062605__L1.png;26569_Screenshot_20260225-062605__L1.png;HW_HERO_0018;Iris;ACCEPTED;0.960929;0.062096;Iris;0.8893755188542236;HIGH;HW_HERO_0018;Iris;Iris;EXACT_ALIAS;1.0;iris;iris;CONFIRMED;HW_HERO_0018;Iris;0
26569;L;2;26569_Screenshot_20260225-062605__L2.png;26569_Screenshot_20260225-062605__L2.png;HW_HERO_0014;Folio;ACCEPTED;0.959934;0.127082;Folio;0.9999733439505668;HIGH;HW_HERO_0014;Folio;Folio;EXACT_ALIAS;1.0;folio;folio;CONFIRMED;HW_HERO_0014;Folio;0
26569;L;3;26569_Screenshot_20260225-062605__L3.png;26569_Screenshot_20260225-062605__L3.png;HW_HERO_0010;Dante;ACCEPTED;0.968724;0.098478;Dante;0.9817891837818132;HIGH;HW_HERO_0010;Dante;Dante;EXACT_ALIAS;1.0;dante;dante;CONFIRMED;HW_HERO_0010;Dante;0
26569;L;4;26569_Screenshot_20260225-062605__L4.png;26569_Screenshot_20260225-062605__L4.png;HW_HERO_0012;Electra von Grave;ACCEPTED;0.940465;0.075062;Electra von Grave;0.9610983143195903;HIGH;HW_HERO_0012;Electra von Grave;Electra von Grave;EXACT_ALIAS;1.0;electra von grave;electra von grave;CONFIRMED;HW_HERO_0012;Electra von Grave;0
26569;L;5;26569_Screenshot_20260225-062605__L5.png;26569_Screenshot_20260225-062605__L5.png;HW_HERO_0048;Somna;ACCEPTED;0.919303;0.090932;Somna;0.9999086760260912;HIGH;HW_HERO_0048;Somna;Somna;EXACT_ALIAS;1.0;somna;somna;CONFIRMED;HW_HERO_0048;Somna;0
26569;R;1;26569_Screenshot_20260225-062605__R1.png;26569_Screenshot_20260225-062605__R1.png;HW_HERO_0026;Kayla;ACCEPTED;0.981716;0.078461;Kavla;0.9999593761471756;HIGH;HW_HERO_0026;Kayla;Kayla;VISUAL_ALIAS_ONE_EDIT_OCR;0.8;kavla;kayla;CONFIRMED;HW_HERO_0026;Kayla;0
26569;R;2;26569_Screenshot_20260225-062605__R2.png;26569_Screenshot_20260225-062605__R2.png;HW_HERO_0040;Peech;ACCEPTED;0.973632;0.096207;Peech;0.9999955751015998;HIGH;HW_HERO_0040;Peech;Peech;EXACT_ALIAS;1.0;peech;peech;CONFIRMED;HW_HERO_0040;Peech;0
26569;R;3;26569_Screenshot_20260225-062605__R3.png;26569_Screenshot_20260225-062605__R3.png;HW_HERO_0017;Guus;ACCEPTED;0.955587;0.137176;Guus;0.9998922944068909;HIGH;HW_HERO_0017;Guus;Guus;EXACT_ALIAS;1.0;guus;guus;CONFIRMED;HW_HERO_0017;Guus;0
26569;R;4;26569_Screenshot_20260225-062605__R4.png;26569_Screenshot_20260225-062605__R4.png;HW_HERO_0003;Astaroth;ACCEPTED;0.963024;0.192363;Astaroth;0.9999814131682572;HIGH;HW_HERO_0003;Astaroth;Astaroth;EXACT_ALIAS;1.0;astaroth;astaroth;CONFIRMED;HW_HERO_0003;Astaroth;0
26569;R;5;26569_Screenshot_20260225-062605__R5.png;26569_Screenshot_20260225-062605__R5.png;HW_HERO_0001;Aidan;ACCEPTED;0.970842;0.091285;Aidan;0.9999312272215158;HIGH;HW_HERO_0001;Aidan;Aidan;EXACT_ALIAS;1.0;aidan;aidan;CONFIRMED;HW_HERO_0001;Aidan;0
26775;L;1;26775_IMG_3932__L1.png;26775_IMG_3932__L1.png;HW_HERO_0018;Iris;ACCEPTED;0.96184;0.062814;Iris;0.9994069337844849;HIGH;HW_HERO_0018;Iris;Iris;EXACT_ALIAS;1.0;iris;iris;CONFIRMED;HW_HERO_0018;Iris;0
26775;L;2;26775_IMG_3932__L2.png;26775_IMG_3932__L2.png;HW_HERO_0047;Soleil;ACCEPTED;0.962526;0.109636;Soleil;0.999941842568462;HIGH;HW_HERO_0047;Soleil;Soleil;EXACT_ALIAS;1.0;soleil;soleil;CONFIRMED;HW_HERO_0047;Soleil;0
26775;L;3;26775_IMG_3932__L3.png;26775_IMG_3932__L3.png;HW_HERO_0012;Electra von Grave;ACCEPTED;0.963839;0.072321;Electra von Grave;0.7307081130776976;MEDIUM;HW_HERO_0012;Electra von Grave;Electra von Grave;EXACT_ALIAS;1.0;electra von grave;electra von grave;CONFIRMED;HW_HERO_0012;Electra von Grave;0
26775;L;4;26775_IMG_3932__L4.png;26775_IMG_3932__L4.png;HW_HERO_0044;Rufus;ACCEPTED;0.968217;0.065354;Rufus;0.999992749562858;HIGH;HW_HERO_0044;Rufus;Rufus;EXACT_ALIAS;1.0;rufus;rufus;CONFIRMED;HW_HERO_0044;Rufus;0
26775;L;5;26775_IMG_3932__L5.png;26775_IMG_3932__L5.png;HW_HERO_0062;Luther;ACCEPTED;0.978968;0.109457;Luther;0.9999138585961999;HIGH;HW_HERO_0062;Luther;Luther;EXACT_ALIAS;1.0;luther;luther;CONFIRMED;HW_HERO_0062;Luther;0
26775;R;1;26775_IMG_3932__R1.png;26775_IMG_3932__R1.png;HW_HERO_0026;Kayla;ACCEPTED;0.964412;0.077272;Kayla;0.995078112429875;HIGH;HW_HERO_0026;Kayla;Kayla;EXACT_ALIAS;1.0;kayla;kayla;CONFIRMED;HW_HERO_0026;Kayla;0
26775;R;2;26775_IMG_3932__R2.png;26775_IMG_3932__R2.png;HW_HERO_0010;Dante;ACCEPTED;0.959996;0.081899;Dante;0.9999818205833814;HIGH;HW_HERO_0010;Dante;Dante;EXACT_ALIAS;1.0;dante;dante;CONFIRMED;HW_HERO_0010;Dante;0
26775;R;3;26775_IMG_3932__R3.png;26775_IMG_3932__R3.png;HW_HERO_0024;Julius;ACCEPTED;0.966811;0.119117;Julius;0.999998783325117;HIGH;HW_HERO_0024;Julius;Julius;EXACT_ALIAS;1.0;julius;julius;CONFIRMED;HW_HERO_0024;Julius;0
26775;R;4;26775_IMG_3932__R4.png;26775_IMG_3932__R4.png;HW_HERO_0014;Folio;ACCEPTED;0.96946;0.128242;Folio;0.9999701985312017;HIGH;HW_HERO_0014;Folio;Folio;EXACT_ALIAS;1.0;folio;folio;CONFIRMED;HW_HERO_0014;Folio;0
26775;R;5;26775_IMG_3932__R5.png;26775_IMG_3932__R5.png;HW_HERO_0001;Aidan;ACCEPTED;0.961769;0.073917;Aidan;0.9999859789284535;HIGH;HW_HERO_0001;Aidan;Aidan;EXACT_ALIAS;1.0;aidan;aidan;CONFIRMED;HW_HERO_0001;Aidan;0
26806;L;1;26806_IMG_0710__L1.png;26806_IMG_0710__L1.png;HW_HERO_0026;Kayla;ACCEPTED;0.964151;0.086993;Kavla;0.998418298046792;HIGH;HW_HERO_0026;Kayla;Kayla;VISUAL_ALIAS_ONE_EDIT_OCR;0.8;kavla;kayla;CONFIRMED;HW_HERO_0026;Kayla;0
26806;L;2;26806_IMG_0710__L2.png;26806_IMG_0710__L2.png;HW_HERO_0040;Peech;ACCEPTED;0.968859;0.087068;Peech;0.9999876316034924;HIGH;HW_HERO_0040;Peech;Peech;EXACT_ALIAS;1.0;peech;peech;CONFIRMED;HW_HERO_0040;Peech;0
26806;L;3;26806_IMG_0710__L3.png;26806_IMG_0710__L3.png;HW_HERO_0052;Yasmine;ACCEPTED;0.963833;0.078102;Yasmine;0.9487334124898712;HIGH;HW_HERO_0052;Yasmine;Yasmine;EXACT_ALIAS;1.0;yasmine;yasmine;CONFIRMED;HW_HERO_0052;Yasmine;0
26806;L;4;26806_IMG_0710__L4.png;26806_IMG_0710__L4.png;HW_HERO_0039;Oya;ACCEPTED;0.945144;0.07108;Ova;0.9999174098384492;HIGH;HW_HERO_0039;Oya;Oya;VISUAL_ALIAS_ONE_EDIT_OCR;0.6666666666666667;ova;oya;CONFIRMED;HW_HERO_0039;Oya;0
26806;L;5;26806_IMG_0710__L5.png;26806_IMG_0710__L5.png;HW_HERO_0001;Aidan;ACCEPTED;0.961176;0.072908;Aidan;0.9999452483836777;HIGH;HW_HERO_0001;Aidan;Aidan;EXACT_ALIAS;1.0;aidan;aidan;CONFIRMED;HW_HERO_0001;Aidan;0
26806;R;1;26806_IMG_0710__R1.png;26806_IMG_0710__R1.png;HW_HERO_0026;Kayla;ACCEPTED;0.966185;0.068149;Kavla;0.9433468223002214;HIGH;HW_HERO_0026;Kayla;Kayla;VISUAL_ALIAS_ONE_EDIT_OCR;0.8;kavla;kayla;CONFIRMED;HW_HERO_0026;Kayla;0
26806;R;2;26806_IMG_0710__R2.png;26806_IMG_0710__R2.png;HW_HERO_0031;Lilith;ACCEPTED;0.945971;0.061075;Lilith;0.9994014044352456;HIGH;HW_HERO_0031;Lilith;Lilith;EXACT_ALIAS;1.0;lilith;lilith;CONFIRMED;HW_HERO_0031;Lilith;0
26806;R;3;26806_IMG_0710__R3.png;26806_IMG_0710__R3.png;HW_HERO_0007;Champi et Gnon;ACCEPTED;0.988003;0.08361;Mushv and Shroom;0.9903389113424088;HIGH;HW_HERO_0007;Champi et Gnon;Mushy and Shroom;VISUAL_ALIAS_ONE_EDIT_OCR;0.9375;mushv and shroom;mushy and shroom;CONFIRMED;HW_HERO_0007;Champi et Gnon;0
26806;R;4;26806_IMG_0710__R4.png;26806_IMG_0710__R4.png;HW_HERO_0051;Xe'Sha;ACCEPTED;0.966092;0.084673;Xe'Sha;0.8657088208991129;HIGH;HW_HERO_0051;Xe'Sha;Xe'Sha;EXACT_ALIAS;1.0;xe sha;xe sha;CONFIRMED;HW_HERO_0051;Xe'Sha;0
26806;R;5;26806_IMG_0710__R5.png;26806_IMG_0710__R5.png;HW_HERO_0001;Aidan;ACCEPTED;0.963151;0.078484;Aidan;0.9999545780414598;HIGH;HW_HERO_0001;Aidan;Aidan;EXACT_ALIAS;1.0;aidan;aidan;CONFIRMED;HW_HERO_0001;Aidan;0
26865;L;1;26865_Screenshot_20260307_010309_Hero_Wars__L1.png;26865_Screenshot_20260307_010309_Hero_Wars__L1.png;HW_HERO_0018;Iris;ACCEPTED;0.974376;0.070873;Iris;0.9996238946914673;HIGH;HW_HERO_0018;Iris;Iris;EXACT_ALIAS;1.0;iris;iris;CONFIRMED;HW_HERO_0018;Iris;0
26865;L;2;26865_Screenshot_20260307_010309_Hero_Wars__L2.png;26865_Screenshot_20260307_010309_Hero_Wars__L2.png;HW_HERO_0047;Soleil;ACCEPTED;0.95619;0.08873;Soleil;0.9998345778303762;HIGH;HW_HERO_0047;Soleil;Soleil;EXACT_ALIAS;1.0;soleil;soleil;CONFIRMED;HW_HERO_0047;Soleil;0
26865;L;3;26865_Screenshot_20260307_010309_Hero_Wars__L3.png;26865_Screenshot_20260307_010309_Hero_Wars__L3.png;HW_HERO_0062;Luther;ACCEPTED;0.992106;0.12804;Luther;0.9998050844409135;HIGH;HW_HERO_0062;Luther;Luther;EXACT_ALIAS;1.0;luther;luther;CONFIRMED;HW_HERO_0062;Luther;0
26865;L;4;26865_Screenshot_20260307_010309_Hero_Wars__L4.png;26865_Screenshot_20260307_010309_Hero_Wars__L4.png;HW_HERO_0044;Rufus;ACCEPTED;0.953918;0.074892;Rufus;0.9999970678386678;HIGH;HW_HERO_0044;Rufus;Rufus;EXACT_ALIAS;1.0;rufus;rufus;CONFIRMED;HW_HERO_0044;Rufus;0
26865;L;5;26865_Screenshot_20260307_010309_Hero_Wars__L5.png;26865_Screenshot_20260307_010309_Hero_Wars__L5.png;HW_HERO_0012;Electra von Grave;ACCEPTED;0.975157;0.09987;Electra von Grave;0.927611607726469;HIGH;HW_HERO_0012;Electra von Grave;Electra von Grave;EXACT_ALIAS;1.0;electra von grave;electra von grave;CONFIRMED;HW_HERO_0012;Electra von Grave;0
26865;R;1;26865_Screenshot_20260307_010309_Hero_Wars__R1.png;26865_Screenshot_20260307_010309_Hero_Wars__R1.png;HW_HERO_0014;Folio;ACCEPTED;0.974131;0.117112;Folio;0.9999748366915521;HIGH;HW_HERO_0014;Folio;Folio;EXACT_ALIAS;1.0;folio;folio;CONFIRMED;HW_HERO_0014;Folio;0
26865;R;2;26865_Screenshot_20260307_010309_Hero_Wars__R2.png;26865_Screenshot_20260307_010309_Hero_Wars__R2.png;HW_HERO_0051;Xe'Sha;ACCEPTED;0.976326;0.102616;Xe'Sha;0.9995603693701147;HIGH;HW_HERO_0051;Xe'Sha;Xe'Sha;EXACT_ALIAS;1.0;xe sha;xe sha;CONFIRMED;HW_HERO_0051;Xe'Sha;0
26865;R;3;26865_Screenshot_20260307_010309_Hero_Wars__R3.png;26865_Screenshot_20260307_010309_Hero_Wars__R3.png;HW_HERO_0042;Polaris;ACCEPTED;0.97945;0.094988;Polaris;0.742736303286985;MEDIUM;HW_HERO_0042;Polaris;Polaris;EXACT_ALIAS;1.0;polaris;polaris;CONFIRMED;HW_HERO_0042;Polaris;0
26865;R;4;26865_Screenshot_20260307_010309_Hero_Wars__R4.png;26865_Screenshot_20260307_010309_Hero_Wars__R4.png;HW_HERO_0049;Tempus;ACCEPTED;0.982654;0.111747;Tempus;0.9999251982096492;HIGH;HW_HERO_0049;Tempus;Tempus;EXACT_ALIAS;1.0;tempus;tempus;CONFIRMED;HW_HERO_0049;Tempus;0
26865;R;5;26865_Screenshot_20260307_010309_Hero_Wars__R5.png;26865_Screenshot_20260307_010309_Hero_Wars__R5.png;HW_HERO_0001;Aidan;ACCEPTED;0.963901;0.083901;Aidan;0.9999690789748745;HIGH;HW_HERO_0001;Aidan;Aidan;EXACT_ALIAS;1.0;aidan;aidan;CONFIRMED;HW_HERO_0001;Aidan;0
27174;L;1;27174_Screenshot_20260301_211037_Hero_Wars__L1.png;27174_Screenshot_20260301_211037_Hero_Wars__L1.png;HW_HERO_0018;Iris;ACCEPTED;0.978537;0.067231;Iris;0.9995084404945374;HIGH;HW_HERO_0018;Iris;Iris;EXACT_ALIAS;1.0;iris;iris;CONFIRMED;HW_HERO_0018;Iris;0
27174;L;2;27174_Screenshot_20260301_211037_Hero_Wars__L2.png;27174_Screenshot_20260301_211037_Hero_Wars__L2.png;HW_HERO_0010;Dante;ACCEPTED;0.957803;0.066345;Dante;0.9999691855992928;HIGH;HW_HERO_0010;Dante;Dante;EXACT_ALIAS;1.0;dante;dante;CONFIRMED;HW_HERO_0010;Dante;0
27174;L;3;27174_Screenshot_20260301_211037_Hero_Wars__L3.png;27174_Screenshot_20260301_211037_Hero_Wars__L3.png;HW_HERO_0005;Cascade;ACCEPTED;0.911177;0.032173;Cascade;0.9999340810884622;HIGH;HW_HERO_0005;Cascade;Cascade;EXACT_ALIAS;1.0;cascade;cascade;CONFIRMED;HW_HERO_0005;Cascade;0
27174;L;4;27174_Screenshot_20260301_211037_Hero_Wars__L4.png;27174_Screenshot_20260301_211037_Hero_Wars__L4.png;HW_HERO_0037;Octavia;ACCEPTED;0.979283;0.088594;Octavia;0.9785124723075874;HIGH;HW_HERO_0037;Octavia;Octavia;EXACT_ALIAS;1.0;octavia;octavia;CONFIRMED;HW_HERO_0037;Octavia;0
27174;L;5;27174_Screenshot_20260301_211037_Hero_Wars__L5.png;27174_Screenshot_20260301_211037_Hero_Wars__L5.png;HW_HERO_0036;Nébula;ACCEPTED;0.961505;0.072009;Nebula;0.8176275792127599;MEDIUM;HW_HERO_0036;Nébula;Nébula;EXACT_ALIAS;1.0;nebula;nebula;CONFIRMED;HW_HERO_0036;Nébula;0
27174;R;1;27174_Screenshot_20260301_211037_Hero_Wars__R1.png;27174_Screenshot_20260301_211037_Hero_Wars__R1.png;HW_HERO_0018;Iris;ACCEPTED;0.982193;0.073189;Iris;0.9995485544204712;HIGH;HW_HERO_0018;Iris;Iris;EXACT_ALIAS;1.0;iris;iris;CONFIRMED;HW_HERO_0018;Iris;0
27174;R;2;27174_Screenshot_20260301_211037_Hero_Wars__R2.png;27174_Screenshot_20260301_211037_Hero_Wars__R2.png;HW_HERO_0049;Tempus;ACCEPTED;0.975923;0.110301;Tempus;0.9999538614149984;HIGH;HW_HERO_0049;Tempus;Tempus;EXACT_ALIAS;1.0;tempus;tempus;CONFIRMED;HW_HERO_0049;Tempus;0
27174;R;3;27174_Screenshot_20260301_211037_Hero_Wars__R3.png;27174_Screenshot_20260301_211037_Hero_Wars__R3.png;HW_HERO_0008;Corvus;ACCEPTED;0.93903;0.079903;Corvus;0.9998596908593568;HIGH;HW_HERO_0008;Corvus;Corvus;EXACT_ALIAS;1.0;corvus;corvus;CONFIRMED;HW_HERO_0008;Corvus;0
27174;R;4;27174_Screenshot_20260301_211037_Hero_Wars__R4.png;27174_Screenshot_20260301_211037_Hero_Wars__R4.png;HW_HERO_0055;Morrigan;ACCEPTED;0.988101;0.090828;Morrigan;0.8354020116164731;MEDIUM;HW_HERO_0055;Morrigan;Morrigan;EXACT_ALIAS;1.0;morrigan;morrigan;CONFIRMED;HW_HERO_0055;Morrigan;0
27174;R;5;27174_Screenshot_20260301_211037_Hero_Wars__R5.png;27174_Screenshot_20260301_211037_Hero_Wars__R5.png;HW_HERO_0048;Somna;ACCEPTED;0.975242;0.1132;Somna;0.7763670517805755;MEDIUM;HW_HERO_0048;Somna;Somna;EXACT_ALIAS;1.0;somna;somna;CONFIRMED;HW_HERO_0048;Somna;0
27190;L;1;27190_Screenshot_20260301_193156_Hero_Wars__L1.png;27190_Screenshot_20260301_193156_Hero_Wars__L1.png;HW_HERO_0018;Iris;ACCEPTED;0.977566;0.07382;Iris;0.9994925856590271;HIGH;HW_HERO_0018;Iris;Iris;EXACT_ALIAS;1.0;iris;iris;CONFIRMED;HW_HERO_0018;Iris;0
27190;L;2;27190_Screenshot_20260301_193156_Hero_Wars__L2.png;27190_Screenshot_20260301_193156_Hero_Wars__L2.png;HW_HERO_0010;Dante;ACCEPTED;0.956141;0.071999;Dante;0.9850043258208355;HIGH;HW_HERO_0010;Dante;Dante;EXACT_ALIAS;1.0;dante;dante;CONFIRMED;HW_HERO_0010;Dante;0
27190;L;3;27190_Screenshot_20260301_193156_Hero_Wars__L3.png;27190_Screenshot_20260301_193156_Hero_Wars__L3.png;HW_HERO_0005;Cascade;ACCEPTED;0.9103;0.034527;Cascade;0.9999340810884622;HIGH;HW_HERO_0005;Cascade;Cascade;EXACT_ALIAS;1.0;cascade;cascade;CONFIRMED;HW_HERO_0005;Cascade;0
27190;L;4;27190_Screenshot_20260301_193156_Hero_Wars__L4.png;27190_Screenshot_20260301_193156_Hero_Wars__L4.png;HW_HERO_0037;Octavia;ACCEPTED;0.980415;0.091379;Octavia;0.9781607090698033;HIGH;HW_HERO_0037;Octavia;Octavia;EXACT_ALIAS;1.0;octavia;octavia;CONFIRMED;HW_HERO_0037;Octavia;0
27190;L;5;27190_Screenshot_20260301_193156_Hero_Wars__L5.png;27190_Screenshot_20260301_193156_Hero_Wars__L5.png;HW_HERO_0036;Nébula;ACCEPTED;0.959124;0.068912;Nebula;0.9999306976684254;HIGH;HW_HERO_0036;Nébula;Nébula;EXACT_ALIAS;1.0;nebula;nebula;CONFIRMED;HW_HERO_0036;Nébula;0
27190;R;1;27190_Screenshot_20260301_193156_Hero_Wars__R1.png;27190_Screenshot_20260301_193156_Hero_Wars__R1.png;HW_HERO_0005;Cascade;ACCEPTED;0.934707;0.047273;Cascade;0.9999299357648387;HIGH;HW_HERO_0005;Cascade;Cascade;EXACT_ALIAS;1.0;cascade;cascade;CONFIRMED;HW_HERO_0005;Cascade;0
27190;R;2;27190_Screenshot_20260301_193156_Hero_Wars__R2.png;27190_Screenshot_20260301_193156_Hero_Wars__R2.png;HW_HERO_0052;Yasmine;ACCEPTED;0.967749;0.078131;Yasmine;0.9858096080873694;HIGH;HW_HERO_0052;Yasmine;Yasmine;EXACT_ALIAS;1.0;yasmine;yasmine;CONFIRMED;HW_HERO_0052;Yasmine;0
27190;R;3;27190_Screenshot_20260301_193156_Hero_Wars__R3.png;27190_Screenshot_20260301_193156_Hero_Wars__R3.png;HW_HERO_0003;Astaroth;ACCEPTED;0.903324;0.106449;Astaroth;0.9760699556998682;HIGH;HW_HERO_0003;Astaroth;Astaroth;EXACT_ALIAS;1.0;astaroth;astaroth;CONFIRMED;HW_HERO_0003;Astaroth;0
27190;R;4;27190_Screenshot_20260301_193156_Hero_Wars__R4.png;27190_Screenshot_20260301_193156_Hero_Wars__R4.png;HW_HERO_0001;Aidan;ACCEPTED;0.972779;0.091498;Aidan;0.9999387975857175;HIGH;HW_HERO_0001;Aidan;Aidan;EXACT_ALIAS;1.0;aidan;aidan;CONFIRMED;HW_HERO_0001;Aidan;0
27190;R;5;27190_Screenshot_20260301_193156_Hero_Wars__R5.png;27190_Screenshot_20260301_193156_Hero_Wars__R5.png;HW_HERO_0039;Oya;ACCEPTED;0.954938;0.082771;Oya;0.9955776211173059;HIGH;HW_HERO_0039;Oya;Oya;EXACT_ALIAS;1.0;oya;oya;CONFIRMED;HW_HERO_0039;Oya;0
27231;L;1;27231_IMG_0794__L1.png;27231_IMG_0794__L1.png;HW_HERO_0045;Satori;ACCEPTED;0.972756;0.065939;Satori;0.9999858378837599;HIGH;HW_HERO_0045;Satori;Satori;EXACT_ALIAS;1.0;satori;satori;CONFIRMED;HW_HERO_0045;Satori;0
27231;L;2;27231_IMG_0794__L2.png;27231_IMG_0794__L2.png;HW_HERO_0014;Folio;ACCEPTED;0.961927;0.120377;Folio;0.9999890177177925;HIGH;HW_HERO_0014;Folio;Folio;EXACT_ALIAS;1.0;folio;folio;CONFIRMED;HW_HERO_0014;Folio;0
27231;L;3;27231_IMG_0794__L3.png;27231_IMG_0794__L3.png;HW_HERO_0004;Byrna;ACCEPTED;0.977113;0.120684;Bvrna;0.5144559702950494;LOW;;;Byrna;NO_MATCH;0.8;bvrna;;VISUAL_ONLY;HW_HERO_0004;Byrna;0
27231;L;4;27231_IMG_0794__L4.png;27231_IMG_0794__L4.png;HW_HERO_0017;Guus;ACCEPTED;0.961462;0.129142;Guus;0.9999017119407654;HIGH;HW_HERO_0017;Guus;Guus;EXACT_ALIAS;1.0;guus;guus;CONFIRMED;HW_HERO_0017;Guus;0
27231;L;5;27231_IMG_0794__L5.png;27231_IMG_0794__L5.png;HW_HERO_0030;Lian;ACCEPTED;0.9556;0.057602;Lian;0.9995894432067871;HIGH;HW_HERO_0030;Lian;Lian;EXACT_ALIAS;1.0;lian;lian;CONFIRMED;HW_HERO_0030;Lian;0
27231;R;1;27231_IMG_0794__R1.png;27231_IMG_0794__R1.png;HW_HERO_0018;Iris;ACCEPTED;0.970176;0.076385;Iris;0.9997760653495789;HIGH;HW_HERO_0018;Iris;Iris;EXACT_ALIAS;1.0;iris;iris;CONFIRMED;HW_HERO_0018;Iris;0
27231;R;2;27231_IMG_0794__R2.png;27231_IMG_0794__R2.png;HW_HERO_0059;Artemis;ACCEPTED;0.990052;0.087952;Artemis;0.9999746328747571;HIGH;HW_HERO_0059;Artemis;Artemis;EXACT_ALIAS;1.0;artemis;artemis;CONFIRMED;HW_HERO_0059;Artemis;0
27231;R;3;27231_IMG_0794__R3.png;27231_IMG_0794__R3.png;HW_HERO_0055;Morrigan;ACCEPTED;0.975668;0.0834;Morrigan;0.9987823232697531;HIGH;HW_HERO_0055;Morrigan;Morrigan;EXACT_ALIAS;1.0;morrigan;morrigan;CONFIRMED;HW_HERO_0055;Morrigan;0
27231;R;4;27231_IMG_0794__R4.png;27231_IMG_0794__R4.png;HW_HERO_0008;Corvus;ACCEPTED;0.97117;0.119263;Corvus;0.9997829083612322;HIGH;HW_HERO_0008;Corvus;Corvus;EXACT_ALIAS;1.0;corvus;corvus;CONFIRMED;HW_HERO_0008;Corvus;0
27231;R;5;27231_IMG_0794__R5.png;27231_IMG_0794__R5.png;HW_HERO_0067;Arachné;ACCEPTED;0.976382;0.089459;Arachne;0.9999846355670706;HIGH;HW_HERO_0067;Arachné;Arachné;EXACT_ALIAS;1.0;arachne;arachne;CONFIRMED;HW_HERO_0067;Arachné;0
27327;L;1;27327_Screenshot_20260309_232936_Hero_Wars__L1.png;27327_Screenshot_20260309_232936_Hero_Wars__L1.png;HW_HERO_0018;Iris;ACCEPTED;0.978919;0.075626;Iris;0.9992644786834717;HIGH;HW_HERO_0018;Iris;Iris;EXACT_ALIAS;1.0;iris;iris;CONFIRMED;HW_HERO_0018;Iris;0
27327;L;2;27327_Screenshot_20260309_232936_Hero_Wars__L2.png;27327_Screenshot_20260309_232936_Hero_Wars__L2.png;HW_HERO_0049;Tempus;ACCEPTED;0.975726;0.120208;Tempus;0.9999689990202217;HIGH;HW_HERO_0049;Tempus;Tempus;EXACT_ALIAS;1.0;tempus;tempus;CONFIRMED;HW_HERO_0049;Tempus;0
27327;L;3;27327_Screenshot_20260309_232936_Hero_Wars__L3.png;27327_Screenshot_20260309_232936_Hero_Wars__L3.png;HW_HERO_0047;Soleil;ACCEPTED;0.953719;0.090425;Soleil;0.9999542527954769;HIGH;HW_HERO_0047;Soleil;Soleil;EXACT_ALIAS;1.0;soleil;soleil;CONFIRMED;HW_HERO_0047;Soleil;0
27327;L;4;27327_Screenshot_20260309_232936_Hero_Wars__L4.png;27327_Screenshot_20260309_232936_Hero_Wars__L4.png;HW_HERO_0012;Electra von Grave;ACCEPTED;0.973152;0.087128;Electra von Grave;0.8929408547046446;HIGH;HW_HERO_0012;Electra von Grave;Electra von Grave;EXACT_ALIAS;1.0;electra von grave;electra von grave;CONFIRMED;HW_HERO_0012;Electra von Grave;0
27327;L;5;27327_Screenshot_20260309_232936_Hero_Wars__L5.png;27327_Screenshot_20260309_232936_Hero_Wars__L5.png;HW_HERO_0036;Nébula;ACCEPTED;0.971802;0.084514;Nébula;0.9998825163383014;HIGH;HW_HERO_0036;Nébula;Nébula;EXACT_ALIAS;1.0;nebula;nebula;CONFIRMED;HW_HERO_0036;Nébula;0
27327;R;1;27327_Screenshot_20260309_232936_Hero_Wars__R1.png;27327_Screenshot_20260309_232936_Hero_Wars__R1.png;HW_HERO_0004;Byrna;ACCEPTED;0.976775;0.117448;Bvrna;0.6599335858705947;MEDIUM;;;Byrna;NO_MATCH;0.8;bvrna;;VISUAL_ONLY;HW_HERO_0004;Byrna;0
27327;R;2;27327_Screenshot_20260309_232936_Hero_Wars__R2.png;27327_Screenshot_20260309_232936_Hero_Wars__R2.png;HW_HERO_0045;Satori;ACCEPTED;0.971842;0.075875;Satori;0.999962477593524;HIGH;HW_HERO_0045;Satori;Satori;EXACT_ALIAS;1.0;satori;satori;CONFIRMED;HW_HERO_0045;Satori;0
27327;R;3;27327_Screenshot_20260309_232936_Hero_Wars__R3.png;27327_Screenshot_20260309_232936_Hero_Wars__R3.png;HW_HERO_0048;Somna;ACCEPTED;0.97148;0.117827;Somna;0.9999191252872268;HIGH;HW_HERO_0048;Somna;Somna;EXACT_ALIAS;1.0;somna;somna;CONFIRMED;HW_HERO_0048;Somna;0
27327;R;4;27327_Screenshot_20260309_232936_Hero_Wars__R4.png;27327_Screenshot_20260309_232936_Hero_Wars__R4.png;HW_HERO_0007;Champi et Gnon;ACCEPTED;0.975209;0.08621;Champi et Gnon;0.7180883238901155;MEDIUM;HW_HERO_0007;Champi et Gnon;Champi et Gnon;EXACT_ALIAS;1.0;champi et gnon;champi et gnon;CONFIRMED;HW_HERO_0007;Champi et Gnon;0
27327;R;5;27327_Screenshot_20260309_232936_Hero_Wars__R5.png;27327_Screenshot_20260309_232936_Hero_Wars__R5.png;HW_HERO_0014;Folio;ACCEPTED;0.962093;0.12127;Folio;0.9999901905835615;HIGH;HW_HERO_0014;Folio;Folio;EXACT_ALIAS;1.0;folio;folio;CONFIRMED;HW_HERO_0014;Folio;0
27568;L;1;27568_IMG_3967__L1.png;27568_IMG_3967__L1.png;HW_HERO_0018;Iris;ACCEPTED;0.971168;0.076635;Iris;0.9994332194328308;HIGH;HW_HERO_0018;Iris;Iris;EXACT_ALIAS;1.0;iris;iris;CONFIRMED;HW_HERO_0018;Iris;0
27568;L;2;27568_IMG_3967__L2.png;27568_IMG_3967__L2.png;HW_HERO_0007;Champi et Gnon;ACCEPTED;0.991411;0.091666;Mushy and Shroom;0.9612427387353306;HIGH;HW_HERO_0007;Champi et Gnon;Mushy and Shroom;EXACT_ALIAS;1.0;mushy and shroom;mushy and shroom;CONFIRMED;HW_HERO_0007;Champi et Gnon;0
27568;L;3;27568_IMG_3967__L3.png;27568_IMG_3967__L3.png;HW_HERO_0048;Somna;ACCEPTED;0.946178;0.096704;Somna;0.9999375180880176;HIGH;HW_HERO_0048;Somna;Somna;EXACT_ALIAS;1.0;somna;somna;CONFIRMED;HW_HERO_0048;Somna;0
27568;L;4;27568_IMG_3967__L4.png;27568_IMG_3967__L4.png;HW_HERO_0001;Aidan;ACCEPTED;0.964737;0.073505;Aidan;0.9999438622622161;HIGH;HW_HERO_0001;Aidan;Aidan;EXACT_ALIAS;1.0;aidan;aidan;CONFIRMED;HW_HERO_0001;Aidan;0
27568;L;5;27568_IMG_3967__L5.png;27568_IMG_3967__L5.png;HW_HERO_0049;Tempus;ACCEPTED;0.961688;0.115025;Tempus;0.9747272972433049;HIGH;HW_HERO_0049;Tempus;Tempus;EXACT_ALIAS;1.0;tempus;tempus;CONFIRMED;HW_HERO_0049;Tempus;0
27568;R;1;27568_IMG_3967__R1.png;27568_IMG_3967__R1.png;HW_HERO_0045;Satori;ACCEPTED;0.970445;0.056155;Satori;0.9999780998012039;HIGH;HW_HERO_0045;Satori;Satori;EXACT_ALIAS;1.0;satori;satori;CONFIRMED;HW_HERO_0045;Satori;0
27568;R;2;27568_IMG_3967__R2.png;27568_IMG_3967__R2.png;HW_HERO_0012;Electra von Grave;ACCEPTED;0.967108;0.076149;Electra von Grave;0.904261610995421;HIGH;HW_HERO_0012;Electra von Grave;Electra von Grave;EXACT_ALIAS;1.0;electra von grave;electra von grave;CONFIRMED;HW_HERO_0012;Electra von Grave;0
27568;R;3;27568_IMG_3967__R3.png;27568_IMG_3967__R3.png;HW_HERO_0049;Tempus;ACCEPTED;0.965679;0.121393;Tempus;0.6600992156411379;MEDIUM;HW_HERO_0049;Tempus;Tempus;EXACT_ALIAS;1.0;tempus;tempus;CONFIRMED;HW_HERO_0049;Tempus;0
27568;R;4;27568_IMG_3967__R4.png;27568_IMG_3967__R4.png;HW_HERO_0048;Somna;ACCEPTED;0.945418;0.101629;Somna;0.9914065830190355;HIGH;HW_HERO_0048;Somna;Somna;EXACT_ALIAS;1.0;somna;somna;CONFIRMED;HW_HERO_0048;Somna;0
27568;R;5;27568_IMG_3967__R5.png;27568_IMG_3967__R5.png;HW_HERO_0003;Astaroth;ACCEPTED;0.950925;0.168097;Astaroth;0.9999763133549376;HIGH;HW_HERO_0003;Astaroth;Astaroth;EXACT_ALIAS;1.0;astaroth;astaroth;CONFIRMED;HW_HERO_0003;Astaroth;0
27595;L;1;27595_Screenshot_20260316_212007_Hero_Wars__L1.png;27595_Screenshot_20260316_212007_Hero_Wars__L1.png;HW_HERO_0014;Folio;ACCEPTED;0.968607;0.116459;Folio;0.9999804344679036;HIGH;HW_HERO_0014;Folio;Folio;EXACT_ALIAS;1.0;folio;folio;CONFIRMED;HW_HERO_0014;Folio;0
27595;L;2;27595_Screenshot_20260316_212007_Hero_Wars__L2.png;27595_Screenshot_20260316_212007_Hero_Wars__L2.png;HW_HERO_0024;Julius;ACCEPTED;0.965837;0.145182;Julius;0.9999971286467422;HIGH;HW_HERO_0024;Julius;Julius;EXACT_ALIAS;1.0;julius;julius;CONFIRMED;HW_HERO_0024;Julius;0
27595;L;3;27595_Screenshot_20260316_212007_Hero_Wars__L3.png;27595_Screenshot_20260316_212007_Hero_Wars__L3.png;HW_HERO_0042;Polaris;ACCEPTED;0.974321;0.105861;Polaris;0.9999822925969936;HIGH;HW_HERO_0042;Polaris;Polaris;EXACT_ALIAS;1.0;polaris;polaris;CONFIRMED;HW_HERO_0042;Polaris;0
27595;L;4;27595_Screenshot_20260316_212007_Hero_Wars__L4.png;27595_Screenshot_20260316_212007_Hero_Wars__L4.png;HW_HERO_0048;Somna;ACCEPTED;0.972314;0.124144;Somna;0.9998794606765605;HIGH;HW_HERO_0048;Somna;Somna;EXACT_ALIAS;1.0;somna;somna;CONFIRMED;HW_HERO_0048;Somna;0
27595;L;5;27595_Screenshot_20260316_212007_Hero_Wars__L5.png;27595_Screenshot_20260316_212007_Hero_Wars__L5.png;HW_HERO_0023;Juge;ACCEPTED;0.975483;0.141051;Juge;0.9993112087249756;HIGH;HW_HERO_0023;Juge;Juge;EXACT_ALIAS;1.0;juge;juge;CONFIRMED;HW_HERO_0023;Juge;0
27595;R;1;27595_Screenshot_20260316_212007_Hero_Wars__R1.png;27595_Screenshot_20260316_212007_Hero_Wars__R1.png;HW_HERO_0014;Folio;ACCEPTED;0.966778;0.126158;Folio;0.9999682259794783;HIGH;HW_HERO_0014;Folio;Folio;EXACT_ALIAS;1.0;folio;folio;CONFIRMED;HW_HERO_0014;Folio;0
27595;R;2;27595_Screenshot_20260316_212007_Hero_Wars__R2.png;27595_Screenshot_20260316_212007_Hero_Wars__R2.png;HW_HERO_0026;Kayla;ACCEPTED;0.956659;0.081357;Kayla;0.9828188466465612;HIGH;HW_HERO_0026;Kayla;Kayla;EXACT_ALIAS;1.0;kayla;kayla;CONFIRMED;HW_HERO_0026;Kayla;0
27595;R;3;27595_Screenshot_20260316_212007_Hero_Wars__R3.png;27595_Screenshot_20260316_212007_Hero_Wars__R3.png;HW_HERO_0024;Julius;ACCEPTED;0.977261;0.139072;Julius;0.9999967879775887;HIGH;HW_HERO_0024;Julius;Julius;EXACT_ALIAS;1.0;julius;julius;CONFIRMED;HW_HERO_0024;Julius;0
27595;R;4;27595_Screenshot_20260316_212007_Hero_Wars__R4.png;27595_Screenshot_20260316_212007_Hero_Wars__R4.png;HW_HERO_0042;Polaris;ACCEPTED;0.976909;0.111031;Polaris;0.9999856718801932;HIGH;HW_HERO_0042;Polaris;Polaris;EXACT_ALIAS;1.0;polaris;polaris;CONFIRMED;HW_HERO_0042;Polaris;0
27595;R;5;27595_Screenshot_20260316_212007_Hero_Wars__R5.png;27595_Screenshot_20260316_212007_Hero_Wars__R5.png;HW_HERO_0037;Octavia;ACCEPTED;0.975881;0.095513;Octavia;0.9933516424735024;HIGH;HW_HERO_0037;Octavia;Octavia;EXACT_ALIAS;1.0;octavia;octavia;CONFIRMED;HW_HERO_0037;Octavia;0
28002;L;1;28002_Screenshot_20260317-092518__L1.png;28002_Screenshot_20260317-092518__L1.png;HW_HERO_0051;Xe'Sha;ACCEPTED;0.979877;0.087746;Xe'Sha;0.9990275759463828;HIGH;HW_HERO_0051;Xe'Sha;Xe'Sha;EXACT_ALIAS;1.0;xe sha;xe sha;CONFIRMED;HW_HERO_0051;Xe'Sha;0
28002;L;2;28002_Screenshot_20260317-092518__L2.png;28002_Screenshot_20260317-092518__L2.png;HW_HERO_0012;Electra von Grave;ACCEPTED;0.950134;0.079321;Electra von Grave;0.8609925930405002;HIGH;HW_HERO_0012;Electra von Grave;Electra von Grave;EXACT_ALIAS;1.0;electra von grave;electra von grave;CONFIRMED;HW_HERO_0012;Electra von Grave;0
28002;L;3;28002_Screenshot_20260317-092518__L3.png;28002_Screenshot_20260317-092518__L3.png;HW_HERO_0037;Octavia;ACCEPTED;0.968271;0.092058;Octavia;0.9999289444909761;HIGH;HW_HERO_0037;Octavia;Octavia;EXACT_ALIAS;1.0;octavia;octavia;CONFIRMED;HW_HERO_0037;Octavia;0
28002;L;4;28002_Screenshot_20260317-092518__L4.png;28002_Screenshot_20260317-092518__L4.png;HW_HERO_0049;Tempus;ACCEPTED;0.960149;0.11122;Tempus;0.9225238049879464;HIGH;HW_HERO_0049;Tempus;Tempus;EXACT_ALIAS;1.0;tempus;tempus;CONFIRMED;HW_HERO_0049;Tempus;0
28002;L;5;28002_Screenshot_20260317-092518__L5.png;28002_Screenshot_20260317-092518__L5.png;HW_HERO_0048;Somna;ACCEPTED;0.93054;0.098687;Somna;0.9998546702005818;HIGH;HW_HERO_0048;Somna;Somna;EXACT_ALIAS;1.0;somna;somna;CONFIRMED;HW_HERO_0048;Somna;0
28002;R;1;28002_Screenshot_20260317-092518__R1.png;28002_Screenshot_20260317-092518__R1.png;HW_HERO_0026;Kayla;ACCEPTED;0.951481;0.064732;Kavla;0.9999760628714502;HIGH;HW_HERO_0026;Kayla;Kayla;VISUAL_ALIAS_ONE_EDIT_OCR;0.8;kavla;kayla;CONFIRMED;HW_HERO_0026;Kayla;0
28002;R;2;28002_Screenshot_20260317-092518__R2.png;28002_Screenshot_20260317-092518__R2.png;HW_HERO_0048;Somna;ACCEPTED;0.910186;0.073167;Somna;0.9999132075950031;HIGH;HW_HERO_0048;Somna;Somna;EXACT_ALIAS;1.0;somna;somna;CONFIRMED;HW_HERO_0048;Somna;0
28002;R;3;28002_Screenshot_20260317-092518__R3.png;28002_Screenshot_20260317-092518__R3.png;HW_HERO_0039;Oya;ACCEPTED;0.935595;0.081355;Ova;0.9996885022178462;HIGH;HW_HERO_0039;Oya;Oya;VISUAL_ALIAS_ONE_EDIT_OCR;0.6666666666666667;ova;oya;CONFIRMED;HW_HERO_0039;Oya;0
28002;R;4;28002_Screenshot_20260317-092518__R4.png;28002_Screenshot_20260317-092518__R4.png;HW_HERO_0001;Aidan;ACCEPTED;0.976279;0.090696;Aidan;0.9999376247128333;HIGH;HW_HERO_0001;Aidan;Aidan;EXACT_ALIAS;1.0;aidan;aidan;CONFIRMED;HW_HERO_0001;Aidan;0
28002;R;5;28002_Screenshot_20260317-092518__R5.png;28002_Screenshot_20260317-092518__R5.png;HW_HERO_0003;Astaroth;ACCEPTED;0.974764;0.211187;Astaroth;0.99998427917432;HIGH;HW_HERO_0003;Astaroth;Astaroth;EXACT_ALIAS;1.0;astaroth;astaroth;CONFIRMED;HW_HERO_0003;Astaroth;0
28153;L;1;28153_IMG_0973__L1.png;28153_IMG_0973__L1.png;HW_HERO_0007;Champi et Gnon;ACCEPTED;0.961028;0.103905;Mushy and S;0.9933328094768276;HIGH;HW_HERO_0007;Champi et Gnon;Mushy and Shroom;VISUAL_ALIAS_TRUNCATED_RIGHT;0.6875;mushy and s;mushy and shroom;CONFIRMED;HW_HERO_0007;Champi et Gnon;0
28153;L;2;28153_IMG_0973__L2.png;28153_IMG_0973__L2.png;HW_HERO_0004;Byrna;ACCEPTED;0.960321;0.119138;Byrna;0.9999385843361142;HIGH;HW_HERO_0004;Byrna;Byrna;EXACT_ALIAS;1.0;byrna;byrna;CONFIRMED;HW_HERO_0004;Byrna;0
28153;L;3;28153_IMG_0973__L3.png;28153_IMG_0973__L3.png;HW_HERO_0048;Somna;ACCEPTED;0.92498;0.102244;Somna;0.9998972671242139;HIGH;HW_HERO_0048;Somna;Somna;EXACT_ALIAS;1.0;somna;somna;CONFIRMED;HW_HERO_0048;Somna;0
28153;L;4;28153_IMG_0973__L4.png;28153_IMG_0973__L4.png;HW_HERO_0049;Tempus;ACCEPTED;0.946355;0.108834;Tempus;0.9999528414380706;HIGH;HW_HERO_0049;Tempus;Tempus;EXACT_ALIAS;1.0;tempus;tempus;CONFIRMED;HW_HERO_0049;Tempus;0
28153;L;5;28153_IMG_0973__L5.png;28153_IMG_0973__L5.png;HW_HERO_0001;Aidan;ACCEPTED;0.961729;0.095891;Aidan;0.9999736105114765;HIGH;HW_HERO_0001;Aidan;Aidan;EXACT_ALIAS;1.0;aidan;aidan;CONFIRMED;HW_HERO_0001;Aidan;0
28153;R;1;28153_IMG_0973__R1.png;28153_IMG_0973__R1.png;HW_HERO_0026;Kayla;ACCEPTED;0.948358;0.074223;Kayla;0.9999667865495526;HIGH;HW_HERO_0026;Kayla;Kayla;EXACT_ALIAS;1.0;kayla;kayla;CONFIRMED;HW_HERO_0026;Kayla;0
28153;R;2;28153_IMG_0973__R2.png;28153_IMG_0973__R2.png;HW_HERO_0037;Octavia;ACCEPTED;0.963697;0.069346;Octavia;0.998223193438332;HIGH;HW_HERO_0037;Octavia;Octavia;EXACT_ALIAS;1.0;octavia;octavia;CONFIRMED;HW_HERO_0037;Octavia;0
28153;R;3;28153_IMG_0973__R3.png;28153_IMG_0973__R3.png;HW_HERO_0049;Tempus;ACCEPTED;0.954649;0.099774;Tempus;0.999973622413956;HIGH;HW_HERO_0049;Tempus;Tempus;EXACT_ALIAS;1.0;tempus;tempus;CONFIRMED;HW_HERO_0049;Tempus;0
28153;R;4;28153_IMG_0973__R4.png;28153_IMG_0973__R4.png;HW_HERO_0001;Aidan;ACCEPTED;0.972979;0.098877;Aidan;0.9999744101941545;HIGH;HW_HERO_0001;Aidan;Aidan;EXACT_ALIAS;1.0;aidan;aidan;CONFIRMED;HW_HERO_0001;Aidan;0
28153;R;5;28153_IMG_0973__R5.png;28153_IMG_0973__R5.png;HW_HERO_0017;Guus;ACCEPTED;0.954767;0.137215;Guus;0.9995917267506035;HIGH;HW_HERO_0017;Guus;Guus;EXACT_ALIAS;1.0;guus;guus;CONFIRMED;HW_HERO_0017;Guus;0
2820;L;1;2820_Screenshot_20250709-175250__L1.png;2820_Screenshot_20250709-175250__L1.png;HW_HERO_0027;Keira;ACCEPTED;0.979053;0.106669;Keira;0.9999897640869371;HIGH;HW_HERO_0027;Keira;Keira;EXACT_ALIAS;1.0;keira;keira;CONFIRMED;HW_HERO_0027;Keira;0
2820;L;2;2820_Screenshot_20250709-175250__L2.png;2820_Screenshot_20250709-175250__L2.png;HW_HERO_0043;Qing Mao;ACCEPTED;0.984164;0.093602;Oina Mao;0.36966116501872803;LOW;;;Qing Mao;NO_MATCH;0.75;oina mao;;VISUAL_ONLY;HW_HERO_0043;Qing Mao;0
2820;L;3;2820_Screenshot_20250709-175250__L3.png;2820_Screenshot_20250709-175250__L3.png;HW_HERO_0006;Céleste;ACCEPTED;0.986586;0.091497;Céleste;0.9953055219871911;HIGH;HW_HERO_0006;Céleste;Céleste;EXACT_ALIAS;1.0;celeste;celeste;CONFIRMED;HW_HERO_0006;Céleste;0
2820;L;4;2820_Screenshot_20250709-175250__L4.png;2820_Screenshot_20250709-175250__L4.png;HW_HERO_0002;Andvari;ACCEPTED;0.970662;0.144563;Andvari;0.9999583221089922;HIGH;HW_HERO_0002;Andvari;Andvari;EXACT_ALIAS;1.0;andvari;andvari;CONFIRMED;HW_HERO_0002;Andvari;0
2820;L;5;2820_Screenshot_20250709-175250__L5.png;2820_Screenshot_20250709-175250__L5.png;HW_HERO_0003;Astaroth;ACCEPTED;0.975936;0.184224;Astaroth;0.9999546074174093;HIGH;HW_HERO_0003;Astaroth;Astaroth;EXACT_ALIAS;1.0;astaroth;astaroth;CONFIRMED;HW_HERO_0003;Astaroth;0
2820;R;1;2820_Screenshot_20250709-175250__R1.png;2820_Screenshot_20250709-175250__R1.png;HW_HERO_0035;Mojo;ACCEPTED;0.963153;0.145296;Moio;0.9353333219449239;HIGH;HW_HERO_0035;Mojo;Mojo;VISUAL_ALIAS_ONE_EDIT_OCR;0.75;moio;mojo;CONFIRMED;HW_HERO_0035;Mojo;0
2820;R;2;2820_Screenshot_20250709-175250__R2.png;2820_Screenshot_20250709-175250__R2.png;HW_HERO_0021;Jhu;ACCEPTED;0.976901;0.126315;Jhu;0.9999918785935997;HIGH;HW_HERO_0021;Jhu;Jhu;EXACT_ALIAS;1.0;jhu;jhu;CONFIRMED;HW_HERO_0021;Jhu;0
2820;R;3;2820_Screenshot_20250709-175250__R3.png;2820_Screenshot_20250709-175250__R3.png;HW_HERO_0073;Lars;ACCEPTED;0.978439;0.081147;Lars;0.9997390508651733;HIGH;HW_HERO_0073;Lars;Lars;EXACT_ALIAS;1.0;lars;lars;CONFIRMED;HW_HERO_0073;Lars;0
2820;R;4;2820_Screenshot_20250709-175250__R4.png;2820_Screenshot_20250709-175250__R4.png;HW_HERO_0041;Phobos;ACCEPTED;0.971776;0.107298;Phobos;0.9999527441030608;HIGH;HW_HERO_0041;Phobos;Phobos;EXACT_ALIAS;1.0;phobos;phobos;CONFIRMED;HW_HERO_0041;Phobos;0
2820;R;5;2820_Screenshot_20250709-175250__R5.png;2820_Screenshot_20250709-175250__R5.png;HW_HERO_0053;Ziri;UNKNOWN;0.471849;0.008033;;0.0;NO_DETECTION;;;;EMPTY;0.0;;;MANUAL_REVIEW;;;1
28292;L;1;28292_Screenshot_20260317_182901_Hero_Wars__L1.png;28292_Screenshot_20260317_182901_Hero_Wars__L1.png;HW_HERO_0038;Orion;ACCEPTED;0.959279;0.099551;Orion;0.9992816659188939;HIGH;HW_HERO_0038;Orion;Orion;EXACT_ALIAS;1.0;orion;orion;CONFIRMED;HW_HERO_0038;Orion;0
28292;L;2;28292_Screenshot_20260317_182901_Hero_Wars__L2.png;28292_Screenshot_20260317_182901_Hero_Wars__L2.png;HW_HERO_0007;Champi et Gnon;ACCEPTED;0.97767;0.086459;Champi et Gnon;0.9278297283858679;HIGH;HW_HERO_0007;Champi et Gnon;Champi et Gnon;EXACT_ALIAS;1.0;champi et gnon;champi et gnon;CONFIRMED;HW_HERO_0007;Champi et Gnon;0
28292;L;3;28292_Screenshot_20260317_182901_Hero_Wars__L3.png;28292_Screenshot_20260317_182901_Hero_Wars__L3.png;HW_HERO_0005;Cascade;ACCEPTED;0.948835;0.06402;Cascade;0.9999006029358705;HIGH;HW_HERO_0005;Cascade;Cascade;EXACT_ALIAS;1.0;cascade;cascade;CONFIRMED;HW_HERO_0005;Cascade;0
28292;L;4;28292_Screenshot_20260317_182901_Hero_Wars__L4.png;28292_Screenshot_20260317_182901_Hero_Wars__L4.png;HW_HERO_0064;Helios;ACCEPTED;0.987809;0.120755;Helios;0.9999929432810474;HIGH;HW_HERO_0064;Helios;Helios;EXACT_ALIAS;1.0;helios;helios;CONFIRMED;HW_HERO_0064;Helios;0
28292;L;5;28292_Screenshot_20260317_182901_Hero_Wars__L5.png;28292_Screenshot_20260317_182901_Hero_Wars__L5.png;HW_HERO_0003;Astaroth;ACCEPTED;0.923098;0.142773;Astaroth;0.9999632055208598;HIGH;HW_HERO_0003;Astaroth;Astaroth;EXACT_ALIAS;1.0;astaroth;astaroth;CONFIRMED;HW_HERO_0003;Astaroth;0
28292;R;1;28292_Screenshot_20260317_182901_Hero_Wars__R1.png;28292_Screenshot_20260317_182901_Hero_Wars__R1.png;HW_HERO_0052;Yasmine;ACCEPTED;0.965712;0.085514;Yasmine;0.9999922952645688;HIGH;HW_HERO_0052;Yasmine;Yasmine;EXACT_ALIAS;1.0;yasmine;yasmine;CONFIRMED;HW_HERO_0052;Yasmine;0
28292;R;2;28292_Screenshot_20260317_182901_Hero_Wars__R2.png;28292_Screenshot_20260317_182901_Hero_Wars__R2.png;HW_HERO_0023;Juge;ACCEPTED;0.984882;0.145247;Juge;0.989342212677002;HIGH;HW_HERO_0023;Juge;Juge;EXACT_ALIAS;1.0;juge;juge;CONFIRMED;HW_HERO_0023;Juge;0
28292;R;3;28292_Screenshot_20260317_182901_Hero_Wars__R3.png;28292_Screenshot_20260317_182901_Hero_Wars__R3.png;HW_HERO_0024;Julius;ACCEPTED;0.975706;0.127872;Julius;0.9999989293261206;HIGH;HW_HERO_0024;Julius;Julius;EXACT_ALIAS;1.0;julius;julius;CONFIRMED;HW_HERO_0024;Julius;0
28292;R;4;28292_Screenshot_20260317_182901_Hero_Wars__R4.png;28292_Screenshot_20260317_182901_Hero_Wars__R4.png;HW_HERO_0056;Isaac;ACCEPTED;0.973146;0.136055;Isaac;0.9997821109926595;HIGH;HW_HERO_0056;Isaac;Isaac;EXACT_ALIAS;1.0;isaac;isaac;CONFIRMED;HW_HERO_0056;Isaac;0
28292;R;5;28292_Screenshot_20260317_182901_Hero_Wars__R5.png;28292_Screenshot_20260317_182901_Hero_Wars__R5.png;HW_HERO_0036;Nébula;ACCEPTED;0.965561;0.079914;Nébula;0.9993526452516902;HIGH;HW_HERO_0036;Nébula;Nébula;EXACT_ALIAS;1.0;nebula;nebula;CONFIRMED;HW_HERO_0036;Nébula;0
28314;L;1;28314_Screenshot_20260326_073633_Hero_Wars__L1.png;28314_Screenshot_20260326_073633_Hero_Wars__L1.png;HW_HERO_0018;Iris;ACCEPTED;0.975895;0.077583;Iris;0.9997879862785339;HIGH;HW_HERO_0018;Iris;Iris;EXACT_ALIAS;1.0;iris;iris;CONFIRMED;HW_HERO_0018;Iris;0
28314;L;2;28314_Screenshot_20260326_073633_Hero_Wars__L2.png;28314_Screenshot_20260326_073633_Hero_Wars__L2.png;HW_HERO_0042;Polaris;ACCEPTED;0.988471;0.100126;Polaris;0.999986708192969;HIGH;HW_HERO_0042;Polaris;Polaris;EXACT_ALIAS;1.0;polaris;polaris;CONFIRMED;HW_HERO_0042;Polaris;0
28314;L;3;28314_Screenshot_20260326_073633_Hero_Wars__L3.png;28314_Screenshot_20260326_073633_Hero_Wars__L3.png;HW_HERO_0024;Julius;ACCEPTED;0.984988;0.134147;Julius;0.7022097257952655;MEDIUM;HW_HERO_0024;Julius;Julius;EXACT_ALIAS;1.0;julius;julius;CONFIRMED;HW_HERO_0024;Julius;0
28314;L;4;28314_Screenshot_20260326_073633_Hero_Wars__L4.png;28314_Screenshot_20260326_073633_Hero_Wars__L4.png;HW_HERO_0047;Soleil;ACCEPTED;0.947161;0.076196;Soleil;0.9998753134279549;HIGH;HW_HERO_0047;Soleil;Soleil;EXACT_ALIAS;1.0;soleil;soleil;CONFIRMED;HW_HERO_0047;Soleil;0
28314;L;5;28314_Screenshot_20260326_073633_Hero_Wars__L5.png;28314_Screenshot_20260326_073633_Hero_Wars__L5.png;HW_HERO_0036;Nébula;ACCEPTED;0.951966;0.073194;Nébula;0.999912495893926;HIGH;HW_HERO_0036;Nébula;Nébula;EXACT_ALIAS;1.0;nebula;nebula;CONFIRMED;HW_HERO_0036;Nébula;0
28314;R;1;28314_Screenshot_20260326_073633_Hero_Wars__R1.png;28314_Screenshot_20260326_073633_Hero_Wars__R1.png;HW_HERO_0046;Sébastien;ACCEPTED;0.934037;0.074658;Sébastien;0.9998173630290884;HIGH;HW_HERO_0046;Sébastien;Sébastien;EXACT_ALIAS;1.0;sebastien;sebastien;CONFIRMED;HW_HERO_0046;Sébastien;0
28314;R;2;28314_Screenshot_20260326_073633_Hero_Wars__R2.png;28314_Screenshot_20260326_073633_Hero_Wars__R2.png;HW_HERO_0056;Isaac;ACCEPTED;0.979642;0.158877;Isaac;0.9998248149074058;HIGH;HW_HERO_0056;Isaac;Isaac;EXACT_ALIAS;1.0;isaac;isaac;CONFIRMED;HW_HERO_0056;Isaac;0
28314;R;3;28314_Screenshot_20260326_073633_Hero_Wars__R3.png;28314_Screenshot_20260326_073633_Hero_Wars__R3.png;HW_HERO_0024;Julius;ACCEPTED;0.973632;0.126624;Julius;0.9999962526402947;HIGH;HW_HERO_0024;Julius;Julius;EXACT_ALIAS;1.0;julius;julius;CONFIRMED;HW_HERO_0024;Julius;0
28314;R;4;28314_Screenshot_20260326_073633_Hero_Wars__R4.png;28314_Screenshot_20260326_073633_Hero_Wars__R4.png;HW_HERO_0016;Ginger;ACCEPTED;0.924477;0.041517;Ginger;0.9996691747442453;HIGH;HW_HERO_0016;Ginger;Ginger;EXACT_ALIAS;1.0;ginger;ginger;CONFIRMED;HW_HERO_0016;Ginger;0
28314;R;5;28314_Screenshot_20260326_073633_Hero_Wars__R5.png;28314_Screenshot_20260326_073633_Hero_Wars__R5.png;HW_HERO_0042;Polaris;ACCEPTED;0.983711;0.106419;Polaris;0.9999513832488924;HIGH;HW_HERO_0042;Polaris;Polaris;EXACT_ALIAS;1.0;polaris;polaris;CONFIRMED;HW_HERO_0042;Polaris;0
28353;L;1;28353_IMG_4157__L1.png;28353_IMG_4157__L1.png;HW_HERO_0018;Iris;ACCEPTED;0.964619;0.065485;Iris;0.9994396567344666;HIGH;HW_HERO_0018;Iris;Iris;EXACT_ALIAS;1.0;iris;iris;CONFIRMED;HW_HERO_0018;Iris;0
28353;L;2;28353_IMG_4157__L2.png;28353_IMG_4157__L2.png;HW_HERO_0047;Soleil;ACCEPTED;0.975452;0.103004;Soleil;0.9998918606370492;HIGH;HW_HERO_0047;Soleil;Soleil;EXACT_ALIAS;1.0;soleil;soleil;CONFIRMED;HW_HERO_0047;Soleil;0
28353;L;3;28353_IMG_4157__L3.png;28353_IMG_4157__L3.png;HW_HERO_0012;Electra von Grave;ACCEPTED;0.96339;0.084701;Electra von Grave;0.9990664082224996;HIGH;HW_HERO_0012;Electra von Grave;Electra von Grave;EXACT_ALIAS;1.0;electra von grave;electra von grave;CONFIRMED;HW_HERO_0012;Electra von Grave;0
28353;L;4;28353_IMG_4157__L4.png;28353_IMG_4157__L4.png;HW_HERO_0017;Guus;ACCEPTED;0.944906;0.117776;Guus;0.999849796295166;HIGH;HW_HERO_0017;Guus;Guus;EXACT_ALIAS;1.0;guus;guus;CONFIRMED;HW_HERO_0017;Guus;0
28353;L;5;28353_IMG_4157__L5.png;28353_IMG_4157__L5.png;HW_HERO_0036;Nébula;ACCEPTED;0.947302;0.065402;Nepula;0.6957602544730247;MEDIUM;;;Nébula;NO_MATCH;0.8333333333333334;nepula;;VISUAL_ONLY;HW_HERO_0036;Nébula;0
28353;R;1;28353_IMG_4157__R1.png;28353_IMG_4157__R1.png;HW_HERO_0057;Drayne;ACCEPTED;0.987543;0.123477;Drayne;0.9888051219696089;HIGH;HW_HERO_0057;Drayne;Drayne;EXACT_ALIAS;1.0;drayne;drayne;CONFIRMED;HW_HERO_0057;Drayne;0
28353;R;2;28353_IMG_4157__R2.png;28353_IMG_4157__R2.png;HW_HERO_0004;Byrna;ACCEPTED;0.97722;0.123147;Byrna;0.7923075575815423;MEDIUM;HW_HERO_0004;Byrna;Byrna;EXACT_ALIAS;1.0;byrna;byrna;CONFIRMED;HW_HERO_0004;Byrna;0
28353;R;3;28353_IMG_4157__R3.png;28353_IMG_4157__R3.png;HW_HERO_0048;Somna;ACCEPTED;0.929706;0.074101;Somna;0.9998864446470176;HIGH;HW_HERO_0048;Somna;Somna;EXACT_ALIAS;1.0;somna;somna;CONFIRMED;HW_HERO_0048;Somna;0
28353;R;4;28353_IMG_4157__R4.png;28353_IMG_4157__R4.png;HW_HERO_0014;Folio;ACCEPTED;0.932071;0.087846;Folio;0.9998811133723795;HIGH;HW_HERO_0014;Folio;Folio;EXACT_ALIAS;1.0;folio;folio;CONFIRMED;HW_HERO_0014;Folio;0
28353;R;5;28353_IMG_4157__R5.png;28353_IMG_4157__R5.png;HW_HERO_0047;Soleil;ACCEPTED;0.90914;0.045209;soiell;0.5549870843867446;LOW;;;Soleil;NO_MATCH;0.6666666666666666;soiell;;VISUAL_ONLY;HW_HERO_0047;Soleil;0
28470;L;1;28470_Screenshot_20260331_142956_Hero_Wars__L1.png;28470_Screenshot_20260331_142956_Hero_Wars__L1.png;HW_HERO_0026;Kayla;ACCEPTED;0.965106;0.080486;Kavla;0.9998249748467568;HIGH;HW_HERO_0026;Kayla;Kayla;VISUAL_ALIAS_ONE_EDIT_OCR;0.8;kavla;kayla;CONFIRMED;HW_HERO_0026;Kayla;0
28470;L;2;28470_Screenshot_20260331_142956_Hero_Wars__L2.png;28470_Screenshot_20260331_142956_Hero_Wars__L2.png;HW_HERO_0014;Folio;ACCEPTED;0.956229;0.10725;Folio;0.9999752098767573;HIGH;HW_HERO_0014;Folio;Folio;EXACT_ALIAS;1.0;folio;folio;CONFIRMED;HW_HERO_0014;Folio;0
28470;L;3;28470_Screenshot_20260331_142956_Hero_Wars__L3.png;28470_Screenshot_20260331_142956_Hero_Wars__L3.png;HW_HERO_0024;Julius;ACCEPTED;0.979589;0.142705;Julius;0.9731596180924263;HIGH;HW_HERO_0024;Julius;Julius;EXACT_ALIAS;1.0;julius;julius;CONFIRMED;HW_HERO_0024;Julius;0
28470;L;4;28470_Screenshot_20260331_142956_Hero_Wars__L4.png;28470_Screenshot_20260331_142956_Hero_Wars__L4.png;HW_HERO_0048;Somna;ACCEPTED;0.968821;0.103312;Somna;0.9996119862685549;HIGH;HW_HERO_0048;Somna;Somna;EXACT_ALIAS;1.0;somna;somna;CONFIRMED;HW_HERO_0048;Somna;0
28470;L;5;28470_Screenshot_20260331_142956_Hero_Wars__L5.png;28470_Screenshot_20260331_142956_Hero_Wars__L5.png;HW_HERO_0001;Aidan;ACCEPTED;0.967033;0.100266;Aidan;0.9999371449011519;HIGH;HW_HERO_0001;Aidan;Aidan;EXACT_ALIAS;1.0;aidan;aidan;CONFIRMED;HW_HERO_0001;Aidan;0
28470;R;1;28470_Screenshot_20260331_142956_Hero_Wars__R1.png;28470_Screenshot_20260331_142956_Hero_Wars__R1.png;HW_HERO_0026;Kayla;ACCEPTED;0.977918;0.086882;Kavla;0.9999644408113719;HIGH;HW_HERO_0026;Kayla;Kayla;VISUAL_ALIAS_ONE_EDIT_OCR;0.8;kavla;kayla;CONFIRMED;HW_HERO_0026;Kayla;0
28470;R;2;28470_Screenshot_20260331_142956_Hero_Wars__R2.png;28470_Screenshot_20260331_142956_Hero_Wars__R2.png;HW_HERO_0042;Polaris;ACCEPTED;0.97782;0.103825;Polaris;0.7710488876693404;MEDIUM;HW_HERO_0042;Polaris;Polaris;EXACT_ALIAS;1.0;polaris;polaris;CONFIRMED;HW_HERO_0042;Polaris;0
28470;R;3;28470_Screenshot_20260331_142956_Hero_Wars__R3.png;28470_Screenshot_20260331_142956_Hero_Wars__R3.png;HW_HERO_0024;Julius;ACCEPTED;0.971137;0.13715;Julius;0.9999985886571049;HIGH;HW_HERO_0024;Julius;Julius;EXACT_ALIAS;1.0;julius;julius;CONFIRMED;HW_HERO_0024;Julius;0
28470;R;4;28470_Screenshot_20260331_142956_Hero_Wars__R4.png;28470_Screenshot_20260331_142956_Hero_Wars__R4.png;HW_HERO_0014;Folio;ACCEPTED;0.962946;0.091437;Folio;0.999974943315898;HIGH;HW_HERO_0014;Folio;Folio;EXACT_ALIAS;1.0;folio;folio;CONFIRMED;HW_HERO_0014;Folio;0
28470;R;5;28470_Screenshot_20260331_142956_Hero_Wars__R5.png;28470_Screenshot_20260331_142956_Hero_Wars__R5.png;HW_HERO_0001;Aidan;ACCEPTED;0.974053;0.088258;Aidan;0.6718345650408152;MEDIUM;HW_HERO_0001;Aidan;Aidan;EXACT_ALIAS;1.0;aidan;aidan;CONFIRMED;HW_HERO_0001;Aidan;0
28613;L;1;28613_Screenshot_20260327_083035_Hero_Wars__L1.png;28613_Screenshot_20260327_083035_Hero_Wars__L1.png;HW_HERO_0018;Iris;ACCEPTED;0.980532;0.084345;Iris;0.999495804309845;HIGH;HW_HERO_0018;Iris;Iris;EXACT_ALIAS;1.0;iris;iris;CONFIRMED;HW_HERO_0018;Iris;0
28613;L;2;28613_Screenshot_20260327_083035_Hero_Wars__L2.png;28613_Screenshot_20260327_083035_Hero_Wars__L2.png;HW_HERO_0005;Cascade;ACCEPTED;0.925479;0.043328;Cascade;0.9998835257845947;HIGH;HW_HERO_0005;Cascade;Cascade;EXACT_ALIAS;1.0;cascade;cascade;CONFIRMED;HW_HERO_0005;Cascade;0
28613;L;3;28613_Screenshot_20260327_083035_Hero_Wars__L3.png;28613_Screenshot_20260327_083035_Hero_Wars__L3.png;HW_HERO_0037;Octavia;ACCEPTED;0.982048;0.090236;Octavia;0.9997949844270524;HIGH;HW_HERO_0037;Octavia;Octavia;EXACT_ALIAS;1.0;octavia;octavia;CONFIRMED;HW_HERO_0037;Octavia;0
28613;L;4;28613_Screenshot_20260327_083035_Hero_Wars__L4.png;28613_Screenshot_20260327_083035_Hero_Wars__L4.png;HW_HERO_0010;Dante;ACCEPTED;0.951122;0.05319;Dante;0.9999712114629891;HIGH;HW_HERO_0010;Dante;Dante;EXACT_ALIAS;1.0;dante;dante;CONFIRMED;HW_HERO_0010;Dante;0
28613;L;5;28613_Screenshot_20260327_083035_Hero_Wars__L5.png;28613_Screenshot_20260327_083035_Hero_Wars__L5.png;HW_HERO_0042;Polaris;ACCEPTED;0.981254;0.098578;Polaris;0.9994553169726489;HIGH;HW_HERO_0042;Polaris;Polaris;EXACT_ALIAS;1.0;polaris;polaris;CONFIRMED;HW_HERO_0042;Polaris;0
28613;R;1;28613_Screenshot_20260327_083035_Hero_Wars__R1.png;28613_Screenshot_20260327_083035_Hero_Wars__R1.png;HW_HERO_0018;Iris;ACCEPTED;0.981684;0.079935;Iris;0.802996892260527;MEDIUM;HW_HERO_0018;Iris;Iris;EXACT_ALIAS;1.0;iris;iris;CONFIRMED;HW_HERO_0018;Iris;0
28613;R;2;28613_Screenshot_20260327_083035_Hero_Wars__R2.png;28613_Screenshot_20260327_083035_Hero_Wars__R2.png;HW_HERO_0039;Oya;ACCEPTED;0.95697;0.084708;Oya;0.9997933886625265;HIGH;HW_HERO_0039;Oya;Oya;EXACT_ALIAS;1.0;oya;oya;CONFIRMED;HW_HERO_0039;Oya;0
28613;R;3;28613_Screenshot_20260327_083035_Hero_Wars__R3.png;28613_Screenshot_20260327_083035_Hero_Wars__R3.png;HW_HERO_0008;Corvus;ACCEPTED;0.931986;0.077905;Corvus;0.9998596908593568;HIGH;HW_HERO_0008;Corvus;Corvus;EXACT_ALIAS;1.0;corvus;corvus;CONFIRMED;HW_HERO_0008;Corvus;0
28613;R;4;28613_Screenshot_20260327_083035_Hero_Wars__R4.png;28613_Screenshot_20260327_083035_Hero_Wars__R4.png;HW_HERO_0017;Guus;ACCEPTED;0.970763;0.123031;Guus;0.9998431205749512;HIGH;HW_HERO_0017;Guus;Guus;EXACT_ALIAS;1.0;guus;guus;CONFIRMED;HW_HERO_0017;Guus;0
28613;R;5;28613_Screenshot_20260327_083035_Hero_Wars__R5.png;28613_Screenshot_20260327_083035_Hero_Wars__R5.png;HW_HERO_0048;Somna;ACCEPTED;0.97885;0.110442;Somna;0.9998822329403317;HIGH;HW_HERO_0048;Somna;Somna;EXACT_ALIAS;1.0;somna;somna;CONFIRMED;HW_HERO_0048;Somna;0
29098;L;1;29098_Screenshot_2026-03-31-17-44-09-593_com.nexters.herowars__L1.png;29098_Screenshot_2026-03-31-17-44-09-593_com.nexters.herowars__L1.png;HW_HERO_0026;Kayla;ACCEPTED;0.972843;0.092501;Kavla;0.9964360877763413;HIGH;HW_HERO_0026;Kayla;Kayla;VISUAL_ALIAS_ONE_EDIT_OCR;0.8;kavla;kayla;CONFIRMED;HW_HERO_0026;Kayla;0
29098;L;2;29098_Screenshot_2026-03-31-17-44-09-593_com.nexters.herowars__L2.png;29098_Screenshot_2026-03-31-17-44-09-593_com.nexters.herowars__L2.png;HW_HERO_0040;Peech;ACCEPTED;0.943261;0.066296;Peech;0.8767201031743426;HIGH;HW_HERO_0040;Peech;Peech;EXACT_ALIAS;1.0;peech;peech;CONFIRMED;HW_HERO_0040;Peech;0
29098;L;3;29098_Screenshot_2026-03-31-17-44-09-593_com.nexters.herowars__L3.png;29098_Screenshot_2026-03-31-17-44-09-593_com.nexters.herowars__L3.png;HW_HERO_0017;Guus;ACCEPTED;0.971876;0.144905;Guus;0.9998005628585815;HIGH;HW_HERO_0017;Guus;Guus;EXACT_ALIAS;1.0;guus;guus;CONFIRMED;HW_HERO_0017;Guus;0
29098;L;4;29098_Screenshot_2026-03-31-17-44-09-593_com.nexters.herowars__L4.png;29098_Screenshot_2026-03-31-17-44-09-593_com.nexters.herowars__L4.png;HW_HERO_0003;Astaroth;ACCEPTED;0.908231;0.121901;Astaroth;0.9999559561415442;HIGH;HW_HERO_0003;Astaroth;Astaroth;EXACT_ALIAS;1.0;astaroth;astaroth;CONFIRMED;HW_HERO_0003;Astaroth;0
29098;L;5;29098_Screenshot_2026-03-31-17-44-09-593_com.nexters.herowars__L5.png;29098_Screenshot_2026-03-31-17-44-09-593_com.nexters.herowars__L5.png;HW_HERO_0001;Aidan;ACCEPTED;0.973914;0.082989;Aidan;0.999959429459446;HIGH;HW_HERO_0001;Aidan;Aidan;EXACT_ALIAS;1.0;aidan;aidan;CONFIRMED;HW_HERO_0001;Aidan;0
29098;R;1;29098_Screenshot_2026-03-31-17-44-09-593_com.nexters.herowars__R1.png;29098_Screenshot_2026-03-31-17-44-09-593_com.nexters.herowars__R1.png;HW_HERO_0008;Corvus;ACCEPTED;0.947553;0.08929;Corvus;0.999809854012199;HIGH;HW_HERO_0008;Corvus;Corvus;EXACT_ALIAS;1.0;corvus;corvus;CONFIRMED;HW_HERO_0008;Corvus;0
29098;R;2;29098_Screenshot_2026-03-31-17-44-09-593_com.nexters.herowars__R2.png;29098_Screenshot_2026-03-31-17-44-09-593_com.nexters.herowars__R2.png;HW_HERO_0025;K'arkh;ACCEPTED;0.963055;0.143126;K'arkh;0.9138655384268571;HIGH;HW_HERO_0025;K'arkh;K'arkh;EXACT_ALIAS;1.0;k arkh;k arkh;CONFIRMED;HW_HERO_0025;K'arkh;0
29098;R;3;29098_Screenshot_2026-03-31-17-44-09-593_com.nexters.herowars__R3.png;29098_Screenshot_2026-03-31-17-44-09-593_com.nexters.herowars__R3.png;HW_HERO_0055;Morrigan;ACCEPTED;0.985231;0.103678;Morrigan;0.9670667315616216;HIGH;HW_HERO_0055;Morrigan;Morrigan;EXACT_ALIAS;1.0;morrigan;morrigan;CONFIRMED;HW_HERO_0055;Morrigan;0
29098;R;4;29098_Screenshot_2026-03-31-17-44-09-593_com.nexters.herowars__R4.png;29098_Screenshot_2026-03-31-17-44-09-593_com.nexters.herowars__R4.png;HW_HERO_0041;Phobos;ACCEPTED;0.975102;0.149523;Phobos;0.9999055363722323;HIGH;HW_HERO_0041;Phobos;Phobos;EXACT_ALIAS;1.0;phobos;phobos;CONFIRMED;HW_HERO_0041;Phobos;0
29098;R;5;29098_Screenshot_2026-03-31-17-44-09-593_com.nexters.herowars__R5.png;29098_Screenshot_2026-03-31-17-44-09-593_com.nexters.herowars__R5.png;HW_HERO_0013;Fafnir;ACCEPTED;0.940878;0.088542;Fafnir;0.999985545880889;HIGH;HW_HERO_0013;Fafnir;Fafnir;EXACT_ALIAS;1.0;fafnir;fafnir;CONFIRMED;HW_HERO_0013;Fafnir;0
29202;L;1;29202_IMG_6472__L1.png;29202_IMG_6472__L1.png;HW_HERO_0018;Iris;ACCEPTED;0.969402;0.069125;Iris;0.8418847376512805;MEDIUM;HW_HERO_0018;Iris;Iris;EXACT_ALIAS;1.0;iris;iris;CONFIRMED;HW_HERO_0018;Iris;0
29202;L;2;29202_IMG_6472__L2.png;29202_IMG_6472__L2.png;HW_HERO_0024;Julius;ACCEPTED;0.966137;0.120542;Julius;0.9999990266601202;HIGH;HW_HERO_0024;Julius;Julius;EXACT_ALIAS;1.0;julius;julius;CONFIRMED;HW_HERO_0024;Julius;0
29202;L;3;29202_IMG_6472__L3.png;29202_IMG_6472__L3.png;HW_HERO_0042;Polaris;ACCEPTED;0.954483;0.093327;Polaris;0.9999703974907987;HIGH;HW_HERO_0042;Polaris;Polaris;EXACT_ALIAS;1.0;polaris;polaris;CONFIRMED;HW_HERO_0042;Polaris;0
29202;L;4;29202_IMG_6472__L4.png;29202_IMG_6472__L4.png;HW_HERO_0047;Soleil;ACCEPTED;0.963122;0.098894;Soleil;0.9999305029974344;HIGH;HW_HERO_0047;Soleil;Soleil;EXACT_ALIAS;1.0;soleil;soleil;CONFIRMED;HW_HERO_0047;Soleil;0
29202;L;5;29202_IMG_6472__L5.png;29202_IMG_6472__L5.png;HW_HERO_0036;Nébula;ACCEPTED;0.965523;0.082195;Nébula;0.999931671023253;HIGH;HW_HERO_0036;Nébula;Nébula;EXACT_ALIAS;1.0;nebula;nebula;CONFIRMED;HW_HERO_0036;Nébula;0
29202;R;1;29202_IMG_6472__R1.png;29202_IMG_6472__R1.png;HW_HERO_0056;Isaac;ACCEPTED;0.992418;0.159196;Isaac;0.9999301609724933;HIGH;HW_HERO_0056;Isaac;Isaac;EXACT_ALIAS;1.0;isaac;isaac;CONFIRMED;HW_HERO_0056;Isaac;0
29202;R;2;29202_IMG_6472__R2.png;29202_IMG_6472__R2.png;HW_HERO_0024;Julius;ACCEPTED;0.971561;0.130041;Julius;0.9999990266601202;HIGH;HW_HERO_0024;Julius;Julius;EXACT_ALIAS;1.0;julius;julius;CONFIRMED;HW_HERO_0024;Julius;0
29202;R;3;29202_IMG_6472__R3.png;29202_IMG_6472__R3.png;HW_HERO_0023;Juge;ACCEPTED;0.988818;0.154821;Juge;0.9990836381912231;HIGH;HW_HERO_0023;Juge;Juge;EXACT_ALIAS;1.0;juge;juge;CONFIRMED;HW_HERO_0023;Juge;0
29202;R;4;29202_IMG_6472__R4.png;29202_IMG_6472__R4.png;HW_HERO_0016;Ginger;ACCEPTED;0.970412;0.067808;Ginger;0.9999110845232736;HIGH;HW_HERO_0016;Ginger;Ginger;EXACT_ALIAS;1.0;ginger;ginger;CONFIRMED;HW_HERO_0016;Ginger;0
29202;R;5;29202_IMG_6472__R5.png;29202_IMG_6472__R5.png;HW_HERO_0042;Polaris;ACCEPTED;0.959306;0.091645;Polaris;0.9999924754925171;HIGH;HW_HERO_0042;Polaris;Polaris;EXACT_ALIAS;1.0;polaris;polaris;CONFIRMED;HW_HERO_0042;Polaris;0
29633;L;1;29633_IMG_2377__L1.png;29633_IMG_2377__L1.png;HW_HERO_0039;Oya;ACCEPTED;0.933768;0.078848;Oya;0.9993552704234355;HIGH;HW_HERO_0039;Oya;Oya;EXACT_ALIAS;1.0;oya;oya;CONFIRMED;HW_HERO_0039;Oya;0
29633;L;2;29633_IMG_2377__L2.png;29633_IMG_2377__L2.png;HW_HERO_0026;Kayla;ACCEPTED;0.978617;0.084602;Kayla;0.9868919111696455;HIGH;HW_HERO_0026;Kayla;Kayla;EXACT_ALIAS;1.0;kayla;kayla;CONFIRMED;HW_HERO_0026;Kayla;0
29633;L;3;29633_IMG_2377__L3.png;29633_IMG_2377__L3.png;HW_HERO_0050;Tristan;ACCEPTED;0.958795;0.091275;Tristan;0.999987158763633;HIGH;HW_HERO_0050;Tristan;Tristan;EXACT_ALIAS;1.0;tristan;tristan;CONFIRMED;HW_HERO_0050;Tristan;0
29633;L;4;29633_IMG_2377__L4.png;29633_IMG_2377__L4.png;HW_HERO_0003;Astaroth;ACCEPTED;0.960998;0.195464;Astaroth;0.9999848692339695;HIGH;HW_HERO_0003;Astaroth;Astaroth;EXACT_ALIAS;1.0;astaroth;astaroth;CONFIRMED;HW_HERO_0003;Astaroth;0
29633;L;5;29633_IMG_2377__L5.png;29633_IMG_2377__L5.png;HW_HERO_0001;Aidan;ACCEPTED;0.966719;0.087902;Aidan;0.9999751032524145;HIGH;HW_HERO_0001;Aidan;Aidan;EXACT_ALIAS;1.0;aidan;aidan;CONFIRMED;HW_HERO_0001;Aidan;0
29633;R;1;29633_IMG_2377__R1.png;29633_IMG_2377__R1.png;HW_HERO_0026;Kayla;ACCEPTED;0.942876;0.061862;Kayla;0.9960915399638157;HIGH;HW_HERO_0026;Kayla;Kayla;EXACT_ALIAS;1.0;kayla;kayla;CONFIRMED;HW_HERO_0026;Kayla;0
29633;R;2;29633_IMG_2377__R2.png;29633_IMG_2377__R2.png;HW_HERO_0042;Polaris;ACCEPTED;0.963295;0.102652;Polaris;0.9999779220519206;HIGH;HW_HERO_0042;Polaris;Polaris;EXACT_ALIAS;1.0;polaris;polaris;CONFIRMED;HW_HERO_0042;Polaris;0
29633;R;3;29633_IMG_2377__R3.png;29633_IMG_2377__R3.png;HW_HERO_0047;Soleil;ACCEPTED;0.961356;0.100534;Soleil;0.9999115712028596;HIGH;HW_HERO_0047;Soleil;Soleil;EXACT_ALIAS;1.0;soleil;soleil;CONFIRMED;HW_HERO_0047;Soleil;0
29633;R;4;29633_IMG_2377__R4.png;29633_IMG_2377__R4.png;HW_HERO_0017;Guus;ACCEPTED;0.955017;0.13998;Guus;0.941247379205628;HIGH;HW_HERO_0017;Guus;Guus;EXACT_ALIAS;1.0;guus;guus;CONFIRMED;HW_HERO_0017;Guus;0
29633;R;5;29633_IMG_2377__R5.png;29633_IMG_2377__R5.png;HW_HERO_0001;Aidan;ACCEPTED;0.965029;0.088103;Aidan;0.9999736638236574;HIGH;HW_HERO_0001;Aidan;Aidan;EXACT_ALIAS;1.0;aidan;aidan;CONFIRMED;HW_HERO_0001;Aidan;0
29714;L;1;29714_IMG_2235__L1.png;29714_IMG_2235__L1.png;HW_HERO_0026;Kayla;ACCEPTED;0.979641;0.087174;Kavla;0.95967281554068;HIGH;HW_HERO_0026;Kayla;Kayla;VISUAL_ALIAS_ONE_EDIT_OCR;0.8;kavla;kayla;CONFIRMED;HW_HERO_0026;Kayla;0
29714;L;2;29714_IMG_2235__L2.png;29714_IMG_2235__L2.png;HW_HERO_0050;Tristan;ACCEPTED;0.958441;0.092799;Tristan;0.7654254934799251;MEDIUM;HW_HERO_0050;Tristan;Tristan;EXACT_ALIAS;1.0;tristan;tristan;CONFIRMED;HW_HERO_0050;Tristan;0
29714;L;3;29714_IMG_2235__L3.png;29714_IMG_2235__L3.png;HW_HERO_0039;Oya;ACCEPTED;0.929224;0.0737;Oya;0.9995606996648013;HIGH;HW_HERO_0039;Oya;Oya;EXACT_ALIAS;1.0;oya;oya;CONFIRMED;HW_HERO_0039;Oya;0
29714;L;4;29714_IMG_2235__L4.png;29714_IMG_2235__L4.png;HW_HERO_0003;Astaroth;ACCEPTED;0.96049;0.193889;Astaroth;0.6953725822598339;MEDIUM;HW_HERO_0003;Astaroth;Astaroth;EXACT_ALIAS;1.0;astaroth;astaroth;CONFIRMED;HW_HERO_0003;Astaroth;0
29714;L;5;29714_IMG_2235__L5.png;29714_IMG_2235__L5.png;HW_HERO_0001;Aidan;ACCEPTED;0.969002;0.086889;Aidan;0.9055650976081665;HIGH;HW_HERO_0001;Aidan;Aidan;EXACT_ALIAS;1.0;aidan;aidan;CONFIRMED;HW_HERO_0001;Aidan;0
29714;R;1;29714_IMG_2235__R1.png;29714_IMG_2235__R1.png;HW_HERO_0052;Yasmine;ACCEPTED;0.975528;0.101514;Yasmine;0.7746996821497975;MEDIUM;HW_HERO_0052;Yasmine;Yasmine;EXACT_ALIAS;1.0;yasmine;yasmine;CONFIRMED;HW_HERO_0052;Yasmine;0
29714;R;2;29714_IMG_2235__R2.png;29714_IMG_2235__R2.png;HW_HERO_0010;Dante;ACCEPTED;0.975896;0.081638;Dante;0.9999696120969535;HIGH;HW_HERO_0010;Dante;Dante;EXACT_ALIAS;1.0;dante;dante;CONFIRMED;HW_HERO_0010;Dante;0
29714;R;3;29714_IMG_2235__R3.png;29714_IMG_2235__R3.png;HW_HERO_0039;Oya;ACCEPTED;0.923814;0.065174;Oya;0.9996247039007676;HIGH;HW_HERO_0039;Oya;Oya;EXACT_ALIAS;1.0;oya;oya;CONFIRMED;HW_HERO_0039;Oya;0
29714;R;4;29714_IMG_2235__R4.png;29714_IMG_2235__R4.png;HW_HERO_0037;Octavia;ACCEPTED;0.958674;0.080011;Octavia;0.7824770367283432;MEDIUM;HW_HERO_0037;Octavia;Octavia;EXACT_ALIAS;1.0;octavia;octavia;CONFIRMED;HW_HERO_0037;Octavia;0
29714;R;5;29714_IMG_2235__R5.png;29714_IMG_2235__R5.png;HW_HERO_0036;Nébula;ACCEPTED;0.974601;0.098848;Nébula;0.9998725879993774;HIGH;HW_HERO_0036;Nébula;Nébula;EXACT_ALIAS;1.0;nebula;nebula;CONFIRMED;HW_HERO_0036;Nébula;0
29803;L;1;29803_Screenshot_20260401_153856_Hero_Wars__L1.png;29803_Screenshot_20260401_153856_Hero_Wars__L1.png;HW_HERO_0018;Iris;ACCEPTED;0.970726;0.069557;Iris;0.9895023107528687;HIGH;HW_HERO_0018;Iris;Iris;EXACT_ALIAS;1.0;iris;iris;CONFIRMED;HW_HERO_0018;Iris;0
29803;L;2;29803_Screenshot_20260401_153856_Hero_Wars__L2.png;29803_Screenshot_20260401_153856_Hero_Wars__L2.png;HW_HERO_0047;Soleil;ACCEPTED;0.955206;0.08437;Soleil;0.998940928918624;HIGH;HW_HERO_0047;Soleil;Soleil;EXACT_ALIAS;1.0;soleil;soleil;CONFIRMED;HW_HERO_0047;Soleil;0
29803;L;3;29803_Screenshot_20260401_153856_Hero_Wars__L3.png;29803_Screenshot_20260401_153856_Hero_Wars__L3.png;HW_HERO_0049;Tempus;ACCEPTED;0.972803;0.119824;Tempus;0.998493793668838;HIGH;HW_HERO_0049;Tempus;Tempus;EXACT_ALIAS;1.0;tempus;tempus;CONFIRMED;HW_HERO_0049;Tempus;0
29803;L;4;29803_Screenshot_20260401_153856_Hero_Wars__L4.png;29803_Screenshot_20260401_153856_Hero_Wars__L4.png;HW_HERO_0012;Electra von Grave;ACCEPTED;0.96921;0.084685;Electra von Grave;0.7780398243731854;MEDIUM;HW_HERO_0012;Electra von Grave;Electra von Grave;EXACT_ALIAS;1.0;electra von grave;electra von grave;CONFIRMED;HW_HERO_0012;Electra von Grave;0
29803;L;5;29803_Screenshot_20260401_153856_Hero_Wars__L5.png;29803_Screenshot_20260401_153856_Hero_Wars__L5.png;HW_HERO_0014;Folio;ACCEPTED;0.978023;0.126344;Folio;0.9999856057437227;HIGH;HW_HERO_0014;Folio;Folio;EXACT_ALIAS;1.0;folio;folio;CONFIRMED;HW_HERO_0014;Folio;0
29803;R;1;29803_Screenshot_20260401_153856_Hero_Wars__R1.png;29803_Screenshot_20260401_153856_Hero_Wars__R1.png;HW_HERO_0014;Folio;ACCEPTED;0.960542;0.115438;Folio;0.4957598791802814;LOW;HW_HERO_0014;Folio;Folio;EXACT_ALIAS;1.0;folio;folio;CONFIRMED;HW_HERO_0014;Folio;0
29803;R;2;29803_Screenshot_20260401_153856_Hero_Wars__R2.png;29803_Screenshot_20260401_153856_Hero_Wars__R2.png;HW_HERO_0024;Julius;ACCEPTED;0.968291;0.148419;Julius;0.9998893785596086;HIGH;HW_HERO_0024;Julius;Julius;EXACT_ALIAS;1.0;julius;julius;CONFIRMED;HW_HERO_0024;Julius;0
29803;R;3;29803_Screenshot_20260401_153856_Hero_Wars__R3.png;29803_Screenshot_20260401_153856_Hero_Wars__R3.png;HW_HERO_0042;Polaris;ACCEPTED;0.979099;0.109931;Polaris;0.9999783726238628;HIGH;HW_HERO_0042;Polaris;Polaris;EXACT_ALIAS;1.0;polaris;polaris;CONFIRMED;HW_HERO_0042;Polaris;0
29803;R;4;29803_Screenshot_20260401_153856_Hero_Wars__R4.png;29803_Screenshot_20260401_153856_Hero_Wars__R4.png;HW_HERO_0026;Kayla;ACCEPTED;0.980156;0.099111;Kavla;0.9999586297753538;HIGH;HW_HERO_0026;Kayla;Kayla;VISUAL_ALIAS_ONE_EDIT_OCR;0.8;kavla;kayla;CONFIRMED;HW_HERO_0026;Kayla;0
29803;R;5;29803_Screenshot_20260401_153856_Hero_Wars__R5.png;29803_Screenshot_20260401_153856_Hero_Wars__R5.png;HW_HERO_0001;Aidan;ACCEPTED;0.979068;0.097368;Aidan;0.99996550705608;HIGH;HW_HERO_0001;Aidan;Aidan;EXACT_ALIAS;1.0;aidan;aidan;CONFIRMED;HW_HERO_0001;Aidan;0
30431;L;1;30431_Screenshot_20260326_231726_Hero_Wars__L1.png;30431_Screenshot_20260326_231726_Hero_Wars__L1.png;HW_HERO_0018;Iris;ACCEPTED;0.978175;0.071356;Iris;0.9992638826370239;HIGH;HW_HERO_0018;Iris;Iris;EXACT_ALIAS;1.0;iris;iris;CONFIRMED;HW_HERO_0018;Iris;0
30431;L;2;30431_Screenshot_20260326_231726_Hero_Wars__L2.png;30431_Screenshot_20260326_231726_Hero_Wars__L2.png;HW_HERO_0042;Polaris;ACCEPTED;0.970732;0.100318;Polaris;0.9999877445053981;HIGH;HW_HERO_0042;Polaris;Polaris;EXACT_ALIAS;1.0;polaris;polaris;CONFIRMED;HW_HERO_0042;Polaris;0
30431;L;3;30431_Screenshot_20260326_231726_Hero_Wars__L3.png;30431_Screenshot_20260326_231726_Hero_Wars__L3.png;HW_HERO_0047;Soleil;ACCEPTED;0.957408;0.092489;Soleil;0.9999682203429097;HIGH;HW_HERO_0047;Soleil;Soleil;EXACT_ALIAS;1.0;soleil;soleil;CONFIRMED;HW_HERO_0047;Soleil;0
30431;L;4;30431_Screenshot_20260326_231726_Hero_Wars__L4.png;30431_Screenshot_20260326_231726_Hero_Wars__L4.png;HW_HERO_0012;Electra von Grave;ACCEPTED;0.97325;0.07826;Electra von Grave;0.7250295651484294;MEDIUM;HW_HERO_0012;Electra von Grave;Electra von Grave;EXACT_ALIAS;1.0;electra von grave;electra von grave;CONFIRMED;HW_HERO_0012;Electra von Grave;0
30431;L;5;30431_Screenshot_20260326_231726_Hero_Wars__L5.png;30431_Screenshot_20260326_231726_Hero_Wars__L5.png;HW_HERO_0036;Nébula;ACCEPTED;0.969582;0.078215;Nébula;0.9998800342556476;HIGH;HW_HERO_0036;Nébula;Nébula;EXACT_ALIAS;1.0;nebula;nebula;CONFIRMED;HW_HERO_0036;Nébula;0
30431;R;1;30431_Screenshot_20260326_231726_Hero_Wars__R1.png;30431_Screenshot_20260326_231726_Hero_Wars__R1.png;HW_HERO_0004;Byrna;ACCEPTED;0.977939;0.116576;Byrna;0.5739960092311072;LOW;HW_HERO_0004;Byrna;Byrna;EXACT_ALIAS;1.0;byrna;byrna;CONFIRMED;HW_HERO_0004;Byrna;0
30431;R;2;30431_Screenshot_20260326_231726_Hero_Wars__R2.png;30431_Screenshot_20260326_231726_Hero_Wars__R2.png;HW_HERO_0045;Satori;ACCEPTED;0.972489;0.076598;Satori;0.9999603362274488;HIGH;HW_HERO_0045;Satori;Satori;EXACT_ALIAS;1.0;satori;satori;CONFIRMED;HW_HERO_0045;Satori;0
30431;R;3;30431_Screenshot_20260326_231726_Hero_Wars__R3.png;30431_Screenshot_20260326_231726_Hero_Wars__R3.png;HW_HERO_0049;Tempus;ACCEPTED;0.972329;0.11697;Tempus;0.9999542041279876;HIGH;HW_HERO_0049;Tempus;Tempus;EXACT_ALIAS;1.0;tempus;tempus;CONFIRMED;HW_HERO_0049;Tempus;0
30431;R;4;30431_Screenshot_20260326_231726_Hero_Wars__R4.png;30431_Screenshot_20260326_231726_Hero_Wars__R4.png;HW_HERO_0014;Folio;ACCEPTED;0.972611;0.109069;Folio;0.9999902438956381;HIGH;HW_HERO_0014;Folio;Folio;EXACT_ALIAS;1.0;folio;folio;CONFIRMED;HW_HERO_0014;Folio;0
30431;R;5;30431_Screenshot_20260326_231726_Hero_Wars__R5.png;30431_Screenshot_20260326_231726_Hero_Wars__R5.png;HW_HERO_0042;Polaris;ACCEPTED;0.981112;0.096605;Polaris;0.9999898171292159;HIGH;HW_HERO_0042;Polaris;Polaris;EXACT_ALIAS;1.0;polaris;polaris;CONFIRMED;HW_HERO_0042;Polaris;0
30497;L;1;30497_Screenshot_20260413_214110_Hero_Wars__L1.png;30497_Screenshot_20260413_214110_Hero_Wars__L1.png;HW_HERO_0014;Folio;ACCEPTED;0.954792;0.112297;Folio;0.9931884589748116;HIGH;HW_HERO_0014;Folio;Folio;EXACT_ALIAS;1.0;folio;folio;CONFIRMED;HW_HERO_0014;Folio;0
30497;L;2;30497_Screenshot_20260413_214110_Hero_Wars__L2.png;30497_Screenshot_20260413_214110_Hero_Wars__L2.png;HW_HERO_0034;Miu;ACCEPTED;0.935026;0.038256;Miu;0.9999721945435649;HIGH;HW_HERO_0034;Miu;Miu;EXACT_ALIAS;1.0;miu;miu;CONFIRMED;HW_HERO_0034;Miu;0
30497;L;3;30497_Screenshot_20260413_214110_Hero_Wars__L3.png;30497_Screenshot_20260413_214110_Hero_Wars__L3.png;HW_HERO_0004;Byrna;ACCEPTED;0.969175;0.115078;Byrna;0.9979697950073808;HIGH;HW_HERO_0004;Byrna;Byrna;EXACT_ALIAS;1.0;byrna;byrna;CONFIRMED;HW_HERO_0004;Byrna;0
30497;L;4;30497_Screenshot_20260413_214110_Hero_Wars__L4.png;30497_Screenshot_20260413_214110_Hero_Wars__L4.png;HW_HERO_0012;Electra von Grave;ACCEPTED;0.943483;0.099435;Electra von Grave;0.7619003534094513;MEDIUM;HW_HERO_0012;Electra von Grave;Electra von Grave;EXACT_ALIAS;1.0;electra von grave;electra von grave;CONFIRMED;HW_HERO_0012;Electra von Grave;0
30497;L;5;30497_Screenshot_20260413_214110_Hero_Wars__L5.png;30497_Screenshot_20260413_214110_Hero_Wars__L5.png;HW_HERO_0048;Somna;ACCEPTED;0.971143;0.12408;Somna;0.999912781094503;HIGH;HW_HERO_0048;Somna;Somna;EXACT_ALIAS;1.0;somna;somna;CONFIRMED;HW_HERO_0048;Somna;0
30497;R;1;30497_Screenshot_20260413_214110_Hero_Wars__R1.png;30497_Screenshot_20260413_214110_Hero_Wars__R1.png;HW_HERO_0052;Yasmine;ACCEPTED;0.960456;0.074381;Yasmine;0.9962616708566526;HIGH;HW_HERO_0052;Yasmine;Yasmine;EXACT_ALIAS;1.0;yasmine;yasmine;CONFIRMED;HW_HERO_0052;Yasmine;0
30497;R;2;30497_Screenshot_20260413_214110_Hero_Wars__R2.png;30497_Screenshot_20260413_214110_Hero_Wars__R2.png;HW_HERO_0061;Lara Croft;ACCEPTED;0.969486;0.073017;Lara Croft;0.9971081878647785;HIGH;HW_HERO_0061;Lara Croft;Lara Croft;EXACT_ALIAS;1.0;lara croft;lara croft;CONFIRMED;HW_HERO_0061;Lara Croft;0
30497;R;3;30497_Screenshot_20260413_214110_Hero_Wars__R3.png;30497_Screenshot_20260413_214110_Hero_Wars__R3.png;HW_HERO_0046;Sébastien;ACCEPTED;0.926738;0.070726;Sébastien;0.9995420249431144;HIGH;HW_HERO_0046;Sébastien;Sébastien;EXACT_ALIAS;1.0;sebastien;sebastien;CONFIRMED;HW_HERO_0046;Sébastien;0
30497;R;4;30497_Screenshot_20260413_214110_Hero_Wars__R4.png;30497_Screenshot_20260413_214110_Hero_Wars__R4.png;HW_HERO_0010;Dante;ACCEPTED;0.942616;0.069987;Dante;0.9999769691782173;HIGH;HW_HERO_0010;Dante;Dante;EXACT_ALIAS;1.0;dante;dante;CONFIRMED;HW_HERO_0010;Dante;0
30497;R;5;30497_Screenshot_20260413_214110_Hero_Wars__R5.png;30497_Screenshot_20260413_214110_Hero_Wars__R5.png;HW_HERO_0037;Octavia;ACCEPTED;0.954456;0.079782;Octavia;0.9801273728798312;HIGH;HW_HERO_0037;Octavia;Octavia;EXACT_ALIAS;1.0;octavia;octavia;CONFIRMED;HW_HERO_0037;Octavia;0
30551;L;1;30551_IMG_1322__L1.png;30551_IMG_1322__L1.png;HW_HERO_0014;Folio;ACCEPTED;0.971366;0.138021;Folio;0.9999920565060416;HIGH;HW_HERO_0014;Folio;Folio;EXACT_ALIAS;1.0;folio;folio;CONFIRMED;HW_HERO_0014;Folio;0
30551;L;2;30551_IMG_1322__L2.png;30551_IMG_1322__L2.png;HW_HERO_0018;Iris;ACCEPTED;0.967065;0.070458;Iris;0.9994691610336304;HIGH;HW_HERO_0018;Iris;Iris;EXACT_ALIAS;1.0;iris;iris;CONFIRMED;HW_HERO_0018;Iris;0
30551;L;3;30551_IMG_1322__L3.png;30551_IMG_1322__L3.png;HW_HERO_0023;Juge;ACCEPTED;0.990735;0.157433;Judge;0.9334183707322561;HIGH;HW_HERO_0023;Juge;Judge;EXACT_ALIAS;1.0;judge;judge;CONFIRMED;HW_HERO_0023;Juge;0
30551;L;4;30551_IMG_1322__L4.png;30551_IMG_1322__L4.png;HW_HERO_0042;Polaris;ACCEPTED;0.96667;0.094596;Polaris;0.9999848608525616;HIGH;HW_HERO_0042;Polaris;Polaris;EXACT_ALIAS;1.0;polaris;polaris;CONFIRMED;HW_HERO_0042;Polaris;0
30551;L;5;30551_IMG_1322__L5.png;30551_IMG_1322__L5.png;HW_HERO_0024;Julius;ACCEPTED;0.963275;0.132868;Julius;0.9999979073189952;HIGH;HW_HERO_0024;Julius;Julius;EXACT_ALIAS;1.0;julius;julius;CONFIRMED;HW_HERO_0024;Julius;0
30551;R;1;30551_IMG_1322__R1.png;30551_IMG_1322__R1.png;HW_HERO_0045;Satori;ACCEPTED;0.97282;0.066848;Satori;0.999978683807904;HIGH;HW_HERO_0045;Satori;Satori;EXACT_ALIAS;1.0;satori;satori;CONFIRMED;HW_HERO_0045;Satori;0
30551;R;2;30551_IMG_1322__R2.png;30551_IMG_1322__R2.png;HW_HERO_0027;Keira;ACCEPTED;0.966695;0.076887;Keira;0.9999924296904881;HIGH;HW_HERO_0027;Keira;Keira;EXACT_ALIAS;1.0;keira;keira;CONFIRMED;HW_HERO_0027;Keira;0
30551;R;3;30551_IMG_1322__R3.png;30551_IMG_1322__R3.png;HW_HERO_0003;Astaroth;ACCEPTED;0.962444;0.178477;Astaroth;0.9999786736004578;HIGH;HW_HERO_0003;Astaroth;Astaroth;EXACT_ALIAS;1.0;astaroth;astaroth;CONFIRMED;HW_HERO_0003;Astaroth;0
30551;R;4;30551_IMG_1322__R4.png;30551_IMG_1322__R4.png;HW_HERO_0011;Dorian;ACCEPTED;0.951082;0.08744;Dorian;0.9999187253866282;HIGH;HW_HERO_0011;Dorian;Dorian;EXACT_ALIAS;1.0;dorian;dorian;CONFIRMED;HW_HERO_0011;Dorian;0
30551;R;5;30551_IMG_1322__R5.png;30551_IMG_1322__R5.png;HW_HERO_0024;Julius;ACCEPTED;0.959155;0.114027;Julius;0.9999987346581148;HIGH;HW_HERO_0024;Julius;Julius;EXACT_ALIAS;1.0;julius;julius;CONFIRMED;HW_HERO_0024;Julius;0
30614;L;1;30614_Screenshot_20260408-065738__L1.png;30614_Screenshot_20260408-065738__L1.png;HW_HERO_0018;Iris;ACCEPTED;0.958808;0.06257;Iris;0.6069804677392855;MEDIUM;HW_HERO_0018;Iris;Iris;EXACT_ALIAS;1.0;iris;iris;CONFIRMED;HW_HERO_0018;Iris;0
30614;L;2;30614_Screenshot_20260408-065738__L2.png;30614_Screenshot_20260408-065738__L2.png;HW_HERO_0014;Folio;ACCEPTED;0.955111;0.122452;Folio;0.9999795281615074;HIGH;HW_HERO_0014;Folio;Folio;EXACT_ALIAS;1.0;folio;folio;CONFIRMED;HW_HERO_0014;Folio;0
30614;L;3;30614_Screenshot_20260408-065738__L3.png;30614_Screenshot_20260408-065738__L3.png;HW_HERO_0010;Dante;ACCEPTED;0.964038;0.092631;Dante;0.999960389080257;HIGH;HW_HERO_0010;Dante;Dante;EXACT_ALIAS;1.0;dante;dante;CONFIRMED;HW_HERO_0010;Dante;0
30614;L;4;30614_Screenshot_20260408-065738__L4.png;30614_Screenshot_20260408-065738__L4.png;HW_HERO_0012;Electra von Grave;ACCEPTED;0.955235;0.074946;Electra von Grave;0.9528844840689916;HIGH;HW_HERO_0012;Electra von Grave;Electra von Grave;EXACT_ALIAS;1.0;electra von grave;electra von grave;CONFIRMED;HW_HERO_0012;Electra von Grave;0
30614;L;5;30614_Screenshot_20260408-065738__L5.png;30614_Screenshot_20260408-065738__L5.png;HW_HERO_0048;Somna;ACCEPTED;0.926547;0.098862;Somna;0.9999238701005282;HIGH;HW_HERO_0048;Somna;Somna;EXACT_ALIAS;1.0;somna;somna;CONFIRMED;HW_HERO_0048;Somna;0
30614;R;1;30614_Screenshot_20260408-065738__R1.png;30614_Screenshot_20260408-065738__R1.png;HW_HERO_0026;Kayla;ACCEPTED;0.961895;0.074348;Kavla;0.9999403969575704;HIGH;HW_HERO_0026;Kayla;Kayla;VISUAL_ALIAS_ONE_EDIT_OCR;0.8;kavla;kayla;CONFIRMED;HW_HERO_0026;Kayla;0
30614;R;2;30614_Screenshot_20260408-065738__R2.png;30614_Screenshot_20260408-065738__R2.png;HW_HERO_0039;Oya;ACCEPTED;0.936554;0.050451;Ova;0.99993124362679;HIGH;HW_HERO_0039;Oya;Oya;VISUAL_ALIAS_ONE_EDIT_OCR;0.6666666666666667;ova;oya;CONFIRMED;HW_HERO_0039;Oya;0
30614;R;3;30614_Screenshot_20260408-065738__R3.png;30614_Screenshot_20260408-065738__R3.png;HW_HERO_0048;Somna;ACCEPTED;0.917636;0.084985;Somna;0.9998917759183004;HIGH;HW_HERO_0048;Somna;Somna;EXACT_ALIAS;1.0;somna;somna;CONFIRMED;HW_HERO_0048;Somna;0
30614;R;4;30614_Screenshot_20260408-065738__R4.png;30614_Screenshot_20260408-065738__R4.png;HW_HERO_0003;Astaroth;ACCEPTED;0.96317;0.180721;Astaroth;0.9999809916964904;HIGH;HW_HERO_0003;Astaroth;Astaroth;EXACT_ALIAS;1.0;astaroth;astaroth;CONFIRMED;HW_HERO_0003;Astaroth;0
30614;R;5;30614_Screenshot_20260408-065738__R5.png;30614_Screenshot_20260408-065738__R5.png;HW_HERO_0001;Aidan;ACCEPTED;0.970264;0.089796;Aidan;0.999933253094289;HIGH;HW_HERO_0001;Aidan;Aidan;EXACT_ALIAS;1.0;aidan;aidan;CONFIRMED;HW_HERO_0001;Aidan;0
30779;L;1;30779_Screenshot_20260416-001625__L1.png;30779_Screenshot_20260416-001625__L1.png;HW_HERO_0026;Kayla;ACCEPTED;0.956169;0.066398;Kavla;0.9993266958026272;HIGH;HW_HERO_0026;Kayla;Kayla;VISUAL_ALIAS_ONE_EDIT_OCR;0.8;kavla;kayla;CONFIRMED;HW_HERO_0026;Kayla;0
30779;L;2;30779_Screenshot_20260416-001625__L2.png;30779_Screenshot_20260416-001625__L2.png;HW_HERO_0008;Corvus;ACCEPTED;0.969245;0.1112;Corvus;0.8021086874907821;MEDIUM;HW_HERO_0008;Corvus;Corvus;EXACT_ALIAS;1.0;corvus;corvus;CONFIRMED;HW_HERO_0008;Corvus;0
30779;L;3;30779_Screenshot_20260416-001625__L3.png;30779_Screenshot_20260416-001625__L3.png;HW_HERO_0012;Electra von Grave;ACCEPTED;0.952745;0.079024;Electra von Grave;0.7311898504996093;MEDIUM;HW_HERO_0012;Electra von Grave;Electra von Grave;EXACT_ALIAS;1.0;electra von grave;electra von grave;CONFIRMED;HW_HERO_0012;Electra von Grave;0
30779;L;4;30779_Screenshot_20260416-001625__L4.png;30779_Screenshot_20260416-001625__L4.png;HW_HERO_0001;Aidan;ACCEPTED;0.971144;0.086387;Aidan;0.9999545247291588;HIGH;HW_HERO_0001;Aidan;Aidan;EXACT_ALIAS;1.0;aidan;aidan;CONFIRMED;HW_HERO_0001;Aidan;0
30779;L;5;30779_Screenshot_20260416-001625__L5.png;30779_Screenshot_20260416-001625__L5.png;HW_HERO_0037;Octavia;ACCEPTED;0.956873;0.087415;Octavia;0.9999201581860527;HIGH;HW_HERO_0037;Octavia;Octavia;EXACT_ALIAS;1.0;octavia;octavia;CONFIRMED;HW_HERO_0037;Octavia;0
30779;R;1;30779_Screenshot_20260416-001625__R1.png;30779_Screenshot_20260416-001625__R1.png;HW_HERO_0052;Yasmine;ACCEPTED;0.970429;0.082221;Yasmine;0.9999947283409861;HIGH;HW_HERO_0052;Yasmine;Yasmine;EXACT_ALIAS;1.0;yasmine;yasmine;CONFIRMED;HW_HERO_0052;Yasmine;0
30779;R;2;30779_Screenshot_20260416-001625__R2.png;30779_Screenshot_20260416-001625__R2.png;HW_HERO_0014;Folio;ACCEPTED;0.958073;0.123344;Folio;0.9999799546586472;HIGH;HW_HERO_0014;Folio;Folio;EXACT_ALIAS;1.0;folio;folio;CONFIRMED;HW_HERO_0014;Folio;0
30779;R;3;30779_Screenshot_20260416-001625__R3.png;30779_Screenshot_20260416-001625__R3.png;HW_HERO_0042;Polaris;ACCEPTED;0.958854;0.090104;Polaris;0.9999917095236643;HIGH;HW_HERO_0042;Polaris;Polaris;EXACT_ALIAS;1.0;polaris;polaris;CONFIRMED;HW_HERO_0042;Polaris;0
30779;R;4;30779_Screenshot_20260416-001625__R4.png;30779_Screenshot_20260416-001625__R4.png;HW_HERO_0037;Octavia;ACCEPTED;0.95772;0.090014;Octavia;0.9998919066674367;HIGH;HW_HERO_0037;Octavia;Octavia;EXACT_ALIAS;1.0;octavia;octavia;CONFIRMED;HW_HERO_0037;Octavia;0
30779;R;5;30779_Screenshot_20260416-001625__R5.png;30779_Screenshot_20260416-001625__R5.png;HW_HERO_0039;Oya;ACCEPTED;0.935981;0.082202;Oya;0.9966537662115124;HIGH;HW_HERO_0039;Oya;Oya;EXACT_ALIAS;1.0;oya;oya;CONFIRMED;HW_HERO_0039;Oya;0
30831;L;1;30831_Screenshot_20260417_170713_com_nexters_herowars_MessagingUnityPlayerActivity__L1.png;30831_Screenshot_20260417_170713_com_nexters_herowars_MessagingUnityPlayerActivity__L1.png;HW_HERO_0052;Yasmine;ACCEPTED;0.972379;0.085312;Yasmine;0.9999938722587609;HIGH;HW_HERO_0052;Yasmine;Yasmine;EXACT_ALIAS;1.0;yasmine;yasmine;CONFIRMED;HW_HERO_0052;Yasmine;0
30831;L;2;30831_Screenshot_20260417_170713_com_nexters_herowars_MessagingUnityPlayerActivity__L2.png;30831_Screenshot_20260417_170713_com_nexters_herowars_MessagingUnityPlayerActivity__L2.png;HW_HERO_0056;Isaac;ACCEPTED;0.973726;0.13201;Isaac;0.999909422402314;HIGH;HW_HERO_0056;Isaac;Isaac;EXACT_ALIAS;1.0;isaac;isaac;CONFIRMED;HW_HERO_0056;Isaac;0
30831;L;3;30831_Screenshot_20260417_170713_com_nexters_herowars_MessagingUnityPlayerActivity__L3.png;30831_Screenshot_20260417_170713_com_nexters_herowars_MessagingUnityPlayerActivity__L3.png;HW_HERO_0024;Julius;ACCEPTED;0.970701;0.140012;Julius;0.999998247988063;HIGH;HW_HERO_0024;Julius;Julius;EXACT_ALIAS;1.0;julius;julius;CONFIRMED;HW_HERO_0024;Julius;0
30831;L;4;30831_Screenshot_20260417_170713_com_nexters_herowars_MessagingUnityPlayerActivity__L4.png;30831_Screenshot_20260417_170713_com_nexters_herowars_MessagingUnityPlayerActivity__L4.png;HW_HERO_0046;Sébastien;ACCEPTED;0.933387;0.060028;Sébastien;0.9187927800507654;HIGH;HW_HERO_0046;Sébastien;Sébastien;EXACT_ALIAS;1.0;sebastien;sebastien;CONFIRMED;HW_HERO_0046;Sébastien;0
30831;L;5;30831_Screenshot_20260417_170713_com_nexters_herowars_MessagingUnityPlayerActivity__L5.png;30831_Screenshot_20260417_170713_com_nexters_herowars_MessagingUnityPlayerActivity__L5.png;HW_HERO_0023;Juge;ACCEPTED;0.987462;0.146038;Juge;0.9998717308044434;HIGH;HW_HERO_0023;Juge;Juge;EXACT_ALIAS;1.0;juge;juge;CONFIRMED;HW_HERO_0023;Juge;0
30831;R;1;30831_Screenshot_20260417_170713_com_nexters_herowars_MessagingUnityPlayerActivity__R1.png;30831_Screenshot_20260417_170713_com_nexters_herowars_MessagingUnityPlayerActivity__R1.png;HW_HERO_0051;Xe'Sha;ACCEPTED;0.977504;0.105081;Xe'Sha;0.996065187037046;HIGH;HW_HERO_0051;Xe'Sha;Xe'Sha;EXACT_ALIAS;1.0;xe sha;xe sha;CONFIRMED;HW_HERO_0051;Xe'Sha;0
30831;R;2;30831_Screenshot_20260417_170713_com_nexters_herowars_MessagingUnityPlayerActivity__R2.png;30831_Screenshot_20260417_170713_com_nexters_herowars_MessagingUnityPlayerActivity__R2.png;HW_HERO_0003;Astaroth;REVIEW;0.899178;0.099159;Astaroth;0.9999766505330103;HIGH;HW_HERO_0003;Astaroth;Astaroth;EXACT_ALIAS;1.0;astaroth;astaroth;RESCUED_BY_OCR;HW_HERO_0003;Astaroth;0
30831;R;3;30831_Screenshot_20260417_170713_com_nexters_herowars_MessagingUnityPlayerActivity__R3.png;30831_Screenshot_20260417_170713_com_nexters_herowars_MessagingUnityPlayerActivity__R3.png;HW_HERO_0022;Jorgen;REVIEW;0.882253;0.033117;Jorgen;0.9980725642440854;HIGH;HW_HERO_0022;Jorgen;Jorgen;EXACT_ALIAS;1.0;jorgen;jorgen;RESCUED_BY_OCR;HW_HERO_0022;Jorgen;0
30831;R;4;30831_Screenshot_20260417_170713_com_nexters_herowars_MessagingUnityPlayerActivity__R4.png;30831_Screenshot_20260417_170713_com_nexters_herowars_MessagingUnityPlayerActivity__R4.png;HW_HERO_0066;Faceless;ACCEPTED;0.985072;0.119794;Sanface;0.9999792287103723;HIGH;HW_HERO_0066;Faceless;Sanface;EXACT_ALIAS;1.0;sanface;sanface;CONFIRMED;HW_HERO_0066;Faceless;0
30831;R;5;30831_Screenshot_20260417_170713_com_nexters_herowars_MessagingUnityPlayerActivity__R5.png;30831_Screenshot_20260417_170713_com_nexters_herowars_MessagingUnityPlayerActivity__R5.png;HW_HERO_0001;Aidan;ACCEPTED;0.980603;0.094631;Aidan;0.9999478606888923;HIGH;HW_HERO_0001;Aidan;Aidan;EXACT_ALIAS;1.0;aidan;aidan;CONFIRMED;HW_HERO_0001;Aidan;0
31072;L;1;31072_Screenshot_2026-04-20-21-52-52-251_com.nexters.herowars__L1.png;31072_Screenshot_2026-04-20-21-52-52-251_com.nexters.herowars__L1.png;HW_HERO_0014;Folio;ACCEPTED;0.974091;0.114229;Folio;0.999992749562858;HIGH;HW_HERO_0014;Folio;Folio;EXACT_ALIAS;1.0;folio;folio;CONFIRMED;HW_HERO_0014;Folio;0
31072;L;2;31072_Screenshot_2026-04-20-21-52-52-251_com.nexters.herowars__L2.png;31072_Screenshot_2026-04-20-21-52-52-251_com.nexters.herowars__L2.png;HW_HERO_0004;Byrna;ACCEPTED;0.984108;0.135343;Byrna;0.9422940290575669;HIGH;HW_HERO_0004;Byrna;Byrna;EXACT_ALIAS;1.0;byrna;byrna;CONFIRMED;HW_HERO_0004;Byrna;0
31072;L;3;31072_Screenshot_2026-04-20-21-52-52-251_com.nexters.herowars__L3.png;31072_Screenshot_2026-04-20-21-52-52-251_com.nexters.herowars__L3.png;HW_HERO_0042;Polaris;ACCEPTED;0.979075;0.08896;Polaris;0.9999831036252977;HIGH;HW_HERO_0042;Polaris;Polaris;EXACT_ALIAS;1.0;polaris;polaris;CONFIRMED;HW_HERO_0042;Polaris;0
31072;L;4;31072_Screenshot_2026-04-20-21-52-52-251_com.nexters.herowars__L4.png;31072_Screenshot_2026-04-20-21-52-52-251_com.nexters.herowars__L4.png;HW_HERO_0012;Electra von Grave;ACCEPTED;0.975623;0.084054;Electra von Grave;0.9090680443364494;HIGH;HW_HERO_0012;Electra von Grave;Electra von Grave;EXACT_ALIAS;1.0;electra von grave;electra von grave;CONFIRMED;HW_HERO_0012;Electra von Grave;0
31072;L;5;31072_Screenshot_2026-04-20-21-52-52-251_com.nexters.herowars__L5.png;31072_Screenshot_2026-04-20-21-52-52-251_com.nexters.herowars__L5.png;HW_HERO_0003;Astaroth;ACCEPTED;0.920171;0.128917;Astaroth;0.9999793479558968;HIGH;HW_HERO_0003;Astaroth;Astaroth;EXACT_ALIAS;1.0;astaroth;astaroth;CONFIRMED;HW_HERO_0003;Astaroth;0
31072;R;1;31072_Screenshot_2026-04-20-21-52-52-251_com.nexters.herowars__R1.png;31072_Screenshot_2026-04-20-21-52-52-251_com.nexters.herowars__R1.png;HW_HERO_0057;Drayne;ACCEPTED;0.987099;0.099888;Drayne;0.9991941476790155;HIGH;HW_HERO_0057;Drayne;Drayne;EXACT_ALIAS;1.0;drayne;drayne;CONFIRMED;HW_HERO_0057;Drayne;0
31072;R;2;31072_Screenshot_2026-04-20-21-52-52-251_com.nexters.herowars__R2.png;31072_Screenshot_2026-04-20-21-52-52-251_com.nexters.herowars__R2.png;HW_HERO_0004;Byrna;ACCEPTED;0.977558;0.121644;Byrna;0.9877106850923412;HIGH;HW_HERO_0004;Byrna;Byrna;EXACT_ALIAS;1.0;byrna;byrna;CONFIRMED;HW_HERO_0004;Byrna;0
31072;R;3;31072_Screenshot_2026-04-20-21-52-52-251_com.nexters.herowars__R3.png;31072_Screenshot_2026-04-20-21-52-52-251_com.nexters.herowars__R3.png;HW_HERO_0010;Dante;ACCEPTED;0.960961;0.083874;Dante;0.9999701985312017;HIGH;HW_HERO_0010;Dante;Dante;EXACT_ALIAS;1.0;dante;dante;CONFIRMED;HW_HERO_0010;Dante;0
31072;R;4;31072_Screenshot_2026-04-20-21-52-52-251_com.nexters.herowars__R4.png;31072_Screenshot_2026-04-20-21-52-52-251_com.nexters.herowars__R4.png;HW_HERO_0037;Octavia;ACCEPTED;0.974904;0.08541;Octavia;0.7126669600672487;MEDIUM;HW_HERO_0037;Octavia;Octavia;EXACT_ALIAS;1.0;octavia;octavia;CONFIRMED;HW_HERO_0037;Octavia;0
31072;R;5;31072_Screenshot_2026-04-20-21-52-52-251_com.nexters.herowars__R5.png;31072_Screenshot_2026-04-20-21-52-52-251_com.nexters.herowars__R5.png;HW_HERO_0011;Dorian;ACCEPTED;0.942708;0.075841;Dorian;0.999972211062694;HIGH;HW_HERO_0011;Dorian;Dorian;EXACT_ALIAS;1.0;dorian;dorian;CONFIRMED;HW_HERO_0011;Dorian;0
31100;L;1;31100_IMG_4381__L1.png;31100_IMG_4381__L1.png;HW_HERO_0018;Iris;ACCEPTED;0.969366;0.079159;Iris;0.996401900301481;HIGH;HW_HERO_0018;Iris;Iris;EXACT_ALIAS;1.0;iris;iris;CONFIRMED;HW_HERO_0018;Iris;0
31100;L;2;31100_IMG_4381__L2.png;31100_IMG_4381__L2.png;HW_HERO_0005;Cascade;ACCEPTED;0.958747;0.085056;Cascade;0.999938857215323;HIGH;HW_HERO_0005;Cascade;Cascade;EXACT_ALIAS;1.0;cascade;cascade;CONFIRMED;HW_HERO_0005;Cascade;0
31100;L;3;31100_IMG_4381__L3.png;31100_IMG_4381__L3.png;HW_HERO_0048;Somna;ACCEPTED;0.945076;0.09689;Somna;0.9999431158890278;HIGH;HW_HERO_0048;Somna;Somna;EXACT_ALIAS;1.0;somna;somna;CONFIRMED;HW_HERO_0048;Somna;0
31100;L;4;31100_IMG_4381__L4.png;31100_IMG_4381__L4.png;HW_HERO_0049;Tempus;ACCEPTED;0.955158;0.11243;Tempus;0.999891665964359;HIGH;HW_HERO_0049;Tempus;Tempus;EXACT_ALIAS;1.0;tempus;tempus;CONFIRMED;HW_HERO_0049;Tempus;0
31100;L;5;31100_IMG_4381__L5.png;31100_IMG_4381__L5.png;HW_HERO_0003;Astaroth;ACCEPTED;0.947232;0.15579;Astaroth;0.78713792788749;MEDIUM;HW_HERO_0003;Astaroth;Astaroth;EXACT_ALIAS;1.0;astaroth;astaroth;CONFIRMED;HW_HERO_0003;Astaroth;0
31100;R;1;31100_IMG_4381__R1.png;31100_IMG_4381__R1.png;HW_HERO_0051;Xe'Sha;ACCEPTED;0.968737;0.088348;Xe'Sha;0.9769514066996163;HIGH;HW_HERO_0051;Xe'Sha;Xe'Sha;EXACT_ALIAS;1.0;xe sha;xe sha;CONFIRMED;HW_HERO_0051;Xe'Sha;0
31100;R;2;31100_IMG_4381__R2.png;31100_IMG_4381__R2.png;HW_HERO_0026;Kayla;ACCEPTED;0.933014;0.058495;Kavla;0.998501479921724;HIGH;HW_HERO_0026;Kayla;Kayla;VISUAL_ALIAS_ONE_EDIT_OCR;0.8;kavla;kayla;CONFIRMED;HW_HERO_0026;Kayla;0
31100;R;3;31100_IMG_4381__R3.png;31100_IMG_4381__R3.png;HW_HERO_0040;Peech;ACCEPTED;0.968664;0.083585;Peech;0.599777876410222;LOW;HW_HERO_0040;Peech;Peech;EXACT_ALIAS;1.0;peech;peech;CONFIRMED;HW_HERO_0040;Peech;0
31100;R;4;31100_IMG_4381__R4.png;31100_IMG_4381__R4.png;HW_HERO_0001;Aidan;ACCEPTED;0.964892;0.08198;Aidan;0.9999783552942618;HIGH;HW_HERO_0001;Aidan;Aidan;EXACT_ALIAS;1.0;aidan;aidan;CONFIRMED;HW_HERO_0001;Aidan;0
31100;R;5;31100_IMG_4381__R5.png;31100_IMG_4381__R5.png;HW_HERO_0003;Astaroth;ACCEPTED;0.944007;0.144326;Astaroth;0.9998726406871452;HIGH;HW_HERO_0003;Astaroth;Astaroth;EXACT_ALIAS;1.0;astaroth;astaroth;CONFIRMED;HW_HERO_0003;Astaroth;0
31149;L;1;31149_A21D2E07-9938-49FB-ADD9-9489FA90CDF9__L1.png;31149_A21D2E07-9938-49FB-ADD9-9489FA90CDF9__L1.png;HW_HERO_0018;Iris;ACCEPTED;0.957888;0.065738;Iris;0.9997961521148682;HIGH;HW_HERO_0018;Iris;Iris;EXACT_ALIAS;1.0;iris;iris;CONFIRMED;HW_HERO_0018;Iris;0
31149;L;2;31149_A21D2E07-9938-49FB-ADD9-9489FA90CDF9__L2.png;31149_A21D2E07-9938-49FB-ADD9-9489FA90CDF9__L2.png;HW_HERO_0012;Electra von Grave;ACCEPTED;0.938906;0.071447;Electra von Grave;0.9954043523191832;HIGH;HW_HERO_0012;Electra von Grave;Electra von Grave;EXACT_ALIAS;1.0;electra von grave;electra von grave;CONFIRMED;HW_HERO_0012;Electra von Grave;0
31149;L;3;31149_A21D2E07-9938-49FB-ADD9-9489FA90CDF9__L3.png;31149_A21D2E07-9938-49FB-ADD9-9489FA90CDF9__L3.png;HW_HERO_0034;Miu;ACCEPTED;0.945716;0.076192;Miu;0.9999951133900055;HIGH;HW_HERO_0034;Miu;Miu;EXACT_ALIAS;1.0;miu;miu;CONFIRMED;HW_HERO_0034;Miu;0
31149;L;4;31149_A21D2E07-9938-49FB-ADD9-9489FA90CDF9__L4.png;31149_A21D2E07-9938-49FB-ADD9-9489FA90CDF9__L4.png;HW_HERO_0047;Soleil;ACCEPTED;0.966136;0.109791;Soleil;0.999941988571334;HIGH;HW_HERO_0047;Soleil;Soleil;EXACT_ALIAS;1.0;soleil;soleil;CONFIRMED;HW_HERO_0047;Soleil;0
31149;L;5;31149_A21D2E07-9938-49FB-ADD9-9489FA90CDF9__L5.png;31149_A21D2E07-9938-49FB-ADD9-9489FA90CDF9__L5.png;HW_HERO_0036;Nébula;ACCEPTED;0.969704;0.093236;Nebula;0.9999264149046542;HIGH;HW_HERO_0036;Nébula;Nébula;EXACT_ALIAS;1.0;nebula;nebula;CONFIRMED;HW_HERO_0036;Nébula;0
31149;R;1;31149_A21D2E07-9938-49FB-ADD9-9489FA90CDF9__R1.png;31149_A21D2E07-9938-49FB-ADD9-9489FA90CDF9__R1.png;HW_HERO_0045;Satori;ACCEPTED;0.971711;0.057612;Satori;0.999966176314317;HIGH;HW_HERO_0045;Satori;Satori;EXACT_ALIAS;1.0;satori;satori;CONFIRMED;HW_HERO_0045;Satori;0
31149;R;2;31149_A21D2E07-9938-49FB-ADD9-9489FA90CDF9__R2.png;31149_A21D2E07-9938-49FB-ADD9-9489FA90CDF9__R2.png;HW_HERO_0004;Byrna;ACCEPTED;0.962448;0.112949;Bvrna;0.8157890746266702;MEDIUM;;;Byrna;NO_MATCH;0.8;bvrna;;VISUAL_ONLY;HW_HERO_0004;Byrna;0
31149;R;3;31149_A21D2E07-9938-49FB-ADD9-9489FA90CDF9__R3.png;31149_A21D2E07-9938-49FB-ADD9-9489FA90CDF9__R3.png;HW_HERO_0014;Folio;ACCEPTED;0.953094;0.126667;Folio;0.999984432877319;HIGH;HW_HERO_0014;Folio;Folio;EXACT_ALIAS;1.0;folio;folio;CONFIRMED;HW_HERO_0014;Folio;0
31149;R;4;31149_A21D2E07-9938-49FB-ADD9-9489FA90CDF9__R4.png;31149_A21D2E07-9938-49FB-ADD9-9489FA90CDF9__R4.png;HW_HERO_0012;Electra von Grave;ACCEPTED;0.947412;0.085483;Electra von Grave;0.7298719772118356;MEDIUM;HW_HERO_0012;Electra von Grave;Electra von Grave;EXACT_ALIAS;1.0;electra von grave;electra von grave;CONFIRMED;HW_HERO_0012;Electra von Grave;0
31149;R;5;31149_A21D2E07-9938-49FB-ADD9-9489FA90CDF9__R5.png;31149_A21D2E07-9938-49FB-ADD9-9489FA90CDF9__R5.png;HW_HERO_0042;Polaris;ACCEPTED;0.956096;0.080112;Polaris;0.9999910336686367;HIGH;HW_HERO_0042;Polaris;Polaris;EXACT_ALIAS;1.0;polaris;polaris;CONFIRMED;HW_HERO_0042;Polaris;0
31225;L;1;31225_Screenshot_20260423_213454_Hero_Wars__L1.png;31225_Screenshot_20260423_213454_Hero_Wars__L1.png;HW_HERO_0026;Kayla;ACCEPTED;0.992618;0.103389;Kavla;0.9999305874721184;HIGH;HW_HERO_0026;Kayla;Kayla;VISUAL_ALIAS_ONE_EDIT_OCR;0.8;kavla;kayla;CONFIRMED;HW_HERO_0026;Kayla;0
31225;L;2;31225_Screenshot_20260423_213454_Hero_Wars__L2.png;31225_Screenshot_20260423_213454_Hero_Wars__L2.png;HW_HERO_0037;Octavia;ACCEPTED;0.98177;0.090016;Octavia;0.9997614597103083;HIGH;HW_HERO_0037;Octavia;Octavia;EXACT_ALIAS;1.0;octavia;octavia;CONFIRMED;HW_HERO_0037;Octavia;0
31225;L;3;31225_Screenshot_20260423_213454_Hero_Wars__L3.png;31225_Screenshot_20260423_213454_Hero_Wars__L3.png;HW_HERO_0010;Dante;ACCEPTED;0.938908;0.041578;Dante;0.9999632146297917;HIGH;HW_HERO_0010;Dante;Dante;EXACT_ALIAS;1.0;dante;dante;CONFIRMED;HW_HERO_0010;Dante;0
31225;L;4;31225_Screenshot_20260423_213454_Hero_Wars__L4.png;31225_Screenshot_20260423_213454_Hero_Wars__L4.png;HW_HERO_0001;Aidan;ACCEPTED;0.981594;0.101754;Aidan;0.9999542048553456;HIGH;HW_HERO_0001;Aidan;Aidan;EXACT_ALIAS;1.0;aidan;aidan;CONFIRMED;HW_HERO_0001;Aidan;0
31225;L;5;31225_Screenshot_20260423_213454_Hero_Wars__L5.png;31225_Screenshot_20260423_213454_Hero_Wars__L5.png;HW_HERO_0017;Guus;ACCEPTED;0.970089;0.126704;Guus;0.999918520450592;HIGH;HW_HERO_0017;Guus;Guus;EXACT_ALIAS;1.0;guus;guus;CONFIRMED;HW_HERO_0017;Guus;0
31225;R;1;31225_Screenshot_20260423_213454_Hero_Wars__R1.png;31225_Screenshot_20260423_213454_Hero_Wars__R1.png;HW_HERO_0018;Iris;ACCEPTED;0.991656;0.088691;Iris;0.9997945427894592;HIGH;HW_HERO_0018;Iris;Iris;EXACT_ALIAS;1.0;iris;iris;CONFIRMED;HW_HERO_0018;Iris;0
31225;R;2;31225_Screenshot_20260423_213454_Hero_Wars__R2.png;31225_Screenshot_20260423_213454_Hero_Wars__R2.png;HW_HERO_0047;Soleil;ACCEPTED;0.953588;0.085105;Soleil;0.9998444575854363;HIGH;HW_HERO_0047;Soleil;Soleil;EXACT_ALIAS;1.0;soleil;soleil;CONFIRMED;HW_HERO_0047;Soleil;0
31225;R;3;31225_Screenshot_20260423_213454_Hero_Wars__R3.png;31225_Screenshot_20260423_213454_Hero_Wars__R3.png;HW_HERO_0049;Tempus;ACCEPTED;0.987414;0.115149;Tempus;0.9999047090157823;HIGH;HW_HERO_0049;Tempus;Tempus;EXACT_ALIAS;1.0;tempus;tempus;CONFIRMED;HW_HERO_0049;Tempus;0
31225;R;4;31225_Screenshot_20260423_213454_Hero_Wars__R4.png;31225_Screenshot_20260423_213454_Hero_Wars__R4.png;HW_HERO_0012;Electra von Grave;ACCEPTED;0.982562;0.102466;Electra von Grave;0.9128023938817753;HIGH;HW_HERO_0012;Electra von Grave;Electra von Grave;EXACT_ALIAS;1.0;electra von grave;electra von grave;CONFIRMED;HW_HERO_0012;Electra von Grave;0
31225;R;5;31225_Screenshot_20260423_213454_Hero_Wars__R5.png;31225_Screenshot_20260423_213454_Hero_Wars__R5.png;HW_HERO_0036;Nébula;ACCEPTED;0.955891;0.082572;Nébula;0.7633280745652238;MEDIUM;HW_HERO_0036;Nébula;Nébula;EXACT_ALIAS;1.0;nebula;nebula;CONFIRMED;HW_HERO_0036;Nébula;0
31260;L;1;31260_Screenshot_20260424_113639_Hero_Wars__L1.png;31260_Screenshot_20260424_113639_Hero_Wars__L1.png;HW_HERO_0026;Kayla;ACCEPTED;0.991032;0.11111;Kavla;0.9999709982142019;HIGH;HW_HERO_0026;Kayla;Kayla;VISUAL_ALIAS_ONE_EDIT_OCR;0.8;kavla;kayla;CONFIRMED;HW_HERO_0026;Kayla;0
31260;L;2;31260_Screenshot_20260424_113639_Hero_Wars__L2.png;31260_Screenshot_20260424_113639_Hero_Wars__L2.png;HW_HERO_0037;Octavia;ACCEPTED;0.974267;0.080959;Octavia;0.9993865799879869;HIGH;HW_HERO_0037;Octavia;Octavia;EXACT_ALIAS;1.0;octavia;octavia;CONFIRMED;HW_HERO_0037;Octavia;0
31260;L;3;31260_Screenshot_20260424_113639_Hero_Wars__L3.png;31260_Screenshot_20260424_113639_Hero_Wars__L3.png;HW_HERO_0010;Dante;ACCEPTED;0.946637;0.044406;Dante;0.9999509528042279;HIGH;HW_HERO_0010;Dante;Dante;EXACT_ALIAS;1.0;dante;dante;CONFIRMED;HW_HERO_0010;Dante;0
31260;L;4;31260_Screenshot_20260424_113639_Hero_Wars__L4.png;31260_Screenshot_20260424_113639_Hero_Wars__L4.png;HW_HERO_0017;Guus;ACCEPTED;0.974286;0.135881;Guus;0.999907910823822;HIGH;HW_HERO_0017;Guus;Guus;EXACT_ALIAS;1.0;guus;guus;CONFIRMED;HW_HERO_0017;Guus;0
31260;L;5;31260_Screenshot_20260424_113639_Hero_Wars__L5.png;31260_Screenshot_20260424_113639_Hero_Wars__L5.png;HW_HERO_0001;Aidan;ACCEPTED;0.981099;0.098122;Aidan;0.9999040378295179;HIGH;HW_HERO_0001;Aidan;Aidan;EXACT_ALIAS;1.0;aidan;aidan;CONFIRMED;HW_HERO_0001;Aidan;0
31260;R;1;31260_Screenshot_20260424_113639_Hero_Wars__R1.png;31260_Screenshot_20260424_113639_Hero_Wars__R1.png;HW_HERO_0008;Corvus;ACCEPTED;0.931047;0.071459;Corvus;0.9998012882478683;HIGH;HW_HERO_0008;Corvus;Corvus;EXACT_ALIAS;1.0;corvus;corvus;CONFIRMED;HW_HERO_0008;Corvus;0
31260;R;2;31260_Screenshot_20260424_113639_Hero_Wars__R2.png;31260_Screenshot_20260424_113639_Hero_Wars__R2.png;HW_HERO_0010;Dante;ACCEPTED;0.946956;0.048748;Dante;0.9998890569703655;HIGH;HW_HERO_0010;Dante;Dante;EXACT_ALIAS;1.0;dante;dante;CONFIRMED;HW_HERO_0010;Dante;0
31260;R;3;31260_Screenshot_20260424_113639_Hero_Wars__R3.png;31260_Screenshot_20260424_113639_Hero_Wars__R3.png;HW_HERO_0018;Iris;ACCEPTED;0.977915;0.071421;Iris;0.9997831583023071;HIGH;HW_HERO_0018;Iris;Iris;EXACT_ALIAS;1.0;iris;iris;CONFIRMED;HW_HERO_0018;Iris;0
31260;R;4;31260_Screenshot_20260424_113639_Hero_Wars__R4.png;31260_Screenshot_20260424_113639_Hero_Wars__R4.png;HW_HERO_0037;Octavia;ACCEPTED;0.972641;0.084443;Octavia;0.9999267817105386;HIGH;HW_HERO_0037;Octavia;Octavia;EXACT_ALIAS;1.0;octavia;octavia;CONFIRMED;HW_HERO_0037;Octavia;0
31260;R;5;31260_Screenshot_20260424_113639_Hero_Wars__R5.png;31260_Screenshot_20260424_113639_Hero_Wars__R5.png;HW_HERO_0055;Morrigan;ACCEPTED;0.972234;0.07752;Morrigan;0.4583094743847316;LOW;HW_HERO_0055;Morrigan;Morrigan;EXACT_ALIAS;1.0;morrigan;morrigan;CONFIRMED;HW_HERO_0055;Morrigan;0
31327;L;1;31327_Screenshot_2026-04-26-12-52-53-72_b7069e849b44f49c61683e78ed778d97__L1.png;31327_Screenshot_2026-04-26-12-52-53-72_b7069e849b44f49c61683e78ed778d97__L1.png;HW_HERO_0026;Kayla;ACCEPTED;0.971158;0.090935;Kavla;0.99994652788021;HIGH;HW_HERO_0026;Kayla;Kayla;VISUAL_ALIAS_ONE_EDIT_OCR;0.8;kavla;kayla;CONFIRMED;HW_HERO_0026;Kayla;0
31327;L;2;31327_Screenshot_2026-04-26-12-52-53-72_b7069e849b44f49c61683e78ed778d97__L2.png;31327_Screenshot_2026-04-26-12-52-53-72_b7069e849b44f49c61683e78ed778d97__L2.png;HW_HERO_0039;Oya;ACCEPTED;0.960686;0.096417;Ova;0.6882719397544861;MEDIUM;;;;NO_MATCH;0.0;ova;;VISUAL_ONLY;HW_HERO_0039;Oya;0
31327;L;3;31327_Screenshot_2026-04-26-12-52-53-72_b7069e849b44f49c61683e78ed778d97__L3.png;31327_Screenshot_2026-04-26-12-52-53-72_b7069e849b44f49c61683e78ed778d97__L3.png;HW_HERO_0050;Tristan;ACCEPTED;0.950729;0.086995;Tristan;0.9999669280762195;HIGH;HW_HERO_0050;Tristan;Tristan;EXACT_ALIAS;1.0;tristan;tristan;CONFIRMED;HW_HERO_0050;Tristan;0
31327;L;4;31327_Screenshot_2026-04-26-12-52-53-72_b7069e849b44f49c61683e78ed778d97__L4.png;31327_Screenshot_2026-04-26-12-52-53-72_b7069e849b44f49c61683e78ed778d97__L4.png;HW_HERO_0001;Aidan;ACCEPTED;0.977491;0.09643;Aidan;0.9999721710824655;HIGH;HW_HERO_0001;Aidan;Aidan;EXACT_ALIAS;1.0;aidan;aidan;CONFIRMED;HW_HERO_0001;Aidan;0
31327;L;5;31327_Screenshot_2026-04-26-12-52-53-72_b7069e849b44f49c61683e78ed778d97__L5.png;31327_Screenshot_2026-04-26-12-52-53-72_b7069e849b44f49c61683e78ed778d97__L5.png;HW_HERO_0013;Fafnir;ACCEPTED;0.944779;0.117548;Fafnir;0.9999853025451485;HIGH;HW_HERO_0013;Fafnir;Fafnir;EXACT_ALIAS;1.0;fafnir;fafnir;CONFIRMED;HW_HERO_0013;Fafnir;0
31327;R;1;31327_Screenshot_2026-04-26-12-52-53-72_b7069e849b44f49c61683e78ed778d97__R1.png;31327_Screenshot_2026-04-26-12-52-53-72_b7069e849b44f49c61683e78ed778d97__R1.png;HW_HERO_0027;Keira;ACCEPTED;0.934223;0.063611;Keira;0.999987524979306;HIGH;HW_HERO_0027;Keira;Keira;EXACT_ALIAS;1.0;keira;keira;CONFIRMED;HW_HERO_0027;Keira;0
31327;R;2;31327_Screenshot_2026-04-26-12-52-53-72_b7069e849b44f49c61683e78ed778d97__R2.png;31327_Screenshot_2026-04-26-12-52-53-72_b7069e849b44f49c61683e78ed778d97__R2.png;HW_HERO_0002;Andvari;ACCEPTED;0.914008;0.10007;Andvari;0.962472452229124;HIGH;HW_HERO_0002;Andvari;Andvari;EXACT_ALIAS;1.0;andvari;andvari;CONFIRMED;HW_HERO_0002;Andvari;0
31327;R;3;31327_Screenshot_2026-04-26-12-52-53-72_b7069e849b44f49c61683e78ed778d97__R3.png;31327_Screenshot_2026-04-26-12-52-53-72_b7069e849b44f49c61683e78ed778d97__R3.png;HW_HERO_0030;Lian;ACCEPTED;0.959884;0.0681;Lian;0.9998883605003357;HIGH;HW_HERO_0030;Lian;Lian;EXACT_ALIAS;1.0;lian;lian;CONFIRMED;HW_HERO_0030;Lian;0
31327;R;4;31327_Screenshot_2026-04-26-12-52-53-72_b7069e849b44f49c61683e78ed778d97__R4.png;31327_Screenshot_2026-04-26-12-52-53-72_b7069e849b44f49c61683e78ed778d97__R4.png;HW_HERO_0011;Dorian;ACCEPTED;0.931568;0.070682;Dorian;0.9999127392336483;HIGH;HW_HERO_0011;Dorian;Dorian;EXACT_ALIAS;1.0;dorian;dorian;CONFIRMED;HW_HERO_0011;Dorian;0
31327;R;5;31327_Screenshot_2026-04-26-12-52-53-72_b7069e849b44f49c61683e78ed778d97__R5.png;31327_Screenshot_2026-04-26-12-52-53-72_b7069e849b44f49c61683e78ed778d97__R5.png;HW_HERO_0013;Fafnir;ACCEPTED;0.947865;0.094951;Fafnir;0.9999889525798581;HIGH;HW_HERO_0013;Fafnir;Fafnir;EXACT_ALIAS;1.0;fafnir;fafnir;CONFIRMED;HW_HERO_0013;Fafnir;0
31352;L;1;31352_IMG_4444__L1.png;31352_IMG_4444__L1.png;HW_HERO_0058;Cornélius;ACCEPTED;0.957753;0.132688;Cornelius;0.9996828611931371;HIGH;HW_HERO_0058;Cornélius;Cornélius;EXACT_ALIAS;1.0;cornelius;cornelius;CONFIRMED;HW_HERO_0058;Cornélius;0
31352;L;2;31352_IMG_4444__L2.png;31352_IMG_4444__L2.png;HW_HERO_0054;Amira;ACCEPTED;0.981754;0.106612;Amira;0.9999633745665296;HIGH;HW_HERO_0054;Amira;Amira;EXACT_ALIAS;1.0;amira;amira;CONFIRMED;HW_HERO_0054;Amira;0
31352;L;3;31352_IMG_4444__L3.png;31352_IMG_4444__L3.png;HW_HERO_0037;Octavia;ACCEPTED;0.962939;0.096508;Octavia;0.9997086935942804;HIGH;HW_HERO_0037;Octavia;Octavia;EXACT_ALIAS;1.0;octavia;octavia;CONFIRMED;HW_HERO_0037;Octavia;0
31352;L;4;31352_IMG_4444__L4.png;31352_IMG_4444__L4.png;HW_HERO_0022;Jorgen;ACCEPTED;0.962107;0.125695;Jorgen;0.9999984913230956;HIGH;HW_HERO_0022;Jorgen;Jorgen;EXACT_ALIAS;1.0;jorgen;jorgen;CONFIRMED;HW_HERO_0022;Jorgen;0
31352;L;5;31352_IMG_4444__L5.png;31352_IMG_4444__L5.png;HW_HERO_0017;Guus;ACCEPTED;0.971392;0.153838;Guus;0.9998540878295898;HIGH;HW_HERO_0017;Guus;Guus;EXACT_ALIAS;1.0;guus;guus;CONFIRMED;HW_HERO_0017;Guus;0
31352;R;1;31352_IMG_4444__R1.png;31352_IMG_4444__R1.png;HW_HERO_0018;Iris;ACCEPTED;0.97495;0.083752;Iris;0.7809908430249848;MEDIUM;HW_HERO_0018;Iris;Iris;EXACT_ALIAS;1.0;iris;iris;CONFIRMED;HW_HERO_0018;Iris;0
31352;R;2;31352_IMG_4444__R2.png;31352_IMG_4444__R2.png;HW_HERO_0045;Satori;ACCEPTED;0.973342;0.070882;Satori;0.9999868112265248;HIGH;HW_HERO_0045;Satori;Satori;EXACT_ALIAS;1.0;satori;satori;CONFIRMED;HW_HERO_0045;Satori;0
31352;R;3;31352_IMG_4444__R3.png;31352_IMG_4444__R3.png;HW_HERO_0017;Guus;ACCEPTED;0.969099;0.159241;Guus;0.9999676942825317;HIGH;HW_HERO_0017;Guus;Guus;EXACT_ALIAS;1.0;guus;guus;CONFIRMED;HW_HERO_0017;Guus;0
31352;R;4;31352_IMG_4444__R4.png;31352_IMG_4444__R4.png;HW_HERO_0048;Somna;ACCEPTED;0.953735;0.120144;Somna;0.9997593994596645;HIGH;HW_HERO_0048;Somna;Somna;EXACT_ALIAS;1.0;somna;somna;CONFIRMED;HW_HERO_0048;Somna;0
31352;R;5;31352_IMG_4444__R5.png;31352_IMG_4444__R5.png;HW_HERO_0037;Octavia;ACCEPTED;0.965603;0.098094;Octavia;0.9814067914921158;HIGH;HW_HERO_0037;Octavia;Octavia;EXACT_ALIAS;1.0;octavia;octavia;CONFIRMED;HW_HERO_0037;Octavia;0
31438;L;1;31438_Screenshot_20260422_001706_Hero_Wars__L1.png;31438_Screenshot_20260422_001706_Hero_Wars__L1.png;HW_HERO_0042;Polaris;ACCEPTED;0.971394;0.101133;Polaris;0.9999819321399014;HIGH;HW_HERO_0042;Polaris;Polaris;EXACT_ALIAS;1.0;polaris;polaris;CONFIRMED;HW_HERO_0042;Polaris;0
31438;L;2;31438_Screenshot_20260422_001706_Hero_Wars__L2.png;31438_Screenshot_20260422_001706_Hero_Wars__L2.png;HW_HERO_0037;Octavia;ACCEPTED;0.975012;0.097636;Octavia;0.9998700532425976;HIGH;HW_HERO_0037;Octavia;Octavia;EXACT_ALIAS;1.0;octavia;octavia;CONFIRMED;HW_HERO_0037;Octavia;0
31438;L;3;31438_Screenshot_20260422_001706_Hero_Wars__L3.png;31438_Screenshot_20260422_001706_Hero_Wars__L3.png;HW_HERO_0026;Kayla;ACCEPTED;0.970441;0.089163;Kavla;0.8560495228078697;HIGH;HW_HERO_0026;Kayla;Kayla;VISUAL_ALIAS_ONE_EDIT_OCR;0.8;kavla;kayla;CONFIRMED;HW_HERO_0026;Kayla;0
31438;L;4;31438_Screenshot_20260422_001706_Hero_Wars__L4.png;31438_Screenshot_20260422_001706_Hero_Wars__L4.png;HW_HERO_0010;Dante;ACCEPTED;0.963801;0.067697;Dante;0.9999806477164535;HIGH;HW_HERO_0010;Dante;Dante;EXACT_ALIAS;1.0;dante;dante;CONFIRMED;HW_HERO_0010;Dante;0
31438;L;5;31438_Screenshot_20260422_001706_Hero_Wars__L5.png;31438_Screenshot_20260422_001706_Hero_Wars__L5.png;HW_HERO_0001;Aidan;ACCEPTED;0.983073;0.097265;Aidan;0.9999418897043609;HIGH;HW_HERO_0001;Aidan;Aidan;EXACT_ALIAS;1.0;aidan;aidan;CONFIRMED;HW_HERO_0001;Aidan;0
31438;R;1;31438_Screenshot_20260422_001706_Hero_Wars__R1.png;31438_Screenshot_20260422_001706_Hero_Wars__R1.png;HW_HERO_0018;Iris;ACCEPTED;0.981607;0.088513;Iris;0.9995185732841492;HIGH;HW_HERO_0018;Iris;Iris;EXACT_ALIAS;1.0;iris;iris;CONFIRMED;HW_HERO_0018;Iris;0
31438;R;2;31438_Screenshot_20260422_001706_Hero_Wars__R2.png;31438_Screenshot_20260422_001706_Hero_Wars__R2.png;HW_HERO_0010;Dante;ACCEPTED;0.964788;0.062645;Dante;0.9999810742135369;HIGH;HW_HERO_0010;Dante;Dante;EXACT_ALIAS;1.0;dante;dante;CONFIRMED;HW_HERO_0010;Dante;0
31438;R;3;31438_Screenshot_20260422_001706_Hero_Wars__R3.png;31438_Screenshot_20260422_001706_Hero_Wars__R3.png;HW_HERO_0036;Nébula;ACCEPTED;0.944457;0.057689;Nébula;0.9999084564525903;HIGH;HW_HERO_0036;Nébula;Nébula;EXACT_ALIAS;1.0;nebula;nebula;CONFIRMED;HW_HERO_0036;Nébula;0
31438;R;4;31438_Screenshot_20260422_001706_Hero_Wars__R4.png;31438_Screenshot_20260422_001706_Hero_Wars__R4.png;HW_HERO_0048;Somna;ACCEPTED;0.967429;0.106315;Somna;0.9999369849639189;HIGH;HW_HERO_0048;Somna;Somna;EXACT_ALIAS;1.0;somna;somna;CONFIRMED;HW_HERO_0048;Somna;0
31438;R;5;31438_Screenshot_20260422_001706_Hero_Wars__R5.png;31438_Screenshot_20260422_001706_Hero_Wars__R5.png;HW_HERO_0037;Octavia;ACCEPTED;0.970528;0.073112;Octavia;0.9998135940929925;HIGH;HW_HERO_0037;Octavia;Octavia;EXACT_ALIAS;1.0;octavia;octavia;CONFIRMED;HW_HERO_0037;Octavia;0
31748;L;1;31748_Hero_Wars_2026-04-29-06-50-40__L1.png;31748_Hero_Wars_2026-04-29-06-50-40__L1.png;HW_HERO_0057;Drayne;ACCEPTED;0.981143;0.105583;Dravne;0.9930565094329351;HIGH;HW_HERO_0057;Drayne;Drayne;VISUAL_ALIAS_ONE_EDIT_OCR;0.8333333333333334;dravne;drayne;CONFIRMED;HW_HERO_0057;Drayne;0
31748;L;2;31748_Hero_Wars_2026-04-29-06-50-40__L2.png;31748_Hero_Wars_2026-04-29-06-50-40__L2.png;HW_HERO_0004;Byrna;ACCEPTED;0.974081;0.126854;Bvrna;0.9998489657151961;HIGH;HW_HERO_0004;Byrna;Byrna;VISUAL_ALIAS_ONE_EDIT_OCR;0.8;bvrna;byrna;CONFIRMED;HW_HERO_0004;Byrna;0
31748;L;3;31748_Hero_Wars_2026-04-29-06-50-40__L3.png;31748_Hero_Wars_2026-04-29-06-50-40__L3.png;HW_HERO_0010;Dante;ACCEPTED;0.948265;0.056633;Dante;0.999957030406943;HIGH;HW_HERO_0010;Dante;Dante;EXACT_ALIAS;1.0;dante;dante;CONFIRMED;HW_HERO_0010;Dante;0
31748;L;4;31748_Hero_Wars_2026-04-29-06-50-40__L4.png;31748_Hero_Wars_2026-04-29-06-50-40__L4.png;HW_HERO_0018;Iris;ACCEPTED;0.98342;0.086803;Iris;0.9997749328613281;HIGH;HW_HERO_0018;Iris;Iris;EXACT_ALIAS;1.0;iris;iris;CONFIRMED;HW_HERO_0018;Iris;0
31748;L;5;31748_Hero_Wars_2026-04-29-06-50-40__L5.png;31748_Hero_Wars_2026-04-29-06-50-40__L5.png;HW_HERO_0012;Electra von Grave;ACCEPTED;0.968715;0.08301;Electra von Grave;0.9520646663431814;HIGH;HW_HERO_0012;Electra von Grave;Electra von Grave;EXACT_ALIAS;1.0;electra von grave;electra von grave;CONFIRMED;HW_HERO_0012;Electra von Grave;0
31748;R;1;31748_Hero_Wars_2026-04-29-06-50-40__R1.png;31748_Hero_Wars_2026-04-29-06-50-40__R1.png;HW_HERO_0026;Kayla;ACCEPTED;0.976782;0.09523;Kavla;0.9999295212230151;HIGH;HW_HERO_0026;Kayla;Kayla;VISUAL_ALIAS_ONE_EDIT_OCR;0.8;kavla;kayla;CONFIRMED;HW_HERO_0026;Kayla;0
31748;R;2;31748_Hero_Wars_2026-04-29-06-50-40__R2.png;31748_Hero_Wars_2026-04-29-06-50-40__R2.png;HW_HERO_0018;Iris;ACCEPTED;0.983468;0.077785;Iris;0.9997883439064026;HIGH;HW_HERO_0018;Iris;Iris;EXACT_ALIAS;1.0;iris;iris;CONFIRMED;HW_HERO_0018;Iris;0
31748;R;3;31748_Hero_Wars_2026-04-29-06-50-40__R3.png;31748_Hero_Wars_2026-04-29-06-50-40__R3.png;HW_HERO_0040;Peech;ACCEPTED;0.951854;0.067057;Peech;0.9999938192881466;HIGH;HW_HERO_0040;Peech;Peech;EXACT_ALIAS;1.0;peech;peech;CONFIRMED;HW_HERO_0040;Peech;0
31748;R;4;31748_Hero_Wars_2026-04-29-06-50-40__R4.png;31748_Hero_Wars_2026-04-29-06-50-40__R4.png;HW_HERO_0051;Xe'Sha;ACCEPTED;0.970665;0.093523;Xe'Sha;0.9992135206080545;HIGH;HW_HERO_0051;Xe'Sha;Xe'Sha;EXACT_ALIAS;1.0;xe sha;xe sha;CONFIRMED;HW_HERO_0051;Xe'Sha;0
31748;R;5;31748_Hero_Wars_2026-04-29-06-50-40__R5.png;31748_Hero_Wars_2026-04-29-06-50-40__R5.png;HW_HERO_0001;Aidan;ACCEPTED;0.96753;0.082377;Aidan;0.9999417297672174;HIGH;HW_HERO_0001;Aidan;Aidan;EXACT_ALIAS;1.0;aidan;aidan;CONFIRMED;HW_HERO_0001;Aidan;0
32482;L;1;32482_Screenshot_20260404_151436_Hero_Wars__L1.png;32482_Screenshot_20260404_151436_Hero_Wars__L1.png;HW_HERO_0018;Iris;ACCEPTED;0.977131;0.069368;Iris;0.9935668706893921;HIGH;HW_HERO_0018;Iris;Iris;EXACT_ALIAS;1.0;iris;iris;CONFIRMED;HW_HERO_0018;Iris;0
32482;L;2;32482_Screenshot_20260404_151436_Hero_Wars__L2.png;32482_Screenshot_20260404_151436_Hero_Wars__L2.png;HW_HERO_0047;Soleil;ACCEPTED;0.959904;0.099735;Soleil;0.9992518281363303;HIGH;HW_HERO_0047;Soleil;Soleil;EXACT_ALIAS;1.0;soleil;soleil;CONFIRMED;HW_HERO_0047;Soleil;0
32482;L;3;32482_Screenshot_20260404_151436_Hero_Wars__L3.png;32482_Screenshot_20260404_151436_Hero_Wars__L3.png;HW_HERO_0024;Julius;ACCEPTED;0.97332;0.136902;Julius;0.9999982966550706;HIGH;HW_HERO_0024;Julius;Julius;EXACT_ALIAS;1.0;julius;julius;CONFIRMED;HW_HERO_0024;Julius;0
32482;L;4;32482_Screenshot_20260404_151436_Hero_Wars__L4.png;32482_Screenshot_20260404_151436_Hero_Wars__L4.png;HW_HERO_0042;Polaris;ACCEPTED;0.977605;0.10289;Polaris;0.9999931964042055;HIGH;HW_HERO_0042;Polaris;Polaris;EXACT_ALIAS;1.0;polaris;polaris;CONFIRMED;HW_HERO_0042;Polaris;0
32482;L;5;32482_Screenshot_20260404_151436_Hero_Wars__L5.png;32482_Screenshot_20260404_151436_Hero_Wars__L5.png;HW_HERO_0036;Nébula;ACCEPTED;0.959135;0.072458;Nebula;0.9998942940449607;HIGH;HW_HERO_0036;Nébula;Nébula;EXACT_ALIAS;1.0;nebula;nebula;CONFIRMED;HW_HERO_0036;Nébula;0
32482;R;1;32482_Screenshot_20260404_151436_Hero_Wars__R1.png;32482_Screenshot_20260404_151436_Hero_Wars__R1.png;HW_HERO_0024;Julius;ACCEPTED;0.964741;0.115087;Julius;0.9996283146818131;HIGH;HW_HERO_0024;Julius;Julius;EXACT_ALIAS;1.0;julius;julius;CONFIRMED;HW_HERO_0024;Julius;0
32482;R;2;32482_Screenshot_20260404_151436_Hero_Wars__R2.png;32482_Screenshot_20260404_151436_Hero_Wars__R2.png;HW_HERO_0048;Somna;ACCEPTED;0.954824;0.092728;Somna;0.9997470840254635;HIGH;HW_HERO_0048;Somna;Somna;EXACT_ALIAS;1.0;somna;somna;CONFIRMED;HW_HERO_0048;Somna;0
32482;R;3;32482_Screenshot_20260404_151436_Hero_Wars__R3.png;32482_Screenshot_20260404_151436_Hero_Wars__R3.png;HW_HERO_0042;Polaris;ACCEPTED;0.978165;0.110987;Polaris;0.9999799496251441;HIGH;HW_HERO_0042;Polaris;Polaris;EXACT_ALIAS;1.0;polaris;polaris;CONFIRMED;HW_HERO_0042;Polaris;0
32482;R;4;32482_Screenshot_20260404_151436_Hero_Wars__R4.png;32482_Screenshot_20260404_151436_Hero_Wars__R4.png;HW_HERO_0017;Guus;ACCEPTED;0.967023;0.133432;Guus;0.9998924136161804;HIGH;HW_HERO_0017;Guus;Guus;EXACT_ALIAS;1.0;guus;guus;CONFIRMED;HW_HERO_0017;Guus;0
32482;R;5;32482_Screenshot_20260404_151436_Hero_Wars__R5.png;32482_Screenshot_20260404_151436_Hero_Wars__R5.png;HW_HERO_0014;Folio;ACCEPTED;0.973125;0.124001;Folio;0.9999853391831908;HIGH;HW_HERO_0014;Folio;Folio;EXACT_ALIAS;1.0;folio;folio;CONFIRMED;HW_HERO_0014;Folio;0
32602;L;1;32602_Screenshot_20260430_140156_com_nexters_herowars_MessagingUnityPlayerActivity__L1.png;32602_Screenshot_20260430_140156_com_nexters_herowars_MessagingUnityPlayerActivity__L1.png;HW_HERO_0018;Iris;ACCEPTED;0.974732;0.078999;Iris;0.6282322705286482;MEDIUM;HW_HERO_0018;Iris;Iris;EXACT_ALIAS;1.0;iris;iris;CONFIRMED;HW_HERO_0018;Iris;0
32602;L;2;32602_Screenshot_20260430_140156_com_nexters_herowars_MessagingUnityPlayerActivity__L2.png;32602_Screenshot_20260430_140156_com_nexters_herowars_MessagingUnityPlayerActivity__L2.png;HW_HERO_0047;Soleil;ACCEPTED;0.972662;0.11185;Soleil;0.9993492202111544;HIGH;HW_HERO_0047;Soleil;Soleil;EXACT_ALIAS;1.0;soleil;soleil;CONFIRMED;HW_HERO_0047;Soleil;0
32602;L;3;32602_Screenshot_20260430_140156_com_nexters_herowars_MessagingUnityPlayerActivity__L3.png;32602_Screenshot_20260430_140156_com_nexters_herowars_MessagingUnityPlayerActivity__L3.png;HW_HERO_0049;Tempus;ACCEPTED;0.973935;0.113259;Tempus;0.9999001828865982;HIGH;HW_HERO_0049;Tempus;Tempus;EXACT_ALIAS;1.0;tempus;tempus;CONFIRMED;HW_HERO_0049;Tempus;0
32602;L;4;32602_Screenshot_20260430_140156_com_nexters_herowars_MessagingUnityPlayerActivity__L4.png;32602_Screenshot_20260430_140156_com_nexters_herowars_MessagingUnityPlayerActivity__L4.png;HW_HERO_0048;Somna;ACCEPTED;0.960708;0.089936;Somna;0.9998798338659671;HIGH;HW_HERO_0048;Somna;Somna;EXACT_ALIAS;1.0;somna;somna;CONFIRMED;HW_HERO_0048;Somna;0
32602;L;5;32602_Screenshot_20260430_140156_com_nexters_herowars_MessagingUnityPlayerActivity__L5.png;32602_Screenshot_20260430_140156_com_nexters_herowars_MessagingUnityPlayerActivity__L5.png;HW_HERO_0003;Astaroth;ACCEPTED;0.910225;0.095872;Astaroth;0.9999720143303823;HIGH;HW_HERO_0003;Astaroth;Astaroth;EXACT_ALIAS;1.0;astaroth;astaroth;CONFIRMED;HW_HERO_0003;Astaroth;0
32602;R;1;32602_Screenshot_20260430_140156_com_nexters_herowars_MessagingUnityPlayerActivity__R1.png;32602_Screenshot_20260430_140156_com_nexters_herowars_MessagingUnityPlayerActivity__R1.png;HW_HERO_0026;Kayla;ACCEPTED;0.97366;0.102123;Kavla;0.8866986785281419;HIGH;HW_HERO_0026;Kayla;Kayla;VISUAL_ALIAS_ONE_EDIT_OCR;0.8;kavla;kayla;CONFIRMED;HW_HERO_0026;Kayla;0
32602;R;2;32602_Screenshot_20260430_140156_com_nexters_herowars_MessagingUnityPlayerActivity__R2.png;32602_Screenshot_20260430_140156_com_nexters_herowars_MessagingUnityPlayerActivity__R2.png;HW_HERO_0051;Xe'Sha;ACCEPTED;0.977367;0.098527;Xe'Sha;0.9599131824524857;HIGH;HW_HERO_0051;Xe'Sha;Xe'Sha;EXACT_ALIAS;1.0;xe sha;xe sha;CONFIRMED;HW_HERO_0051;Xe'Sha;0
32602;R;3;32602_Screenshot_20260430_140156_com_nexters_herowars_MessagingUnityPlayerActivity__R3.png;32602_Screenshot_20260430_140156_com_nexters_herowars_MessagingUnityPlayerActivity__R3.png;HW_HERO_0044;Rufus;ACCEPTED;0.965258;0.084854;Rufus;0.9999939224281105;HIGH;HW_HERO_0044;Rufus;Rufus;EXACT_ALIAS;1.0;rufus;rufus;CONFIRMED;HW_HERO_0044;Rufus;0
32602;R;4;32602_Screenshot_20260430_140156_com_nexters_herowars_MessagingUnityPlayerActivity__R4.png;32602_Screenshot_20260430_140156_com_nexters_herowars_MessagingUnityPlayerActivity__R4.png;HW_HERO_0050;Tristan;ACCEPTED;0.918503;0.062653;Tristan;0.999965891756825;HIGH;HW_HERO_0050;Tristan;Tristan;EXACT_ALIAS;1.0;tristan;tristan;CONFIRMED;HW_HERO_0050;Tristan;0
32602;R;5;32602_Screenshot_20260430_140156_com_nexters_herowars_MessagingUnityPlayerActivity__R5.png;32602_Screenshot_20260430_140156_com_nexters_herowars_MessagingUnityPlayerActivity__R5.png;HW_HERO_0001;Aidan;ACCEPTED;0.970004;0.081717;Aidan;0.9998943882400042;HIGH;HW_HERO_0001;Aidan;Aidan;EXACT_ALIAS;1.0;aidan;aidan;CONFIRMED;HW_HERO_0001;Aidan;0
32627;L;1;32627_Screenshot_20260501-151306__L1.png;32627_Screenshot_20260501-151306__L1.png;HW_HERO_0014;Folio;ACCEPTED;0.95562;0.129194;Folio;0.9999711581507927;HIGH;HW_HERO_0014;Folio;Folio;EXACT_ALIAS;1.0;folio;folio;CONFIRMED;HW_HERO_0014;Folio;0
32627;L;2;32627_Screenshot_20260501-151306__L2.png;32627_Screenshot_20260501-151306__L2.png;HW_HERO_0004;Byrna;ACCEPTED;0.969823;0.110806;Bvrna;0.9995436368586652;HIGH;HW_HERO_0004;Byrna;Byrna;VISUAL_ALIAS_ONE_EDIT_OCR;0.8;bvrna;byrna;CONFIRMED;HW_HERO_0004;Byrna;0
32627;L;3;32627_Screenshot_20260501-151306__L3.png;32627_Screenshot_20260501-151306__L3.png;HW_HERO_0008;Corvus;ACCEPTED;0.971839;0.121021;Corvus;0.9998653850729567;HIGH;HW_HERO_0008;Corvus;Corvus;EXACT_ALIAS;1.0;corvus;corvus;CONFIRMED;HW_HERO_0008;Corvus;0
32627;L;4;32627_Screenshot_20260501-151306__L4.png;32627_Screenshot_20260501-151306__L4.png;HW_HERO_0012;Electra von Grave;ACCEPTED;0.951778;0.068549;Electra von Grave;0.7290715231934493;MEDIUM;HW_HERO_0012;Electra von Grave;Electra von Grave;EXACT_ALIAS;1.0;electra von grave;electra von grave;CONFIRMED;HW_HERO_0012;Electra von Grave;0
32627;L;5;32627_Screenshot_20260501-151306__L5.png;32627_Screenshot_20260501-151306__L5.png;HW_HERO_0001;Aidan;ACCEPTED;0.971859;0.087975;Aidan;0.9999636944399963;HIGH;HW_HERO_0001;Aidan;Aidan;EXACT_ALIAS;1.0;aidan;aidan;CONFIRMED;HW_HERO_0001;Aidan;0
32627;R;1;32627_Screenshot_20260501-151306__R1.png;32627_Screenshot_20260501-151306__R1.png;HW_HERO_0018;Iris;ACCEPTED;0.957048;0.068895;Iris;0.9997386336326599;HIGH;HW_HERO_0018;Iris;Iris;EXACT_ALIAS;1.0;iris;iris;CONFIRMED;HW_HERO_0018;Iris;0
32627;R;2;32627_Screenshot_20260501-151306__R2.png;32627_Screenshot_20260501-151306__R2.png;HW_HERO_0008;Corvus;ACCEPTED;0.972822;0.111511;Corvus;0.7537433102329129;MEDIUM;HW_HERO_0008;Corvus;Corvus;EXACT_ALIAS;1.0;corvus;corvus;CONFIRMED;HW_HERO_0008;Corvus;0
32627;R;3;32627_Screenshot_20260501-151306__R3.png;32627_Screenshot_20260501-151306__R3.png;HW_HERO_0010;Dante;ACCEPTED;0.960937;0.105732;Dante;0.999975156564586;HIGH;HW_HERO_0010;Dante;Dante;EXACT_ALIAS;1.0;dante;dante;CONFIRMED;HW_HERO_0010;Dante;0
32627;R;4;32627_Screenshot_20260501-151306__R4.png;32627_Screenshot_20260501-151306__R4.png;HW_HERO_0037;Octavia;ACCEPTED;0.961041;0.090663;Octavia;0.9997191477553067;HIGH;HW_HERO_0037;Octavia;Octavia;EXACT_ALIAS;1.0;octavia;octavia;CONFIRMED;HW_HERO_0037;Octavia;0
32627;R;5;32627_Screenshot_20260501-151306__R5.png;32627_Screenshot_20260501-151306__R5.png;HW_HERO_0055;Morrigan;ACCEPTED;0.9914;0.103733;Morrigan;0.9971394836555059;HIGH;HW_HERO_0055;Morrigan;Morrigan;EXACT_ALIAS;1.0;morrigan;morrigan;CONFIRMED;HW_HERO_0055;Morrigan;0
32650;L;1;32650_Screenshot_20260501_153807_Hero_Wars__L1.png;32650_Screenshot_20260501_153807_Hero_Wars__L1.png;HW_HERO_0018;Iris;ACCEPTED;0.972628;0.071993;Iris;0.9997803568840027;HIGH;HW_HERO_0018;Iris;Iris;EXACT_ALIAS;1.0;iris;iris;CONFIRMED;HW_HERO_0018;Iris;0
32650;L;2;32650_Screenshot_20260501_153807_Hero_Wars__L2.png;32650_Screenshot_20260501_153807_Hero_Wars__L2.png;HW_HERO_0008;Corvus;ACCEPTED;0.934327;0.071187;Corvus;0.9994713477597297;HIGH;HW_HERO_0008;Corvus;Corvus;EXACT_ALIAS;1.0;corvus;corvus;CONFIRMED;HW_HERO_0008;Corvus;0
32650;L;3;32650_Screenshot_20260501_153807_Hero_Wars__L3.png;32650_Screenshot_20260501_153807_Hero_Wars__L3.png;HW_HERO_0055;Morrigan;ACCEPTED;0.996457;0.10284;Morriaan;0.9986140665812625;HIGH;HW_HERO_0055;Morrigan;Morrigan;VISUAL_ALIAS_ONE_EDIT_OCR;0.875;morriaan;morrigan;CONFIRMED;HW_HERO_0055;Morrigan;0
32650;L;4;32650_Screenshot_20260501_153807_Hero_Wars__L4.png;32650_Screenshot_20260501_153807_Hero_Wars__L4.png;HW_HERO_0048;Somna;ACCEPTED;0.973149;0.106862;Somna;0.9997921872166691;HIGH;HW_HERO_0048;Somna;Somna;EXACT_ALIAS;1.0;somna;somna;CONFIRMED;HW_HERO_0048;Somna;0
32650;L;5;32650_Screenshot_20260501_153807_Hero_Wars__L5.png;32650_Screenshot_20260501_153807_Hero_Wars__L5.png;HW_HERO_0049;Tempus;ACCEPTED;0.972501;0.098102;Tempus;0.9999444219518284;HIGH;HW_HERO_0049;Tempus;Tempus;EXACT_ALIAS;1.0;tempus;tempus;CONFIRMED;HW_HERO_0049;Tempus;0
32650;R;1;32650_Screenshot_20260501_153807_Hero_Wars__R1.png;32650_Screenshot_20260501_153807_Hero_Wars__R1.png;HW_HERO_0026;Kayla;ACCEPTED;0.982554;0.102936;Kavla;0.9998858582069715;HIGH;HW_HERO_0026;Kayla;Kayla;VISUAL_ALIAS_ONE_EDIT_OCR;0.8;kavla;kayla;CONFIRMED;HW_HERO_0026;Kayla;0
32650;R;2;32650_Screenshot_20260501_153807_Hero_Wars__R2.png;32650_Screenshot_20260501_153807_Hero_Wars__R2.png;HW_HERO_0050;Tristan;ACCEPTED;0.927579;0.064693;Tristan;0.9999058296968585;HIGH;HW_HERO_0050;Tristan;Tristan;EXACT_ALIAS;1.0;tristan;tristan;CONFIRMED;HW_HERO_0050;Tristan;0
32650;R;3;32650_Screenshot_20260501_153807_Hero_Wars__R3.png;32650_Screenshot_20260501_153807_Hero_Wars__R3.png;HW_HERO_0001;Aidan;ACCEPTED;0.97576;0.094375;Aidan;0.9999515925520873;HIGH;HW_HERO_0001;Aidan;Aidan;EXACT_ALIAS;1.0;aidan;aidan;CONFIRMED;HW_HERO_0001;Aidan;0
32650;R;4;32650_Screenshot_20260501_153807_Hero_Wars__R4.png;32650_Screenshot_20260501_153807_Hero_Wars__R4.png;HW_HERO_0003;Astaroth;ACCEPTED;0.909897;0.111125;Astaroth;0.9778341184647936;HIGH;HW_HERO_0003;Astaroth;Astaroth;EXACT_ALIAS;1.0;astaroth;astaroth;CONFIRMED;HW_HERO_0003;Astaroth;0
32650;R;5;32650_Screenshot_20260501_153807_Hero_Wars__R5.png;32650_Screenshot_20260501_153807_Hero_Wars__R5.png;HW_HERO_0013;Fafnir;ACCEPTED;0.940558;0.099047;Fafnir;0.9999807278307508;HIGH;HW_HERO_0013;Fafnir;Fafnir;EXACT_ALIAS;1.0;fafnir;fafnir;CONFIRMED;HW_HERO_0013;Fafnir;0
32673;L;1;32673_06FE8A72-7873-4333-B460-757365D2D467__L1.png;32673_06FE8A72-7873-4333-B460-757365D2D467__L1.png;HW_HERO_0045;Satori;ACCEPTED;0.97715;0.059242;Satori;0.7430213072895494;MEDIUM;HW_HERO_0045;Satori;Satori;EXACT_ALIAS;1.0;satori;satori;CONFIRMED;HW_HERO_0045;Satori;0
32673;L;2;32673_06FE8A72-7873-4333-B460-757365D2D467__L2.png;32673_06FE8A72-7873-4333-B460-757365D2D467__L2.png;HW_HERO_0026;Kayla;ACCEPTED;0.955554;0.072112;Kavla;0.9998138323980854;HIGH;HW_HERO_0026;Kayla;Kayla;VISUAL_ALIAS_ONE_EDIT_OCR;0.8;kavla;kayla;CONFIRMED;HW_HERO_0026;Kayla;0
32673;L;3;32673_06FE8A72-7873-4333-B460-757365D2D467__L3.png;32673_06FE8A72-7873-4333-B460-757365D2D467__L3.png;HW_HERO_0005;Cascade;ACCEPTED;0.96638;0.115776;Cascade;0.8160451205310598;MEDIUM;HW_HERO_0005;Cascade;Cascade;EXACT_ALIAS;1.0;cascade;cascade;CONFIRMED;HW_HERO_0005;Cascade;0
32673;L;4;32673_06FE8A72-7873-4333-B460-757365D2D467__L4.png;32673_06FE8A72-7873-4333-B460-757365D2D467__L4.png;HW_HERO_0048;Somna;ACCEPTED;0.928521;0.091636;Somna;0.9999267489747192;HIGH;HW_HERO_0048;Somna;Somna;EXACT_ALIAS;1.0;somna;somna;CONFIRMED;HW_HERO_0048;Somna;0
32673;L;5;32673_06FE8A72-7873-4333-B460-757365D2D467__L5.png;32673_06FE8A72-7873-4333-B460-757365D2D467__L5.png;HW_HERO_0003;Astaroth;ACCEPTED;0.958147;0.187192;Astaroth;0.9999625311609116;HIGH;HW_HERO_0003;Astaroth;Astaroth;EXACT_ALIAS;1.0;astaroth;astaroth;CONFIRMED;HW_HERO_0003;Astaroth;0
32673;R;1;32673_06FE8A72-7873-4333-B460-757365D2D467__R1.png;32673_06FE8A72-7873-4333-B460-757365D2D467__R1.png;HW_HERO_0008;Corvus;ACCEPTED;0.96923;0.117329;Corvus;0.999846014983247;HIGH;HW_HERO_0008;Corvus;Corvus;EXACT_ALIAS;1.0;corvus;corvus;CONFIRMED;HW_HERO_0008;Corvus;0
32673;R;2;32673_06FE8A72-7873-4333-B460-757365D2D467__R2.png;32673_06FE8A72-7873-4333-B460-757365D2D467__R2.png;HW_HERO_0026;Kayla;ACCEPTED;0.95367;0.068849;Kavla;0.9999149135967891;HIGH;HW_HERO_0026;Kayla;Kayla;VISUAL_ALIAS_ONE_EDIT_OCR;0.8;kavla;kayla;CONFIRMED;HW_HERO_0026;Kayla;0
32673;R;3;32673_06FE8A72-7873-4333-B460-757365D2D467__R3.png;32673_06FE8A72-7873-4333-B460-757365D2D467__R3.png;HW_HERO_0040;Peech;ACCEPTED;0.975954;0.095483;Peech;0.9999940823642687;HIGH;HW_HERO_0040;Peech;Peech;EXACT_ALIAS;1.0;peech;peech;CONFIRMED;HW_HERO_0040;Peech;0
32673;R;4;32673_06FE8A72-7873-4333-B460-757365D2D467__R4.png;32673_06FE8A72-7873-4333-B460-757365D2D467__R4.png;HW_HERO_0010;Dante;ACCEPTED;0.961618;0.098522;Dante;0.9999771824268544;HIGH;HW_HERO_0010;Dante;Dante;EXACT_ALIAS;1.0;dante;dante;CONFIRMED;HW_HERO_0010;Dante;0
32673;R;5;32673_06FE8A72-7873-4333-B460-757365D2D467__R5.png;32673_06FE8A72-7873-4333-B460-757365D2D467__R5.png;HW_HERO_0001;Aidan;ACCEPTED;0.968274;0.084644;Aidan;0.9999428493271587;HIGH;HW_HERO_0001;Aidan;Aidan;EXACT_ALIAS;1.0;aidan;aidan;CONFIRMED;HW_HERO_0001;Aidan;0
32831;L;1;32831_Screenshot_20260505_211932_Hero_Wars__L1.png;32831_Screenshot_20260505_211932_Hero_Wars__L1.png;HW_HERO_0018;Iris;ACCEPTED;0.967269;0.078189;Iris;0.9995532631874084;HIGH;HW_HERO_0018;Iris;Iris;EXACT_ALIAS;1.0;iris;iris;CONFIRMED;HW_HERO_0018;Iris;0
32831;L;2;32831_Screenshot_20260505_211932_Hero_Wars__L2.png;32831_Screenshot_20260505_211932_Hero_Wars__L2.png;HW_HERO_0010;Dante;ACCEPTED;0.930499;0.034179;Dante;0.9999808076528623;HIGH;HW_HERO_0010;Dante;Dante;EXACT_ALIAS;1.0;dante;dante;CONFIRMED;HW_HERO_0010;Dante;0
32831;L;3;32831_Screenshot_20260505_211932_Hero_Wars__L3.png;32831_Screenshot_20260505_211932_Hero_Wars__L3.png;HW_HERO_0049;Tempus;ACCEPTED;0.96943;0.115983;Tempus;0.9999025676219034;HIGH;HW_HERO_0049;Tempus;Tempus;EXACT_ALIAS;1.0;tempus;tempus;CONFIRMED;HW_HERO_0049;Tempus;0
32831;L;4;32831_Screenshot_20260505_211932_Hero_Wars__L4.png;32831_Screenshot_20260505_211932_Hero_Wars__L4.png;HW_HERO_0048;Somna;ACCEPTED;0.962222;0.097154;Somna;0.9998145787826649;HIGH;HW_HERO_0048;Somna;Somna;EXACT_ALIAS;1.0;somna;somna;CONFIRMED;HW_HERO_0048;Somna;0
32831;L;5;32831_Screenshot_20260505_211932_Hero_Wars__L5.png;32831_Screenshot_20260505_211932_Hero_Wars__L5.png;HW_HERO_0037;Octavia;ACCEPTED;0.977213;0.082443;Octavia;0.9255959908679161;HIGH;HW_HERO_0037;Octavia;Octavia;EXACT_ALIAS;1.0;octavia;octavia;CONFIRMED;HW_HERO_0037;Octavia;0
32831;R;1;32831_Screenshot_20260505_211932_Hero_Wars__R1.png;32831_Screenshot_20260505_211932_Hero_Wars__R1.png;HW_HERO_0042;Polaris;ACCEPTED;0.978168;0.099519;Polaris;0.9999847707383671;HIGH;HW_HERO_0042;Polaris;Polaris;EXACT_ALIAS;1.0;polaris;polaris;CONFIRMED;HW_HERO_0042;Polaris;0
32831;R;2;32831_Screenshot_20260505_211932_Hero_Wars__R2.png;32831_Screenshot_20260505_211932_Hero_Wars__R2.png;HW_HERO_0014;Folio;ACCEPTED;0.970156;0.103664;Folio;0.9999761161836156;HIGH;HW_HERO_0014;Folio;Folio;EXACT_ALIAS;1.0;folio;folio;CONFIRMED;HW_HERO_0014;Folio;0
32831;R;3;32831_Screenshot_20260505_211932_Hero_Wars__R3.png;32831_Screenshot_20260505_211932_Hero_Wars__R3.png;HW_HERO_0023;Juge;ACCEPTED;0.974383;0.122224;Juge;0.9993867874145508;HIGH;HW_HERO_0023;Juge;Juge;EXACT_ALIAS;1.0;juge;juge;CONFIRMED;HW_HERO_0023;Juge;0
32831;R;4;32831_Screenshot_20260505_211932_Hero_Wars__R4.png;32831_Screenshot_20260505_211932_Hero_Wars__R4.png;HW_HERO_0024;Julius;ACCEPTED;0.96664;0.137345;Julius;0.9999962039732647;HIGH;HW_HERO_0024;Julius;Julius;EXACT_ALIAS;1.0;julius;julius;CONFIRMED;HW_HERO_0024;Julius;0
32831;R;5;32831_Screenshot_20260505_211932_Hero_Wars__R5.png;32831_Screenshot_20260505_211932_Hero_Wars__R5.png;HW_HERO_0056;Isaac;ACCEPTED;0.967496;0.139009;Isaac;0.9996208897782191;HIGH;HW_HERO_0056;Isaac;Isaac;EXACT_ALIAS;1.0;isaac;isaac;CONFIRMED;HW_HERO_0056;Isaac;0
32934;L;1;32934_Screenshot_20260421-213008__L1.png;32934_Screenshot_20260421-213008__L1.png;HW_HERO_0057;Drayne;ACCEPTED;0.986612;0.135919;Dravne;0.9998820783238159;HIGH;HW_HERO_0057;Drayne;Drayne;VISUAL_ALIAS_ONE_EDIT_OCR;0.8333333333333334;dravne;drayne;CONFIRMED;HW_HERO_0057;Drayne;0
32934;L;2;32934_Screenshot_20260421-213008__L2.png;32934_Screenshot_20260421-213008__L2.png;HW_HERO_0004;Byrna;ACCEPTED;0.967006;0.099055;Bvrna;0.9999051573944406;HIGH;HW_HERO_0004;Byrna;Byrna;VISUAL_ALIAS_ONE_EDIT_OCR;0.8;bvrna;byrna;CONFIRMED;HW_HERO_0004;Byrna;0
32934;L;3;32934_Screenshot_20260421-213008__L3.png;32934_Screenshot_20260421-213008__L3.png;HW_HERO_0037;Octavia;ACCEPTED;0.957005;0.078947;Octavia;0.9999257904356665;HIGH;HW_HERO_0037;Octavia;Octavia;EXACT_ALIAS;1.0;octavia;octavia;CONFIRMED;HW_HERO_0037;Octavia;0
32934;L;4;32934_Screenshot_20260421-213008__L4.png;32934_Screenshot_20260421-213008__L4.png;HW_HERO_0010;Dante;ACCEPTED;0.959566;0.098398;Dante;0.6841505590188016;MEDIUM;HW_HERO_0010;Dante;Dante;EXACT_ALIAS;1.0;dante;dante;CONFIRMED;HW_HERO_0010;Dante;0
32934;L;5;32934_Screenshot_20260421-213008__L5.png;32934_Screenshot_20260421-213008__L5.png;HW_HERO_0048;Somna;ACCEPTED;0.916944;0.085842;Somna;0.9997394601762701;HIGH;HW_HERO_0048;Somna;Somna;EXACT_ALIAS;1.0;somna;somna;CONFIRMED;HW_HERO_0048;Somna;0
32934;R;1;32934_Screenshot_20260421-213008__R1.png;32934_Screenshot_20260421-213008__R1.png;HW_HERO_0026;Kayla;ACCEPTED;0.968113;0.086027;Kavla;0.9999017986992291;HIGH;HW_HERO_0026;Kayla;Kayla;VISUAL_ALIAS_ONE_EDIT_OCR;0.8;kavla;kayla;CONFIRMED;HW_HERO_0026;Kayla;0
32934;R;2;32934_Screenshot_20260421-213008__R2.png;32934_Screenshot_20260421-213008__R2.png;HW_HERO_0040;Peech;ACCEPTED;0.978281;0.108385;Peech;0.9999940823642687;HIGH;HW_HERO_0040;Peech;Peech;EXACT_ALIAS;1.0;peech;peech;CONFIRMED;HW_HERO_0040;Peech;0
32934;R;3;32934_Screenshot_20260421-213008__R3.png;32934_Screenshot_20260421-213008__R3.png;HW_HERO_0048;Somna;ACCEPTED;0.916633;0.084435;Somna;0.9998372368546706;HIGH;HW_HERO_0048;Somna;Somna;EXACT_ALIAS;1.0;somna;somna;CONFIRMED;HW_HERO_0048;Somna;0
32934;R;4;32934_Screenshot_20260421-213008__R4.png;32934_Screenshot_20260421-213008__R4.png;HW_HERO_0001;Aidan;ACCEPTED;0.974035;0.088542;Aidan;0.9999760095592845;HIGH;HW_HERO_0001;Aidan;Aidan;EXACT_ALIAS;1.0;aidan;aidan;CONFIRMED;HW_HERO_0001;Aidan;0
32934;R;5;32934_Screenshot_20260421-213008__R5.png;32934_Screenshot_20260421-213008__R5.png;HW_HERO_0017;Guus;ACCEPTED;0.955613;0.138821;Guus;0.9995746612548828;HIGH;HW_HERO_0017;Guus;Guus;EXACT_ALIAS;1.0;guus;guus;CONFIRMED;HW_HERO_0017;Guus;0
33355;L;1;33355_Screenshot_20260512_191240_com_nexters_herowars_MessagingUnityPlayerActivity__L1.png;33355_Screenshot_20260512_191240_com_nexters_herowars_MessagingUnityPlayerActivity__L1.png;HW_HERO_0035;Mojo;ACCEPTED;0.925538;0.099186;Moio;0.9993000030517578;HIGH;HW_HERO_0035;Mojo;Mojo;VISUAL_ALIAS_ONE_EDIT_OCR;0.75;moio;mojo;CONFIRMED;HW_HERO_0035;Mojo;0
33355;L;2;33355_Screenshot_20260512_191240_com_nexters_herowars_MessagingUnityPlayerActivity__L2.png;33355_Screenshot_20260512_191240_com_nexters_herowars_MessagingUnityPlayerActivity__L2.png;HW_HERO_0007;Champi et Gnon;ACCEPTED;0.954505;0.05982;Champi et Gnon;0.7944090814079798;MEDIUM;HW_HERO_0007;Champi et Gnon;Champi et Gnon;EXACT_ALIAS;1.0;champi et gnon;champi et gnon;CONFIRMED;HW_HERO_0007;Champi et Gnon;0
33355;L;3;33355_Screenshot_20260512_191240_com_nexters_herowars_MessagingUnityPlayerActivity__L3.png;33355_Screenshot_20260512_191240_com_nexters_herowars_MessagingUnityPlayerActivity__L3.png;HW_HERO_0051;Xe'Sha;ACCEPTED;0.975359;0.091456;Xe'Sha;0.9792120334781136;HIGH;HW_HERO_0051;Xe'Sha;Xe'Sha;EXACT_ALIAS;1.0;xe sha;xe sha;CONFIRMED;HW_HERO_0051;Xe'Sha;0
33355;L;4;33355_Screenshot_20260512_191240_com_nexters_herowars_MessagingUnityPlayerActivity__L4.png;33355_Screenshot_20260512_191240_com_nexters_herowars_MessagingUnityPlayerActivity__L4.png;HW_HERO_0004;Byrna;ACCEPTED;0.976276;0.122906;Byrna;0.9984469852217044;HIGH;HW_HERO_0004;Byrna;Byrna;EXACT_ALIAS;1.0;byrna;byrna;CONFIRMED;HW_HERO_0004;Byrna;0
33355;L;5;33355_Screenshot_20260512_191240_com_nexters_herowars_MessagingUnityPlayerActivity__L5.png;33355_Screenshot_20260512_191240_com_nexters_herowars_MessagingUnityPlayerActivity__L5.png;HW_HERO_0048;Somna;ACCEPTED;0.963736;0.097778;Somna;0.9999242966004701;HIGH;HW_HERO_0048;Somna;Somna;EXACT_ALIAS;1.0;somna;somna;CONFIRMED;HW_HERO_0048;Somna;0
33355;R;1;33355_Screenshot_20260512_191240_com_nexters_herowars_MessagingUnityPlayerActivity__R1.png;33355_Screenshot_20260512_191240_com_nexters_herowars_MessagingUnityPlayerActivity__R1.png;HW_HERO_0026;Kayla;ACCEPTED;0.965754;0.095038;Kavla;0.9999520723629501;HIGH;HW_HERO_0026;Kayla;Kayla;VISUAL_ALIAS_ONE_EDIT_OCR;0.8;kavla;kayla;CONFIRMED;HW_HERO_0026;Kayla;0
33355;R;2;33355_Screenshot_20260512_191240_com_nexters_herowars_MessagingUnityPlayerActivity__R2.png;33355_Screenshot_20260512_191240_com_nexters_herowars_MessagingUnityPlayerActivity__R2.png;HW_HERO_0024;Julius;ACCEPTED;0.970892;0.135414;Julius;0.999998783325117;HIGH;HW_HERO_0024;Julius;Julius;EXACT_ALIAS;1.0;julius;julius;CONFIRMED;HW_HERO_0024;Julius;0
33355;R;3;33355_Screenshot_20260512_191240_com_nexters_herowars_MessagingUnityPlayerActivity__R3.png;33355_Screenshot_20260512_191240_com_nexters_herowars_MessagingUnityPlayerActivity__R3.png;HW_HERO_0048;Somna;ACCEPTED;0.957074;0.088669;Somna;0.9998840455738456;HIGH;HW_HERO_0048;Somna;Somna;EXACT_ALIAS;1.0;somna;somna;CONFIRMED;HW_HERO_0048;Somna;0
33355;R;4;33355_Screenshot_20260512_191240_com_nexters_herowars_MessagingUnityPlayerActivity__R4.png;33355_Screenshot_20260512_191240_com_nexters_herowars_MessagingUnityPlayerActivity__R4.png;HW_HERO_0017;Guus;ACCEPTED;0.966424;0.130931;Guus;0.9999477863311768;HIGH;HW_HERO_0017;Guus;Guus;EXACT_ALIAS;1.0;guus;guus;CONFIRMED;HW_HERO_0017;Guus;0
33355;R;5;33355_Screenshot_20260512_191240_com_nexters_herowars_MessagingUnityPlayerActivity__R5.png;33355_Screenshot_20260512_191240_com_nexters_herowars_MessagingUnityPlayerActivity__R5.png;HW_HERO_0001;Aidan;ACCEPTED;0.971573;0.092128;Aidan;0.9999469543790112;HIGH;HW_HERO_0001;Aidan;Aidan;EXACT_ALIAS;1.0;aidan;aidan;CONFIRMED;HW_HERO_0001;Aidan;0
33446;L;1;33446_IMG_4621__L1.png;33446_IMG_4621__L1.png;HW_HERO_0018;Iris;ACCEPTED;0.968253;0.070098;Iris;0.9957149747179318;HIGH;HW_HERO_0018;Iris;Iris;EXACT_ALIAS;1.0;iris;iris;CONFIRMED;HW_HERO_0018;Iris;0
33446;L;2;33446_IMG_4621__L2.png;33446_IMG_4621__L2.png;HW_HERO_0039;Oya;ACCEPTED;0.941066;0.076135;Ova;0.9999389520174873;HIGH;HW_HERO_0039;Oya;Oya;VISUAL_ALIAS_ONE_EDIT_OCR;0.6666666666666667;ova;oya;CONFIRMED;HW_HERO_0039;Oya;0
33446;L;3;33446_IMG_4621__L3.png;33446_IMG_4621__L3.png;HW_HERO_0047;Soleil;ACCEPTED;0.958748;0.09451;Soleil;0.9999407718805878;HIGH;HW_HERO_0047;Soleil;Soleil;EXACT_ALIAS;1.0;soleil;soleil;CONFIRMED;HW_HERO_0047;Soleil;0
33446;L;4;33446_IMG_4621__L4.png;33446_IMG_4621__L4.png;HW_HERO_0062;Luther;ACCEPTED;0.978419;0.11651;Luther;0.99858950435615;HIGH;HW_HERO_0062;Luther;Luther;EXACT_ALIAS;1.0;luther;luther;CONFIRMED;HW_HERO_0062;Luther;0
33446;L;5;33446_IMG_4621__L5.png;33446_IMG_4621__L5.png;HW_HERO_0044;Rufus;ACCEPTED;0.978321;0.08602;Rufus;0.5753474832211801;LOW;HW_HERO_0044;Rufus;Rufus;EXACT_ALIAS;1.0;rufus;rufus;CONFIRMED;HW_HERO_0044;Rufus;0
33446;R;1;33446_IMG_4621__R1.png;33446_IMG_4621__R1.png;HW_HERO_0024;Julius;ACCEPTED;0.96399;0.126957;Julius;0.9999988319921188;HIGH;HW_HERO_0024;Julius;Julius;EXACT_ALIAS;1.0;julius;julius;CONFIRMED;HW_HERO_0024;Julius;0
33446;R;2;33446_IMG_4621__R2.png;33446_IMG_4621__R2.png;HW_HERO_0014;Folio;ACCEPTED;0.954104;0.119167;Folio;0.9999753698132687;HIGH;HW_HERO_0014;Folio;Folio;EXACT_ALIAS;1.0;folio;folio;CONFIRMED;HW_HERO_0014;Folio;0
33446;R;3;33446_IMG_4621__R3.png;33446_IMG_4621__R3.png;HW_HERO_0042;Polaris;ACCEPTED;0.960284;0.093834;Polaris;0.9819409916053755;HIGH;HW_HERO_0042;Polaris;Polaris;EXACT_ALIAS;1.0;polaris;polaris;CONFIRMED;HW_HERO_0042;Polaris;0
33446;R;4;33446_IMG_4621__R4.png;33446_IMG_4621__R4.png;HW_HERO_0023;Juge;ACCEPTED;0.994281;0.158622;Judge;0.8660571967434041;HIGH;HW_HERO_0023;Juge;Judge;EXACT_ALIAS;1.0;judge;judge;CONFIRMED;HW_HERO_0023;Juge;0
33446;R;5;33446_IMG_4621__R5.png;33446_IMG_4621__R5.png;HW_HERO_0034;Miu;ACCEPTED;0.962577;0.066973;Miu;0.9999898138306694;HIGH;HW_HERO_0034;Miu;Miu;EXACT_ALIAS;1.0;miu;miu;CONFIRMED;HW_HERO_0034;Miu;0
33598;L;1;33598_75B8426F-6DBF-40F3-AE3C-477CEE0E2D4D__L1.png;33598_75B8426F-6DBF-40F3-AE3C-477CEE0E2D4D__L1.png;HW_HERO_0026;Kayla;ACCEPTED;0.959701;0.064512;Kavla;0.9960477504495737;HIGH;HW_HERO_0026;Kayla;Kayla;VISUAL_ALIAS_ONE_EDIT_OCR;0.8;kavla;kayla;CONFIRMED;HW_HERO_0026;Kayla;0
33598;L;2;33598_75B8426F-6DBF-40F3-AE3C-477CEE0E2D4D__L2.png;33598_75B8426F-6DBF-40F3-AE3C-477CEE0E2D4D__L2.png;HW_HERO_0070;Heidi;ACCEPTED;0.952563;0.099049;Heidi;0.9999923763784254;HIGH;HW_HERO_0070;Heidi;Heidi;EXACT_ALIAS;1.0;heidi;heidi;CONFIRMED;HW_HERO_0070;Heidi;0
33598;L;3;33598_75B8426F-6DBF-40F3-AE3C-477CEE0E2D4D__L3.png;33598_75B8426F-6DBF-40F3-AE3C-477CEE0E2D4D__L3.png;HW_HERO_0010;Dante;ACCEPTED;0.959821;0.093467;Dante;0.9999752098767573;HIGH;HW_HERO_0010;Dante;Dante;EXACT_ALIAS;1.0;dante;dante;CONFIRMED;HW_HERO_0010;Dante;0
33598;L;4;33598_75B8426F-6DBF-40F3-AE3C-477CEE0E2D4D__L4.png;33598_75B8426F-6DBF-40F3-AE3C-477CEE0E2D4D__L4.png;HW_HERO_0037;Octavia;ACCEPTED;0.947503;0.087146;Octavia;0.9936224605209149;HIGH;HW_HERO_0037;Octavia;Octavia;EXACT_ALIAS;1.0;octavia;octavia;CONFIRMED;HW_HERO_0037;Octavia;0
33598;L;5;33598_75B8426F-6DBF-40F3-AE3C-477CEE0E2D4D__L5.png;33598_75B8426F-6DBF-40F3-AE3C-477CEE0E2D4D__L5.png;HW_HERO_0017;Guus;ACCEPTED;0.94796;0.127309;Guus;0.9996466040611267;HIGH;HW_HERO_0017;Guus;Guus;EXACT_ALIAS;1.0;guus;guus;CONFIRMED;HW_HERO_0017;Guus;0
33598;R;1;33598_75B8426F-6DBF-40F3-AE3C-477CEE0E2D4D__R1.png;33598_75B8426F-6DBF-40F3-AE3C-477CEE0E2D4D__R1.png;HW_HERO_0018;Iris;ACCEPTED;0.962249;0.060587;Iris;0.5923272864054501;LOW;HW_HERO_0018;Iris;Iris;EXACT_ALIAS;1.0;iris;iris;CONFIRMED;HW_HERO_0018;Iris;0
33598;R;2;33598_75B8426F-6DBF-40F3-AE3C-477CEE0E2D4D__R2.png;33598_75B8426F-6DBF-40F3-AE3C-477CEE0E2D4D__R2.png;HW_HERO_0008;Corvus;ACCEPTED;0.974808;0.119545;Corvus;0.6816787108058665;MEDIUM;HW_HERO_0008;Corvus;Corvus;EXACT_ALIAS;1.0;corvus;corvus;CONFIRMED;HW_HERO_0008;Corvus;0
33598;R;3;33598_75B8426F-6DBF-40F3-AE3C-477CEE0E2D4D__R3.png;33598_75B8426F-6DBF-40F3-AE3C-477CEE0E2D4D__R3.png;HW_HERO_0055;Morrigan;ACCEPTED;0.985979;0.103634;Morrigan;0.8851980466612622;HIGH;HW_HERO_0055;Morrigan;Morrigan;EXACT_ALIAS;1.0;morrigan;morrigan;CONFIRMED;HW_HERO_0055;Morrigan;0
33598;R;4;33598_75B8426F-6DBF-40F3-AE3C-477CEE0E2D4D__R4.png;33598_75B8426F-6DBF-40F3-AE3C-477CEE0E2D4D__R4.png;HW_HERO_0037;Octavia;ACCEPTED;0.95322;0.084331;Octavia;0.9998524352146233;HIGH;HW_HERO_0037;Octavia;Octavia;EXACT_ALIAS;1.0;octavia;octavia;CONFIRMED;HW_HERO_0037;Octavia;0
33598;R;5;33598_75B8426F-6DBF-40F3-AE3C-477CEE0E2D4D__R5.png;33598_75B8426F-6DBF-40F3-AE3C-477CEE0E2D4D__R5.png;HW_HERO_0010;Dante;ACCEPTED;0.959018;0.098609;Dante;0.9999838997561724;HIGH;HW_HERO_0010;Dante;Dante;EXACT_ALIAS;1.0;dante;dante;CONFIRMED;HW_HERO_0010;Dante;0
33717;L;1;33717_Screenshot_20260520_072906_Hero_Wars__L1.png;33717_Screenshot_20260520_072906_Hero_Wars__L1.png;HW_HERO_0018;Iris;ACCEPTED;0.971172;0.06877;Iris;0.999535083770752;HIGH;HW_HERO_0018;Iris;Iris;EXACT_ALIAS;1.0;iris;iris;CONFIRMED;HW_HERO_0018;Iris;0
33717;L;2;33717_Screenshot_20260520_072906_Hero_Wars__L2.png;33717_Screenshot_20260520_072906_Hero_Wars__L2.png;HW_HERO_0042;Polaris;ACCEPTED;0.989324;0.100306;Polaris;0.9999790034244717;HIGH;HW_HERO_0042;Polaris;Polaris;EXACT_ALIAS;1.0;polaris;polaris;CONFIRMED;HW_HERO_0042;Polaris;0
33717;L;3;33717_Screenshot_20260520_072906_Hero_Wars__L3.png;33717_Screenshot_20260520_072906_Hero_Wars__L3.png;HW_HERO_0012;Electra von Grave;ACCEPTED;0.978846;0.119619;Electra von Grave;0.8976621439313653;HIGH;HW_HERO_0012;Electra von Grave;Electra von Grave;EXACT_ALIAS;1.0;electra von grave;electra von grave;CONFIRMED;HW_HERO_0012;Electra von Grave;0
33717;L;4;33717_Screenshot_20260520_072906_Hero_Wars__L4.png;33717_Screenshot_20260520_072906_Hero_Wars__L4.png;HW_HERO_0048;Somna;ACCEPTED;0.970707;0.115309;Somna;0.9733089576740277;HIGH;HW_HERO_0048;Somna;Somna;EXACT_ALIAS;1.0;somna;somna;CONFIRMED;HW_HERO_0048;Somna;0
33717;L;5;33717_Screenshot_20260520_072906_Hero_Wars__L5.png;33717_Screenshot_20260520_072906_Hero_Wars__L5.png;HW_HERO_0014;Folio;ACCEPTED;0.979539;0.126989;Folio;0.7161336098919104;MEDIUM;HW_HERO_0014;Folio;Folio;EXACT_ALIAS;1.0;folio;folio;CONFIRMED;HW_HERO_0014;Folio;0
33717;R;1;33717_Screenshot_20260520_072906_Hero_Wars__R1.png;33717_Screenshot_20260520_072906_Hero_Wars__R1.png;HW_HERO_0007;Champi et Gnon;ACCEPTED;0.965807;0.073978;Champi et Gnon;0.995479529003152;HIGH;HW_HERO_0007;Champi et Gnon;Champi et Gnon;EXACT_ALIAS;1.0;champi et gnon;champi et gnon;CONFIRMED;HW_HERO_0007;Champi et Gnon;0
33717;R;2;33717_Screenshot_20260520_072906_Hero_Wars__R2.png;33717_Screenshot_20260520_072906_Hero_Wars__R2.png;HW_HERO_0004;Byrna;ACCEPTED;0.979376;0.127393;Byrna;0.9998033830070658;HIGH;HW_HERO_0004;Byrna;Byrna;EXACT_ALIAS;1.0;byrna;byrna;CONFIRMED;HW_HERO_0004;Byrna;0
33717;R;3;33717_Screenshot_20260520_072906_Hero_Wars__R3.png;33717_Screenshot_20260520_072906_Hero_Wars__R3.png;HW_HERO_0030;Lian;ACCEPTED;0.979513;0.076222;Lian;0.9981371164321899;HIGH;HW_HERO_0030;Lian;Lian;EXACT_ALIAS;1.0;lian;lian;CONFIRMED;HW_HERO_0030;Lian;0
33717;R;4;33717_Screenshot_20260520_072906_Hero_Wars__R4.png;33717_Screenshot_20260520_072906_Hero_Wars__R4.png;HW_HERO_0001;Aidan;ACCEPTED;0.953422;0.069292;Aidan;0.9999780354213488;HIGH;HW_HERO_0001;Aidan;Aidan;EXACT_ALIAS;1.0;aidan;aidan;CONFIRMED;HW_HERO_0001;Aidan;0
33717;R;5;33717_Screenshot_20260520_072906_Hero_Wars__R5.png;33717_Screenshot_20260520_072906_Hero_Wars__R5.png;HW_HERO_0049;Tempus;ACCEPTED;0.975726;0.110579;Tempus;0.999980143824319;HIGH;HW_HERO_0049;Tempus;Tempus;EXACT_ALIAS;1.0;tempus;tempus;CONFIRMED;HW_HERO_0049;Tempus;0
33885;L;1;33885_Hero_Wars_2026-05-19-06-38-19__L1.png;33885_Hero_Wars_2026-05-19-06-38-19__L1.png;HW_HERO_0026;Kayla;ACCEPTED;0.980884;0.100713;Kavla;0.9999461546937415;HIGH;HW_HERO_0026;Kayla;Kayla;VISUAL_ALIAS_ONE_EDIT_OCR;0.8;kavla;kayla;CONFIRMED;HW_HERO_0026;Kayla;0
33885;L;2;33885_Hero_Wars_2026-05-19-06-38-19__L2.png;33885_Hero_Wars_2026-05-19-06-38-19__L2.png;HW_HERO_0010;Dante;ACCEPTED;0.954899;0.070279;Dante;0.9998676785454105;HIGH;HW_HERO_0010;Dante;Dante;EXACT_ALIAS;1.0;dante;dante;CONFIRMED;HW_HERO_0010;Dante;0
33885;L;3;33885_Hero_Wars_2026-05-19-06-38-19__L3.png;33885_Hero_Wars_2026-05-19-06-38-19__L3.png;HW_HERO_0057;Drayne;ACCEPTED;0.99416;0.114006;Drayne;0.781765622930716;MEDIUM;HW_HERO_0057;Drayne;Drayne;EXACT_ALIAS;1.0;drayne;drayne;CONFIRMED;HW_HERO_0057;Drayne;0
33885;L;4;33885_Hero_Wars_2026-05-19-06-38-19__L4.png;33885_Hero_Wars_2026-05-19-06-38-19__L4.png;HW_HERO_0003;Astaroth;ACCEPTED;0.90826;0.125637;Astaroth;0.9999815396097729;HIGH;HW_HERO_0003;Astaroth;Astaroth;EXACT_ALIAS;1.0;astaroth;astaroth;CONFIRMED;HW_HERO_0003;Astaroth;0
33885;L;5;33885_Hero_Wars_2026-05-19-06-38-19__L5.png;33885_Hero_Wars_2026-05-19-06-38-19__L5.png;HW_HERO_0001;Aidan;ACCEPTED;0.982498;0.105962;Aidan;0.9999660934906123;HIGH;HW_HERO_0001;Aidan;Aidan;EXACT_ALIAS;1.0;aidan;aidan;CONFIRMED;HW_HERO_0001;Aidan;0
33885;R;1;33885_Hero_Wars_2026-05-19-06-38-19__R1.png;33885_Hero_Wars_2026-05-19-06-38-19__R1.png;HW_HERO_0026;Kayla;ACCEPTED;0.980095;0.101819;Kavla;0.9999439155745844;HIGH;HW_HERO_0026;Kayla;Kayla;VISUAL_ALIAS_ONE_EDIT_OCR;0.8;kavla;kayla;CONFIRMED;HW_HERO_0026;Kayla;0
33885;R;2;33885_Hero_Wars_2026-05-19-06-38-19__R2.png;33885_Hero_Wars_2026-05-19-06-38-19__R2.png;HW_HERO_0014;Folio;ACCEPTED;0.970878;0.11757;Folio;0.9999694521603333;HIGH;HW_HERO_0014;Folio;Folio;EXACT_ALIAS;1.0;folio;folio;CONFIRMED;HW_HERO_0014;Folio;0
33885;R;3;33885_Hero_Wars_2026-05-19-06-38-19__R3.png;33885_Hero_Wars_2026-05-19-06-38-19__R3.png;HW_HERO_0042;Polaris;ACCEPTED;0.974967;0.104628;Polaris;0.9999883302470524;HIGH;HW_HERO_0042;Polaris;Polaris;EXACT_ALIAS;1.0;polaris;polaris;CONFIRMED;HW_HERO_0042;Polaris;0
33885;R;4;33885_Hero_Wars_2026-05-19-06-38-19__R4.png;33885_Hero_Wars_2026-05-19-06-38-19__R4.png;HW_HERO_0024;Julius;ACCEPTED;0.983333;0.170039;Julius;0.9999974693158696;HIGH;HW_HERO_0024;Julius;Julius;EXACT_ALIAS;1.0;julius;julius;CONFIRMED;HW_HERO_0024;Julius;0
33885;R;5;33885_Hero_Wars_2026-05-19-06-38-19__R5.png;33885_Hero_Wars_2026-05-19-06-38-19__R5.png;HW_HERO_0001;Aidan;ACCEPTED;0.973017;0.103277;Aidan;0.9999759562471182;HIGH;HW_HERO_0001;Aidan;Aidan;EXACT_ALIAS;1.0;aidan;aidan;CONFIRMED;HW_HERO_0001;Aidan;0
34094;L;1;34094_Screenshot_20260521_225604_Hero_Wars__L1.png;34094_Screenshot_20260521_225604_Hero_Wars__L1.png;HW_HERO_0014;Folio;ACCEPTED;0.975044;0.129793;Folio;0.9999843795652058;HIGH;HW_HERO_0014;Folio;Folio;EXACT_ALIAS;1.0;folio;folio;CONFIRMED;HW_HERO_0014;Folio;0
34094;L;2;34094_Screenshot_20260521_225604_Hero_Wars__L2.png;34094_Screenshot_20260521_225604_Hero_Wars__L2.png;HW_HERO_0024;Julius;ACCEPTED;0.970166;0.131431;Julius;0.9999971286467422;HIGH;HW_HERO_0024;Julius;Julius;EXACT_ALIAS;1.0;julius;julius;CONFIRMED;HW_HERO_0024;Julius;0
34094;L;3;34094_Screenshot_20260521_225604_Hero_Wars__L3.png;34094_Screenshot_20260521_225604_Hero_Wars__L3.png;HW_HERO_0030;Lian;ACCEPTED;0.961779;0.066179;Lian;0.9994399547576904;HIGH;HW_HERO_0030;Lian;Lian;EXACT_ALIAS;1.0;lian;lian;CONFIRMED;HW_HERO_0030;Lian;0
34094;L;4;34094_Screenshot_20260521_225604_Hero_Wars__L4.png;34094_Screenshot_20260521_225604_Hero_Wars__L4.png;HW_HERO_0042;Polaris;ACCEPTED;0.973086;0.099555;Polaris;0.9998862851245452;HIGH;HW_HERO_0042;Polaris;Polaris;EXACT_ALIAS;1.0;polaris;polaris;CONFIRMED;HW_HERO_0042;Polaris;0
34094;L;5;34094_Screenshot_20260521_225604_Hero_Wars__L5.png;34094_Screenshot_20260521_225604_Hero_Wars__L5.png;HW_HERO_0058;Cornélius;ACCEPTED;0.973572;0.150294;Cornélius;0.9997736882272652;HIGH;HW_HERO_0058;Cornélius;Cornélius;EXACT_ALIAS;1.0;cornelius;cornelius;CONFIRMED;HW_HERO_0058;Cornélius;0
34094;R;1;34094_Screenshot_20260521_225604_Hero_Wars__R1.png;34094_Screenshot_20260521_225604_Hero_Wars__R1.png;HW_HERO_0014;Folio;ACCEPTED;0.974251;0.133487;Folio;0.9999709982142019;HIGH;HW_HERO_0014;Folio;Folio;EXACT_ALIAS;1.0;folio;folio;CONFIRMED;HW_HERO_0014;Folio;0
34094;R;2;34094_Screenshot_20260521_225604_Hero_Wars__R2.png;34094_Screenshot_20260521_225604_Hero_Wars__R2.png;HW_HERO_0024;Julius;ACCEPTED;0.971882;0.12988;Julius;0.999998685991112;HIGH;HW_HERO_0024;Julius;Julius;EXACT_ALIAS;1.0;julius;julius;CONFIRMED;HW_HERO_0024;Julius;0
34094;R;3;34094_Screenshot_20260521_225604_Hero_Wars__R3.png;34094_Screenshot_20260521_225604_Hero_Wars__R3.png;HW_HERO_0004;Byrna;ACCEPTED;0.97622;0.124307;Bvrna;0.8789233850916067;HIGH;HW_HERO_0004;Byrna;Byrna;VISUAL_ALIAS_ONE_EDIT_OCR;0.8;bvrna;byrna;CONFIRMED;HW_HERO_0004;Byrna;0
34094;R;4;34094_Screenshot_20260521_225604_Hero_Wars__R4.png;34094_Screenshot_20260521_225604_Hero_Wars__R4.png;HW_HERO_0042;Polaris;ACCEPTED;0.960879;0.08755;Polaris;0.9999910787256433;HIGH;HW_HERO_0042;Polaris;Polaris;EXACT_ALIAS;1.0;polaris;polaris;CONFIRMED;HW_HERO_0042;Polaris;0
34094;R;5;34094_Screenshot_20260521_225604_Hero_Wars__R5.png;34094_Screenshot_20260521_225604_Hero_Wars__R5.png;HW_HERO_0001;Aidan;ACCEPTED;0.966855;0.078974;Aidan;0.9999363985273717;HIGH;HW_HERO_0001;Aidan;Aidan;EXACT_ALIAS;1.0;aidan;aidan;CONFIRMED;HW_HERO_0001;Aidan;0
34263;L;1;34263_Screenshot_20260525_154832_Hero_Wars__L1.png;34263_Screenshot_20260525_154832_Hero_Wars__L1.png;HW_HERO_0018;Iris;ACCEPTED;0.970266;0.077691;Iris;0.9997262358665466;HIGH;HW_HERO_0018;Iris;Iris;EXACT_ALIAS;1.0;iris;iris;CONFIRMED;HW_HERO_0018;Iris;0
34263;L;2;34263_Screenshot_20260525_154832_Hero_Wars__L2.png;34263_Screenshot_20260525_154832_Hero_Wars__L2.png;HW_HERO_0058;Cornélius;ACCEPTED;0.971558;0.156201;Cornélius;0.9999081670022589;HIGH;HW_HERO_0058;Cornélius;Cornélius;EXACT_ALIAS;1.0;cornelius;cornelius;CONFIRMED;HW_HERO_0058;Cornélius;0
34263;L;3;34263_Screenshot_20260525_154832_Hero_Wars__L3.png;34263_Screenshot_20260525_154832_Hero_Wars__L3.png;HW_HERO_0030;Lian;ACCEPTED;0.974975;0.072291;Lian;0.9971870183944702;HIGH;HW_HERO_0030;Lian;Lian;EXACT_ALIAS;1.0;lian;lian;CONFIRMED;HW_HERO_0030;Lian;0
34263;L;4;34263_Screenshot_20260525_154832_Hero_Wars__L4.png;34263_Screenshot_20260525_154832_Hero_Wars__L4.png;HW_HERO_0012;Electra von Grave;ACCEPTED;0.985653;0.111735;Electra von Grave;0.9984208487354974;HIGH;HW_HERO_0012;Electra von Grave;Electra von Grave;EXACT_ALIAS;1.0;electra von grave;electra von grave;CONFIRMED;HW_HERO_0012;Electra von Grave;0
34263;L;5;34263_Screenshot_20260525_154832_Hero_Wars__L5.png;34263_Screenshot_20260525_154832_Hero_Wars__L5.png;HW_HERO_0041;Phobos;ACCEPTED;0.967736;0.155049;Phobos;0.9999853512122976;HIGH;HW_HERO_0041;Phobos;Phobos;EXACT_ALIAS;1.0;phobos;phobos;CONFIRMED;HW_HERO_0041;Phobos;0
34263;R;1;34263_Screenshot_20260525_154832_Hero_Wars__R1.png;34263_Screenshot_20260525_154832_Hero_Wars__R1.png;HW_HERO_0045;Satori;ACCEPTED;0.959369;0.066206;Satori;0.9999629156000941;HIGH;HW_HERO_0045;Satori;Satori;EXACT_ALIAS;1.0;satori;satori;CONFIRMED;HW_HERO_0045;Satori;0
34263;R;2;34263_Screenshot_20260525_154832_Hero_Wars__R2.png;34263_Screenshot_20260525_154832_Hero_Wars__R2.png;HW_HERO_0018;Iris;ACCEPTED;0.977805;0.072918;Iris;0.9983000159263611;HIGH;HW_HERO_0018;Iris;Iris;EXACT_ALIAS;1.0;iris;iris;CONFIRMED;HW_HERO_0018;Iris;0
34263;R;3;34263_Screenshot_20260525_154832_Hero_Wars__R3.png;34263_Screenshot_20260525_154832_Hero_Wars__R3.png;HW_HERO_0004;Byrna;ACCEPTED;0.982375;0.123877;Byrna;0.5797893771885563;LOW;HW_HERO_0004;Byrna;Byrna;EXACT_ALIAS;1.0;byrna;byrna;CONFIRMED;HW_HERO_0004;Byrna;0
34263;R;4;34263_Screenshot_20260525_154832_Hero_Wars__R4.png;34263_Screenshot_20260525_154832_Hero_Wars__R4.png;HW_HERO_0048;Somna;ACCEPTED;0.971367;0.114122;Somna;0.9998675719197145;HIGH;HW_HERO_0048;Somna;Somna;EXACT_ALIAS;1.0;somna;somna;CONFIRMED;HW_HERO_0048;Somna;0
34263;R;5;34263_Screenshot_20260525_154832_Hero_Wars__R5.png;34263_Screenshot_20260525_154832_Hero_Wars__R5.png;HW_HERO_0001;Aidan;ACCEPTED;0.962338;0.083089;Aidan;0.9925077236120792;HIGH;HW_HERO_0001;Aidan;Aidan;EXACT_ALIAS;1.0;aidan;aidan;CONFIRMED;HW_HERO_0001;Aidan;0
34296;L;1;34296_Screenshot_20260528_012651_Hero_Wars__L1.png;34296_Screenshot_20260528_012651_Hero_Wars__L1.png;HW_HERO_0051;Xe'Sha;ACCEPTED;0.975241;0.098627;Xe'Sha;0.9982158509968029;HIGH;HW_HERO_0051;Xe'Sha;Xe'Sha;EXACT_ALIAS;1.0;xe sha;xe sha;CONFIRMED;HW_HERO_0051;Xe'Sha;0
34296;L;2;34296_Screenshot_20260528_012651_Hero_Wars__L2.png;34296_Screenshot_20260528_012651_Hero_Wars__L2.png;HW_HERO_0004;Byrna;ACCEPTED;0.979689;0.118557;Bvrna;0.9411086316844189;HIGH;HW_HERO_0004;Byrna;Byrna;VISUAL_ALIAS_ONE_EDIT_OCR;0.8;bvrna;byrna;CONFIRMED;HW_HERO_0004;Byrna;0
34296;L;3;34296_Screenshot_20260528_012651_Hero_Wars__L3.png;34296_Screenshot_20260528_012651_Hero_Wars__L3.png;HW_HERO_0049;Tempus;ACCEPTED;0.966441;0.108204;Tempus;0.6590810133495609;MEDIUM;HW_HERO_0049;Tempus;Tempus;EXACT_ALIAS;1.0;tempus;tempus;CONFIRMED;HW_HERO_0049;Tempus;0
34296;L;4;34296_Screenshot_20260528_012651_Hero_Wars__L4.png;34296_Screenshot_20260528_012651_Hero_Wars__L4.png;HW_HERO_0048;Somna;ACCEPTED;0.967841;0.103199;Somna;0.9999298944102166;HIGH;HW_HERO_0048;Somna;Somna;EXACT_ALIAS;1.0;somna;somna;CONFIRMED;HW_HERO_0048;Somna;0
34296;L;5;34296_Screenshot_20260528_012651_Hero_Wars__L5.png;34296_Screenshot_20260528_012651_Hero_Wars__L5.png;HW_HERO_0003;Astaroth;ACCEPTED;0.92332;0.141102;Astaroth;0.8839771525696986;HIGH;HW_HERO_0003;Astaroth;Astaroth;EXACT_ALIAS;1.0;astaroth;astaroth;CONFIRMED;HW_HERO_0003;Astaroth;0
34296;R;1;34296_Screenshot_20260528_012651_Hero_Wars__R1.png;34296_Screenshot_20260528_012651_Hero_Wars__R1.png;HW_HERO_0026;Kayla;ACCEPTED;0.979632;0.10297;Kayla;0.7485123312032671;MEDIUM;HW_HERO_0026;Kayla;Kayla;EXACT_ALIAS;1.0;kayla;kayla;CONFIRMED;HW_HERO_0026;Kayla;0
34296;R;2;34296_Screenshot_20260528_012651_Hero_Wars__R2.png;34296_Screenshot_20260528_012651_Hero_Wars__R2.png;HW_HERO_0029;Leonel;ACCEPTED;0.968085;0.146174;Leonel;0.9997337349375793;HIGH;HW_HERO_0029;Leonel;Leonel;EXACT_ALIAS;1.0;leonel;leonel;CONFIRMED;HW_HERO_0029;Leonel;0
34296;R;3;34296_Screenshot_20260528_012651_Hero_Wars__R3.png;34296_Screenshot_20260528_012651_Hero_Wars__R3.png;HW_HERO_0017;Guus;ACCEPTED;0.98052;0.138659;Guus;0.9996549487113953;HIGH;HW_HERO_0017;Guus;Guus;EXACT_ALIAS;1.0;guus;guus;CONFIRMED;HW_HERO_0017;Guus;0
34296;R;4;34296_Screenshot_20260528_012651_Hero_Wars__R4.png;34296_Screenshot_20260528_012651_Hero_Wars__R4.png;HW_HERO_0001;Aidan;ACCEPTED;0.974233;0.088826;Aidan;0.9999649206215071;HIGH;HW_HERO_0001;Aidan;Aidan;EXACT_ALIAS;1.0;aidan;aidan;CONFIRMED;HW_HERO_0001;Aidan;0
34296;R;5;34296_Screenshot_20260528_012651_Hero_Wars__R5.png;34296_Screenshot_20260528_012651_Hero_Wars__R5.png;HW_HERO_0013;Fafnir;ACCEPTED;0.940371;0.10914;Fafnir;0.9999831125228854;HIGH;HW_HERO_0013;Fafnir;Fafnir;EXACT_ALIAS;1.0;fafnir;fafnir;CONFIRMED;HW_HERO_0013;Fafnir;0
34313;L;1;34313_Screenshot_20260526_185151_Hero_Wars__L1.png;34313_Screenshot_20260526_185151_Hero_Wars__L1.png;HW_HERO_0005;Cascade;ACCEPTED;0.946861;0.062421;Cascade;0.9999169590637104;HIGH;HW_HERO_0005;Cascade;Cascade;EXACT_ALIAS;1.0;cascade;cascade;CONFIRMED;HW_HERO_0005;Cascade;0
34313;L;2;34313_Screenshot_20260526_185151_Hero_Wars__L2.png;34313_Screenshot_20260526_185151_Hero_Wars__L2.png;HW_HERO_0068;Astrid and Lucas;ACCEPTED;0.977111;0.091599;Astrid et Lucas;0.8970231582363392;HIGH;HW_HERO_0068;Astrid and Lucas;Astrid et Lucas;EXACT_ALIAS;1.0;astrid et lucas;astrid et lucas;CONFIRMED;HW_HERO_0068;Astrid and Lucas;0
34313;L;3;34313_Screenshot_20260526_185151_Hero_Wars__L3.png;34313_Screenshot_20260526_185151_Hero_Wars__L3.png;HW_HERO_0048;Somna;ACCEPTED;0.962369;0.097241;Somna;0.9999543647922537;HIGH;HW_HERO_0048;Somna;Somna;EXACT_ALIAS;1.0;somna;somna;CONFIRMED;HW_HERO_0048;Somna;0
34313;L;4;34313_Screenshot_20260526_185151_Hero_Wars__L4.png;34313_Screenshot_20260526_185151_Hero_Wars__L4.png;HW_HERO_0007;Champi et Gnon;ACCEPTED;0.980201;0.093863;Champi et Gnon;0.9489144045352033;HIGH;HW_HERO_0007;Champi et Gnon;Champi et Gnon;EXACT_ALIAS;1.0;champi et gnon;champi et gnon;CONFIRMED;HW_HERO_0007;Champi et Gnon;0
34313;L;5;34313_Screenshot_20260526_185151_Hero_Wars__L5.png;34313_Screenshot_20260526_185151_Hero_Wars__L5.png;HW_HERO_0020;Jet;ACCEPTED;0.940776;0.134772;Jet;0.9999947692626615;HIGH;HW_HERO_0020;Jet;Jet;EXACT_ALIAS;1.0;jet;jet;CONFIRMED;HW_HERO_0020;Jet;0
34313;R;1;34313_Screenshot_20260526_185151_Hero_Wars__R1.png;34313_Screenshot_20260526_185151_Hero_Wars__R1.png;HW_HERO_0026;Kayla;ACCEPTED;0.969028;0.080709;Kavla;0.9999820338318962;HIGH;HW_HERO_0026;Kayla;Kayla;VISUAL_ALIAS_ONE_EDIT_OCR;0.8;kavla;kayla;CONFIRMED;HW_HERO_0026;Kayla;0
34313;R;2;34313_Screenshot_20260526_185151_Hero_Wars__R2.png;34313_Screenshot_20260526_185151_Hero_Wars__R2.png;HW_HERO_0050;Tristan;ACCEPTED;0.96185;0.096473;Tristan;0.9999764351640464;HIGH;HW_HERO_0050;Tristan;Tristan;EXACT_ALIAS;1.0;tristan;tristan;CONFIRMED;HW_HERO_0050;Tristan;0
34313;R;3;34313_Screenshot_20260526_185151_Hero_Wars__R3.png;34313_Screenshot_20260526_185151_Hero_Wars__R3.png;HW_HERO_0039;Oya;ACCEPTED;0.954982;0.091741;Oya;0.9996238092141154;HIGH;HW_HERO_0039;Oya;Oya;EXACT_ALIAS;1.0;oya;oya;CONFIRMED;HW_HERO_0039;Oya;0
34313;R;4;34313_Screenshot_20260526_185151_Hero_Wars__R4.png;34313_Screenshot_20260526_185151_Hero_Wars__R4.png;HW_HERO_0001;Aidan;ACCEPTED;0.98221;0.099531;Aidan;0.999962308321553;HIGH;HW_HERO_0001;Aidan;Aidan;EXACT_ALIAS;1.0;aidan;aidan;CONFIRMED;HW_HERO_0001;Aidan;0
34313;R;5;34313_Screenshot_20260526_185151_Hero_Wars__R5.png;34313_Screenshot_20260526_185151_Hero_Wars__R5.png;HW_HERO_0013;Fafnir;ACCEPTED;0.934138;0.119545;Fafnir;0.9999844265363725;HIGH;HW_HERO_0013;Fafnir;Fafnir;EXACT_ALIAS;1.0;fafnir;fafnir;CONFIRMED;HW_HERO_0013;Fafnir;0
34661;L;1;34661_Screenshot_20260519_122318_Hero_Wars__L1.png;34661_Screenshot_20260519_122318_Hero_Wars__L1.png;HW_HERO_0014;Folio;ACCEPTED;0.970122;0.097778;Folio;0.9999721710824655;HIGH;HW_HERO_0014;Folio;Folio;EXACT_ALIAS;1.0;folio;folio;CONFIRMED;HW_HERO_0014;Folio;0
34661;L;2;34661_Screenshot_20260519_122318_Hero_Wars__L2.png;34661_Screenshot_20260519_122318_Hero_Wars__L2.png;HW_HERO_0024;Julius;ACCEPTED;0.971772;0.130835;Julius;0.9999979073189952;HIGH;HW_HERO_0024;Julius;Julius;EXACT_ALIAS;1.0;julius;julius;CONFIRMED;HW_HERO_0024;Julius;0
34661;L;3;34661_Screenshot_20260519_122318_Hero_Wars__L3.png;34661_Screenshot_20260519_122318_Hero_Wars__L3.png;HW_HERO_0056;Isaac;ACCEPTED;0.984344;0.142014;Isaac;0.8497999270373816;MEDIUM;HW_HERO_0056;Isaac;Isaac;EXACT_ALIAS;1.0;isaac;isaac;CONFIRMED;HW_HERO_0056;Isaac;0
34661;L;4;34661_Screenshot_20260519_122318_Hero_Wars__L4.png;34661_Screenshot_20260519_122318_Hero_Wars__L4.png;HW_HERO_0042;Polaris;ACCEPTED;0.974938;0.099675;Polaris;0.9999848608525616;HIGH;HW_HERO_0042;Polaris;Polaris;EXACT_ALIAS;1.0;polaris;polaris;CONFIRMED;HW_HERO_0042;Polaris;0
34661;L;5;34661_Screenshot_20260519_122318_Hero_Wars__L5.png;34661_Screenshot_20260519_122318_Hero_Wars__L5.png;HW_HERO_0049;Tempus;ACCEPTED;0.971938;0.104422;Tempus;0.9998372546134707;HIGH;HW_HERO_0049;Tempus;Tempus;EXACT_ALIAS;1.0;tempus;tempus;CONFIRMED;HW_HERO_0049;Tempus;0
34661;R;1;34661_Screenshot_20260519_122318_Hero_Wars__R1.png;34661_Screenshot_20260519_122318_Hero_Wars__R1.png;HW_HERO_0045;Satori;ACCEPTED;0.967135;0.078871;Satori;0.999956150827145;HIGH;HW_HERO_0045;Satori;Satori;EXACT_ALIAS;1.0;satori;satori;CONFIRMED;HW_HERO_0045;Satori;0
34661;R;2;34661_Screenshot_20260519_122318_Hero_Wars__R2.png;34661_Screenshot_20260519_122318_Hero_Wars__R2.png;HW_HERO_0030;Lian;ACCEPTED;0.973131;0.078284;Lian;0.9998928308486938;HIGH;HW_HERO_0030;Lian;Lian;EXACT_ALIAS;1.0;lian;lian;CONFIRMED;HW_HERO_0030;Lian;0
34661;R;3;34661_Screenshot_20260519_122318_Hero_Wars__R3.png;34661_Screenshot_20260519_122318_Hero_Wars__R3.png;HW_HERO_0014;Folio;ACCEPTED;0.97375;0.115198;Folio;0.9983939914174325;HIGH;HW_HERO_0014;Folio;Folio;EXACT_ALIAS;1.0;folio;folio;CONFIRMED;HW_HERO_0014;Folio;0
34661;R;4;34661_Screenshot_20260519_122318_Hero_Wars__R4.png;34661_Screenshot_20260519_122318_Hero_Wars__R4.png;HW_HERO_0048;Somna;ACCEPTED;0.959508;0.09092;Somna;0.9940856521381374;HIGH;HW_HERO_0048;Somna;Somna;EXACT_ALIAS;1.0;somna;somna;CONFIRMED;HW_HERO_0048;Somna;0
34661;R;5;34661_Screenshot_20260519_122318_Hero_Wars__R5.png;34661_Screenshot_20260519_122318_Hero_Wars__R5.png;HW_HERO_0044;Rufus;ACCEPTED;0.964864;0.076766;Rufus;0.999993869116057;HIGH;HW_HERO_0044;Rufus;Rufus;EXACT_ALIAS;1.0;rufus;rufus;CONFIRMED;HW_HERO_0044;Rufus;0
34687;L;1;34687_Screenshot_20260518_140612_Hero_Wars__L1.png;34687_Screenshot_20260518_140612_Hero_Wars__L1.png;HW_HERO_0018;Iris;ACCEPTED;0.977566;0.07382;Iris;0.9994925856590271;HIGH;HW_HERO_0018;Iris;Iris;EXACT_ALIAS;1.0;iris;iris;CONFIRMED;HW_HERO_0018;Iris;0
34687;L;2;34687_Screenshot_20260518_140612_Hero_Wars__L2.png;34687_Screenshot_20260518_140612_Hero_Wars__L2.png;HW_HERO_0017;Guus;ACCEPTED;0.973201;0.135628;Guus;0.9999421238899231;HIGH;HW_HERO_0017;Guus;Guus;EXACT_ALIAS;1.0;guus;guus;CONFIRMED;HW_HERO_0017;Guus;0
34687;L;3;34687_Screenshot_20260518_140612_Hero_Wars__L3.png;34687_Screenshot_20260518_140612_Hero_Wars__L3.png;HW_HERO_0049;Tempus;ACCEPTED;0.968681;0.119441;Tempus;0.9999705077071264;HIGH;HW_HERO_0049;Tempus;Tempus;EXACT_ALIAS;1.0;tempus;tempus;CONFIRMED;HW_HERO_0049;Tempus;0
34687;L;4;34687_Screenshot_20260518_140612_Hero_Wars__L4.png;34687_Screenshot_20260518_140612_Hero_Wars__L4.png;HW_HERO_0042;Polaris;ACCEPTED;0.980037;0.103006;Polaris;0.9582935345271375;HIGH;HW_HERO_0042;Polaris;Polaris;EXACT_ALIAS;1.0;polaris;polaris;CONFIRMED;HW_HERO_0042;Polaris;0
34687;L;5;34687_Screenshot_20260518_140612_Hero_Wars__L5.png;34687_Screenshot_20260518_140612_Hero_Wars__L5.png;HW_HERO_0001;Aidan;ACCEPTED;0.98036;0.097697;Aidan;0.9999513793028061;HIGH;HW_HERO_0001;Aidan;Aidan;EXACT_ALIAS;1.0;aidan;aidan;CONFIRMED;HW_HERO_0001;Aidan;0
34687;R;1;34687_Screenshot_20260518_140612_Hero_Wars__R1.png;34687_Screenshot_20260518_140612_Hero_Wars__R1.png;HW_HERO_0018;Iris;ACCEPTED;0.98118;0.074183;Iris;0.802996892260527;MEDIUM;HW_HERO_0018;Iris;Iris;EXACT_ALIAS;1.0;iris;iris;CONFIRMED;HW_HERO_0018;Iris;0
34687;R;2;34687_Screenshot_20260518_140612_Hero_Wars__R2.png;34687_Screenshot_20260518_140612_Hero_Wars__R2.png;HW_HERO_0052;Yasmine;ACCEPTED;0.967749;0.078131;Yasmine;0.9865134589668495;HIGH;HW_HERO_0052;Yasmine;Yasmine;EXACT_ALIAS;1.0;yasmine;yasmine;CONFIRMED;HW_HERO_0052;Yasmine;0
34687;R;3;34687_Screenshot_20260518_140612_Hero_Wars__R3.png;34687_Screenshot_20260518_140612_Hero_Wars__R3.png;HW_HERO_0039;Oya;ACCEPTED;0.952;0.095518;Oya;0.7045562863349915;MEDIUM;HW_HERO_0039;Oya;Oya;EXACT_ALIAS;1.0;oya;oya;CONFIRMED;HW_HERO_0039;Oya;0
34687;R;4;34687_Screenshot_20260518_140612_Hero_Wars__R4.png;34687_Screenshot_20260518_140612_Hero_Wars__R4.png;HW_HERO_0024;Julius;ACCEPTED;0.983144;0.160619;Julius;0.9999979073189952;HIGH;HW_HERO_0024;Julius;Julius;EXACT_ALIAS;1.0;julius;julius;CONFIRMED;HW_HERO_0024;Julius;0
34687;R;5;34687_Screenshot_20260518_140612_Hero_Wars__R5.png;34687_Screenshot_20260518_140612_Hero_Wars__R5.png;HW_HERO_0049;Tempus;ACCEPTED;0.971275;0.104498;Tempus;0.5626207657740803;LOW;HW_HERO_0049;Tempus;Tempus;EXACT_ALIAS;1.0;tempus;tempus;CONFIRMED;HW_HERO_0049;Tempus;0
35231;L;1;35231_22972816-AAE4-42A7-9C36-FBCB7AB10BC0__L1.png;35231_22972816-AAE4-42A7-9C36-FBCB7AB10BC0__L1.png;HW_HERO_0018;Iris;ACCEPTED;0.962609;0.071351;Iris;0.9996080994606018;HIGH;HW_HERO_0018;Iris;Iris;EXACT_ALIAS;1.0;iris;iris;CONFIRMED;HW_HERO_0018;Iris;0
35231;L;2;35231_22972816-AAE4-42A7-9C36-FBCB7AB10BC0__L2.png;35231_22972816-AAE4-42A7-9C36-FBCB7AB10BC0__L2.png;HW_HERO_0010;Dante;ACCEPTED;0.964637;0.093049;Dante;0.9722543939305742;HIGH;HW_HERO_0010;Dante;Dante;EXACT_ALIAS;1.0;dante;dante;CONFIRMED;HW_HERO_0010;Dante;0
35231;L;3;35231_22972816-AAE4-42A7-9C36-FBCB7AB10BC0__L3.png;35231_22972816-AAE4-42A7-9C36-FBCB7AB10BC0__L3.png;HW_HERO_0041;Phobos;ACCEPTED;0.973168;0.154844;Phobos;0.9998817863141353;HIGH;HW_HERO_0041;Phobos;Phobos;EXACT_ALIAS;1.0;phobos;phobos;CONFIRMED;HW_HERO_0041;Phobos;0
35231;L;4;35231_22972816-AAE4-42A7-9C36-FBCB7AB10BC0__L4.png;35231_22972816-AAE4-42A7-9C36-FBCB7AB10BC0__L4.png;HW_HERO_0058;Cornélius;ACCEPTED;0.929451;0.117422;Cornelius;0.9996004897659512;HIGH;HW_HERO_0058;Cornélius;Cornélius;EXACT_ALIAS;1.0;cornelius;cornelius;CONFIRMED;HW_HERO_0058;Cornélius;0
35231;L;5;35231_22972816-AAE4-42A7-9C36-FBCB7AB10BC0__L5.png;35231_22972816-AAE4-42A7-9C36-FBCB7AB10BC0__L5.png;HW_HERO_0037;Octavia;ACCEPTED;0.965908;0.091227;Octavia;0.9995648367134328;HIGH;HW_HERO_0037;Octavia;Octavia;EXACT_ALIAS;1.0;octavia;octavia;CONFIRMED;HW_HERO_0037;Octavia;0
35231;R;1;35231_22972816-AAE4-42A7-9C36-FBCB7AB10BC0__R1.png;35231_22972816-AAE4-42A7-9C36-FBCB7AB10BC0__R1.png;HW_HERO_0058;Cornélius;ACCEPTED;0.923971;0.115772;Cornelius;0.9993737340836569;HIGH;HW_HERO_0058;Cornélius;Cornélius;EXACT_ALIAS;1.0;cornelius;cornelius;CONFIRMED;HW_HERO_0058;Cornélius;0
35231;R;2;35231_22972816-AAE4-42A7-9C36-FBCB7AB10BC0__R2.png;35231_22972816-AAE4-42A7-9C36-FBCB7AB10BC0__R2.png;HW_HERO_0048;Somna;ACCEPTED;0.904885;0.068707;Somna;0.9999147003465845;HIGH;HW_HERO_0048;Somna;Somna;EXACT_ALIAS;1.0;somna;somna;CONFIRMED;HW_HERO_0048;Somna;0
35231;R;3;35231_22972816-AAE4-42A7-9C36-FBCB7AB10BC0__R3.png;35231_22972816-AAE4-42A7-9C36-FBCB7AB10BC0__R3.png;HW_HERO_0001;Aidan;ACCEPTED;0.97289;0.08706;Aidan;0.9999684392283354;HIGH;HW_HERO_0001;Aidan;Aidan;EXACT_ALIAS;1.0;aidan;aidan;CONFIRMED;HW_HERO_0001;Aidan;0
35231;R;4;35231_22972816-AAE4-42A7-9C36-FBCB7AB10BC0__R4.png;35231_22972816-AAE4-42A7-9C36-FBCB7AB10BC0__R4.png;HW_HERO_0045;Satori;ACCEPTED;0.961528;0.051851;Satori;0.9999323037037767;HIGH;HW_HERO_0045;Satori;Satori;EXACT_ALIAS;1.0;satori;satori;CONFIRMED;HW_HERO_0045;Satori;0
35231;R;5;35231_22972816-AAE4-42A7-9C36-FBCB7AB10BC0__R5.png;35231_22972816-AAE4-42A7-9C36-FBCB7AB10BC0__R5.png;HW_HERO_0004;Byrna;ACCEPTED;0.957071;0.094453;Bvrna;0.9586310815805149;HIGH;HW_HERO_0004;Byrna;Byrna;VISUAL_ALIAS_ONE_EDIT_OCR;0.8;bvrna;byrna;CONFIRMED;HW_HERO_0004;Byrna;0
35344;L;1;35344_856F94D9-41F8-4FA1-91CD-43B1B6BF392C__L1.png;35344_856F94D9-41F8-4FA1-91CD-43B1B6BF392C__L1.png;HW_HERO_0035;Mojo;ACCEPTED;0.950313;0.138342;Moio;0.999767005443573;HIGH;HW_HERO_0035;Mojo;Mojo;VISUAL_ALIAS_ONE_EDIT_OCR;0.75;moio;mojo;CONFIRMED;HW_HERO_0035;Mojo;0
35344;L;2;35344_856F94D9-41F8-4FA1-91CD-43B1B6BF392C__L2.png;35344_856F94D9-41F8-4FA1-91CD-43B1B6BF392C__L2.png;HW_HERO_0004;Byrna;ACCEPTED;0.950743;0.09003;Bvrna;0.9768190729357981;HIGH;HW_HERO_0004;Byrna;Byrna;VISUAL_ALIAS_ONE_EDIT_OCR;0.8;bvrna;byrna;CONFIRMED;HW_HERO_0004;Byrna;0
35344;L;3;35344_856F94D9-41F8-4FA1-91CD-43B1B6BF392C__L3.png;35344_856F94D9-41F8-4FA1-91CD-43B1B6BF392C__L3.png;HW_HERO_0007;Champi et Gnon;ACCEPTED;0.972025;0.089796;Mushv and Shr;0.9915847821191733;HIGH;HW_HERO_0007;Champi et Gnon;Mushy and Shroom;VISUAL_ALIAS_TRUNCATED_RIGHT_ONE_EDIT;0.75;mushv and shr;mushy and shroom;CONFIRMED;HW_HERO_0007;Champi et Gnon;0
35344;L;4;35344_856F94D9-41F8-4FA1-91CD-43B1B6BF392C__L4.png;35344_856F94D9-41F8-4FA1-91CD-43B1B6BF392C__L4.png;HW_HERO_0055;Morrigan;ACCEPTED;0.94587;0.074976;Morrigan;0.9656111221680439;HIGH;HW_HERO_0055;Morrigan;Morrigan;EXACT_ALIAS;1.0;morrigan;morrigan;CONFIRMED;HW_HERO_0055;Morrigan;0
35344;L;5;35344_856F94D9-41F8-4FA1-91CD-43B1B6BF392C__L5.png;35344_856F94D9-41F8-4FA1-91CD-43B1B6BF392C__L5.png;HW_HERO_0048;Somna;ACCEPTED;0.904532;0.090814;Somna;0.9999335196564602;HIGH;HW_HERO_0048;Somna;Somna;EXACT_ALIAS;1.0;somna;somna;CONFIRMED;HW_HERO_0048;Somna;0
35344;R;1;35344_856F94D9-41F8-4FA1-91CD-43B1B6BF392C__R1.png;35344_856F94D9-41F8-4FA1-91CD-43B1B6BF392C__R1.png;HW_HERO_0026;Kayla;ACCEPTED;0.949628;0.049533;Kavla;0.9999687057893991;HIGH;HW_HERO_0026;Kayla;Kayla;VISUAL_ALIAS_ONE_EDIT_OCR;0.8;kavla;kayla;CONFIRMED;HW_HERO_0026;Kayla;0
35344;R;2;35344_856F94D9-41F8-4FA1-91CD-43B1B6BF392C__R2.png;35344_856F94D9-41F8-4FA1-91CD-43B1B6BF392C__R2.png;HW_HERO_0050;Tristan;ACCEPTED;0.901453;0.041863;Tristan;0.9798742368721889;HIGH;HW_HERO_0050;Tristan;Tristan;EXACT_ALIAS;1.0;tristan;tristan;CONFIRMED;HW_HERO_0050;Tristan;0
35344;R;3;35344_856F94D9-41F8-4FA1-91CD-43B1B6BF392C__R3.png;35344_856F94D9-41F8-4FA1-91CD-43B1B6BF392C__R3.png;HW_HERO_0039;Oya;ACCEPTED;0.913456;0.043464;Ova;0.9999253935141638;HIGH;HW_HERO_0039;Oya;Oya;VISUAL_ALIAS_ONE_EDIT_OCR;0.6666666666666667;ova;oya;CONFIRMED;HW_HERO_0039;Oya;0
35344;R;4;35344_856F94D9-41F8-4FA1-91CD-43B1B6BF392C__R4.png;35344_856F94D9-41F8-4FA1-91CD-43B1B6BF392C__R4.png;HW_HERO_0001;Aidan;ACCEPTED;0.975125;0.113595;Aidan;0.9983406328061353;HIGH;HW_HERO_0001;Aidan;Aidan;EXACT_ALIAS;1.0;aidan;aidan;CONFIRMED;HW_HERO_0001;Aidan;0
35344;R;5;35344_856F94D9-41F8-4FA1-91CD-43B1B6BF392C__R5.png;35344_856F94D9-41F8-4FA1-91CD-43B1B6BF392C__R5.png;HW_HERO_0013;Fafnir;ACCEPTED;0.955612;0.147207;Fafnir;0.9999851078765465;HIGH;HW_HERO_0013;Fafnir;Fafnir;EXACT_ALIAS;1.0;fafnir;fafnir;CONFIRMED;HW_HERO_0013;Fafnir;0
35428;L;1;35428_IMG_4687__L1.png;35428_IMG_4687__L1.png;HW_HERO_0045;Satori;ACCEPTED;0.95299;0.05557;Satori;0.9997546142763033;HIGH;HW_HERO_0045;Satori;Satori;EXACT_ALIAS;1.0;satori;satori;CONFIRMED;HW_HERO_0045;Satori;0
35428;L;2;35428_IMG_4687__L2.png;35428_IMG_4687__L2.png;HW_HERO_0034;Miu;ACCEPTED;0.955546;0.096817;Miu;0.9999911903392261;HIGH;HW_HERO_0034;Miu;Miu;EXACT_ALIAS;1.0;miu;miu;CONFIRMED;HW_HERO_0034;Miu;0
35428;L;3;35428_IMG_4687__L3.png;35428_IMG_4687__L3.png;HW_HERO_0047;Soleil;ACCEPTED;0.960677;0.104985;Soleil;0.9999411125540302;HIGH;HW_HERO_0047;Soleil;Soleil;EXACT_ALIAS;1.0;soleil;soleil;CONFIRMED;HW_HERO_0047;Soleil;0
35428;L;4;35428_IMG_4687__L4.png;35428_IMG_4687__L4.png;HW_HERO_0012;Electra von Grave;ACCEPTED;0.964067;0.10966;Electra von G;0.8994974220906816;HIGH;HW_HERO_0012;Electra von Grave;Electra von Grave;VISUAL_ALIAS_TRUNCATED_RIGHT;0.7647058823529411;electra von g;electra von grave;CONFIRMED;HW_HERO_0012;Electra von Grave;0
35428;L;5;35428_IMG_4687__L5.png;35428_IMG_4687__L5.png;HW_HERO_0049;Tempus;ACCEPTED;0.93473;0.110776;Tempus;0.9996138835567577;HIGH;HW_HERO_0049;Tempus;Tempus;EXACT_ALIAS;1.0;tempus;tempus;CONFIRMED;HW_HERO_0049;Tempus;0
35428;R;1;35428_IMG_4687__R1.png;35428_IMG_4687__R1.png;HW_HERO_0052;Yasmine;ACCEPTED;0.951749;0.07164;Yasmine;0.999994187657503;HIGH;HW_HERO_0052;Yasmine;Yasmine;EXACT_ALIAS;1.0;yasmine;yasmine;CONFIRMED;HW_HERO_0052;Yasmine;0
35428;R;2;35428_IMG_4687__R2.png;35428_IMG_4687__R2.png;HW_HERO_0004;Byrna;ACCEPTED;0.950421;0.095358;Byrna;0.7832293349934389;MEDIUM;HW_HERO_0004;Byrna;Byrna;EXACT_ALIAS;1.0;byrna;byrna;CONFIRMED;HW_HERO_0004;Byrna;0
35428;R;3;35428_IMG_4687__R3.png;35428_IMG_4687__R3.png;HW_HERO_0037;Octavia;ACCEPTED;0.964822;0.079085;Octavia;0.9997982287352171;HIGH;HW_HERO_0037;Octavia;Octavia;EXACT_ALIAS;1.0;octavia;octavia;CONFIRMED;HW_HERO_0037;Octavia;0
35428;R;4;35428_IMG_4687__R4.png;35428_IMG_4687__R4.png;HW_HERO_0045;Satori;ACCEPTED;0.98056;0.076577;Satori;0.999979803153865;HIGH;HW_HERO_0045;Satori;Satori;EXACT_ALIAS;1.0;satori;satori;CONFIRMED;HW_HERO_0045;Satori;0
35428;R;5;35428_IMG_4687__R5.png;35428_IMG_4687__R5.png;HW_HERO_0017;Guus;ACCEPTED;0.949293;0.125435;Guus;0.9998673796653748;HIGH;HW_HERO_0017;Guus;Guus;EXACT_ALIAS;1.0;guus;guus;CONFIRMED;HW_HERO_0017;Guus;0
35430;L;1;35430_IMG_4683__L1.png;35430_IMG_4683__L1.png;HW_HERO_0007;Champi et Gnon;ACCEPTED;0.991009;0.104131;Mushy and Shroom;0.9723128667708254;HIGH;HW_HERO_0007;Champi et Gnon;Mushy and Shroom;EXACT_ALIAS;1.0;mushy and shroom;mushy and shroom;CONFIRMED;HW_HERO_0007;Champi et Gnon;0
35430;L;2;35430_IMG_4683__L2.png;35430_IMG_4683__L2.png;HW_HERO_0004;Byrna;ACCEPTED;0.972402;0.110377;Byrna;0.9998557973757769;HIGH;HW_HERO_0004;Byrna;Byrna;EXACT_ALIAS;1.0;byrna;byrna;CONFIRMED;HW_HERO_0004;Byrna;0
35430;L;3;35430_IMG_4683__L3.png;35430_IMG_4683__L3.png;HW_HERO_0048;Somna;ACCEPTED;0.950478;0.104606;Somna;0.9998815931872344;HIGH;HW_HERO_0048;Somna;Somna;EXACT_ALIAS;1.0;somna;somna;CONFIRMED;HW_HERO_0048;Somna;0
35430;L;4;35430_IMG_4683__L4.png;35430_IMG_4683__L4.png;HW_HERO_0063;Alvanor;ACCEPTED;0.97697;0.131289;Alvanor;0.9999353877654108;HIGH;HW_HERO_0063;Alvanor;Alvanor;EXACT_ALIAS;1.0;alvanor;alvanor;CONFIRMED;HW_HERO_0063;Alvanor;0
35430;L;5;35430_IMG_4683__L5.png;35430_IMG_4683__L5.png;HW_HERO_0001;Aidan;ACCEPTED;0.971219;0.075984;Aidan;0.9999740903210924;HIGH;HW_HERO_0001;Aidan;Aidan;EXACT_ALIAS;1.0;aidan;aidan;CONFIRMED;HW_HERO_0001;Aidan;0
35430;R;1;35430_IMG_4683__R1.png;35430_IMG_4683__R1.png;HW_HERO_0026;Kayla;ACCEPTED;0.970955;0.072028;Kayla;0.9999562840349144;HIGH;HW_HERO_0026;Kayla;Kayla;EXACT_ALIAS;1.0;kayla;kayla;CONFIRMED;HW_HERO_0026;Kayla;0
35430;R;2;35430_IMG_4683__R2.png;35430_IMG_4683__R2.png;HW_HERO_0050;Tristan;ACCEPTED;0.943631;0.079678;Tristan;0.8139186238233708;MEDIUM;HW_HERO_0050;Tristan;Tristan;EXACT_ALIAS;1.0;tristan;tristan;CONFIRMED;HW_HERO_0050;Tristan;0
35430;R;3;35430_IMG_4683__R3.png;35430_IMG_4683__R3.png;HW_HERO_0013;Fafnir;ACCEPTED;0.946485;0.114549;Fafnir;0.999984669872161;HIGH;HW_HERO_0013;Fafnir;Fafnir;EXACT_ALIAS;1.0;fafnir;fafnir;CONFIRMED;HW_HERO_0013;Fafnir;0
35430;R;4;35430_IMG_4683__R4.png;35430_IMG_4683__R4.png;HW_HERO_0012;Electra von Grave;ACCEPTED;0.965836;0.067086;Electra von Grave;0.8381596751476089;MEDIUM;HW_HERO_0012;Electra von Grave;Electra von Grave;EXACT_ALIAS;1.0;electra von grave;electra von grave;CONFIRMED;HW_HERO_0012;Electra von Grave;0
35430;R;5;35430_IMG_4683__R5.png;35430_IMG_4683__R5.png;HW_HERO_0001;Aidan;ACCEPTED;0.969912;0.079498;Aidan;0.9999794748493633;HIGH;HW_HERO_0001;Aidan;Aidan;EXACT_ALIAS;1.0;aidan;aidan;CONFIRMED;HW_HERO_0001;Aidan;0
35542;L;1;35542_Screenshot_20260610_231148_Hero_Wars__L1.png;35542_Screenshot_20260610_231148_Hero_Wars__L1.png;HW_HERO_0018;Iris;ACCEPTED;0.967919;0.066817;Iris;0.9997562766075134;HIGH;HW_HERO_0018;Iris;Iris;EXACT_ALIAS;1.0;iris;iris;CONFIRMED;HW_HERO_0018;Iris;0
35542;L;2;35542_Screenshot_20260610_231148_Hero_Wars__L2.png;35542_Screenshot_20260610_231148_Hero_Wars__L2.png;HW_HERO_0041;Phobos;ACCEPTED;0.963423;0.120355;Phobos;0.9999697290300782;HIGH;HW_HERO_0041;Phobos;Phobos;EXACT_ALIAS;1.0;phobos;phobos;CONFIRMED;HW_HERO_0041;Phobos;0
35542;L;3;35542_Screenshot_20260610_231148_Hero_Wars__L3.png;35542_Screenshot_20260610_231148_Hero_Wars__L3.png;HW_HERO_0012;Electra von Grave;ACCEPTED;0.979616;0.11714;Electra von Grave;0.5057762383765031;LOW;HW_HERO_0012;Electra von Grave;Electra von Grave;EXACT_ALIAS;1.0;electra von grave;electra von grave;CONFIRMED;HW_HERO_0012;Electra von Grave;0
35542;L;4;35542_Screenshot_20260610_231148_Hero_Wars__L4.png;35542_Screenshot_20260610_231148_Hero_Wars__L4.png;HW_HERO_0049;Tempus;ACCEPTED;0.969908;0.097202;Tempus;0.958687211272725;HIGH;HW_HERO_0049;Tempus;Tempus;EXACT_ALIAS;1.0;tempus;tempus;CONFIRMED;HW_HERO_0049;Tempus;0
35542;L;5;35542_Screenshot_20260610_231148_Hero_Wars__L5.png;35542_Screenshot_20260610_231148_Hero_Wars__L5.png;HW_HERO_0034;Miu;ACCEPTED;0.953051;0.06758;Miu;0.9999942874844067;HIGH;HW_HERO_0034;Miu;Miu;EXACT_ALIAS;1.0;miu;miu;CONFIRMED;HW_HERO_0034;Miu;0
35542;R;1;35542_Screenshot_20260610_231148_Hero_Wars__R1.png;35542_Screenshot_20260610_231148_Hero_Wars__R1.png;HW_HERO_0051;Xe'Sha;ACCEPTED;0.97692;0.104721;Xe'Sha;0.9921913655338447;HIGH;HW_HERO_0051;Xe'Sha;Xe'Sha;EXACT_ALIAS;1.0;xe sha;xe sha;CONFIRMED;HW_HERO_0051;Xe'Sha;0
35542;R;2;35542_Screenshot_20260610_231148_Hero_Wars__R2.png;35542_Screenshot_20260610_231148_Hero_Wars__R2.png;HW_HERO_0030;Lian;ACCEPTED;0.972899;0.074809;Lian;0.9997629523277283;HIGH;HW_HERO_0030;Lian;Lian;EXACT_ALIAS;1.0;lian;lian;CONFIRMED;HW_HERO_0030;Lian;0
35542;R;3;35542_Screenshot_20260610_231148_Hero_Wars__R3.png;35542_Screenshot_20260610_231148_Hero_Wars__R3.png;HW_HERO_0049;Tempus;ACCEPTED;0.986011;0.112324;Tempus;0.9998570140897617;HIGH;HW_HERO_0049;Tempus;Tempus;EXACT_ALIAS;1.0;tempus;tempus;CONFIRMED;HW_HERO_0049;Tempus;0
35542;R;4;35542_Screenshot_20260610_231148_Hero_Wars__R4.png;35542_Screenshot_20260610_231148_Hero_Wars__R4.png;HW_HERO_0001;Aidan;ACCEPTED;0.970065;0.086591;Aidan;0.9999489269356874;HIGH;HW_HERO_0001;Aidan;Aidan;EXACT_ALIAS;1.0;aidan;aidan;CONFIRMED;HW_HERO_0001;Aidan;0
35542;R;5;35542_Screenshot_20260610_231148_Hero_Wars__R5.png;35542_Screenshot_20260610_231148_Hero_Wars__R5.png;HW_HERO_0003;Astaroth;ACCEPTED;0.912419;0.120509;Astaroth;0.9920390851346716;HIGH;HW_HERO_0003;Astaroth;Astaroth;EXACT_ALIAS;1.0;astaroth;astaroth;CONFIRMED;HW_HERO_0003;Astaroth;0
35669;L;1;35669_DC0B463D-7691-479F-AADC-4F893CE53B48__L1.png;35669_DC0B463D-7691-479F-AADC-4F893CE53B48__L1.png;HW_HERO_0039;Oya;ACCEPTED;0.917923;0.058263;Ova;0.9998580831364435;HIGH;HW_HERO_0039;Oya;Oya;VISUAL_ALIAS_ONE_EDIT_OCR;0.6666666666666667;ova;oya;CONFIRMED;HW_HERO_0039;Oya;0
35669;L;2;35669_DC0B463D-7691-479F-AADC-4F893CE53B48__L2.png;35669_DC0B463D-7691-479F-AADC-4F893CE53B48__L2.png;HW_HERO_0016;Ginger;ACCEPTED;0.968904;0.068754;Ginaer;0.9854929168785321;HIGH;HW_HERO_0016;Ginger;Ginger;VISUAL_ALIAS_ONE_EDIT_OCR;0.8333333333333334;ginaer;ginger;CONFIRMED;HW_HERO_0016;Ginger;0
35669;L;3;35669_DC0B463D-7691-479F-AADC-4F893CE53B48__L3.png;35669_DC0B463D-7691-479F-AADC-4F893CE53B48__L3.png;HW_HERO_0056;Isaac;ACCEPTED;0.990249;0.155082;Isaac;0.9999062769592152;HIGH;HW_HERO_0056;Isaac;Isaac;EXACT_ALIAS;1.0;isaac;isaac;CONFIRMED;HW_HERO_0056;Isaac;0
35669;L;4;35669_DC0B463D-7691-479F-AADC-4F893CE53B48__L4.png;35669_DC0B463D-7691-479F-AADC-4F893CE53B48__L4.png;HW_HERO_0046;Sébastien;ACCEPTED;0.971196;0.107567;Sebastian;0.9999557331272543;HIGH;HW_HERO_0046;Sébastien;Sebastian;EXACT_ALIAS;1.0;sebastian;sebastian;CONFIRMED;HW_HERO_0046;Sébastien;0
35669;L;5;35669_DC0B463D-7691-479F-AADC-4F893CE53B48__L5.png;35669_DC0B463D-7691-479F-AADC-4F893CE53B48__L5.png;HW_HERO_0024;Julius;ACCEPTED;0.963356;0.128863;Julius;0.9999982966550706;HIGH;HW_HERO_0024;Julius;Julius;EXACT_ALIAS;1.0;julius;julius;CONFIRMED;HW_HERO_0024;Julius;0
35669;R;1;35669_DC0B463D-7691-479F-AADC-4F893CE53B48__R1.png;35669_DC0B463D-7691-479F-AADC-4F893CE53B48__R1.png;HW_HERO_0030;Lian;ACCEPTED;0.961518;0.060201;Lian;0.9998663067817688;HIGH;HW_HERO_0030;Lian;Lian;EXACT_ALIAS;1.0;lian;lian;CONFIRMED;HW_HERO_0030;Lian;0
35669;R;2;35669_DC0B463D-7691-479F-AADC-4F893CE53B48__R2.png;35669_DC0B463D-7691-479F-AADC-4F893CE53B48__R2.png;HW_HERO_0045;Satori;ACCEPTED;0.974182;0.060142;Satori;0.9999596062160515;HIGH;HW_HERO_0045;Satori;Satori;EXACT_ALIAS;1.0;satori;satori;CONFIRMED;HW_HERO_0045;Satori;0
35669;R;3;35669_DC0B463D-7691-479F-AADC-4F893CE53B48__R3.png;35669_DC0B463D-7691-479F-AADC-4F893CE53B48__R3.png;HW_HERO_0006;Céleste;ACCEPTED;0.97843;0.090821;Celeste;0.9999614761311709;HIGH;HW_HERO_0006;Céleste;Céleste;EXACT_ALIAS;1.0;celeste;celeste;CONFIRMED;HW_HERO_0006;Céleste;0
35669;R;4;35669_DC0B463D-7691-479F-AADC-4F893CE53B48__R4.png;35669_DC0B463D-7691-479F-AADC-4F893CE53B48__R4.png;HW_HERO_0012;Electra von Grave;ACCEPTED;0.946816;0.077;Electra von Grave;0.5111582363716132;LOW;HW_HERO_0012;Electra von Grave;Electra von Grave;EXACT_ALIAS;1.0;electra von grave;electra von grave;CONFIRMED;HW_HERO_0012;Electra von Grave;0
35669;R;5;35669_DC0B463D-7691-479F-AADC-4F893CE53B48__R5.png;35669_DC0B463D-7691-479F-AADC-4F893CE53B48__R5.png;HW_HERO_0054;Amira;ACCEPTED;0.988038;0.106531;Amira;0.9999816073348612;HIGH;HW_HERO_0054;Amira;Amira;EXACT_ALIAS;1.0;amira;amira;CONFIRMED;HW_HERO_0054;Amira;0
35885;L;1;35885_Hero_Wars_2026-05-28-05-53-41__L1.png;35885_Hero_Wars_2026-05-28-05-53-41__L1.png;HW_HERO_0057;Drayne;ACCEPTED;0.988177;0.111091;Drayne;0.9240509516849768;HIGH;HW_HERO_0057;Drayne;Drayne;EXACT_ALIAS;1.0;drayne;drayne;CONFIRMED;HW_HERO_0057;Drayne;0
35885;L;2;35885_Hero_Wars_2026-05-28-05-53-41__L2.png;35885_Hero_Wars_2026-05-28-05-53-41__L2.png;HW_HERO_0004;Byrna;ACCEPTED;0.976293;0.127857;Byrna;0.49466583746775206;LOW;HW_HERO_0004;Byrna;Byrna;EXACT_ALIAS;1.0;byrna;byrna;CONFIRMED;HW_HERO_0004;Byrna;0
35885;L;3;35885_Hero_Wars_2026-05-28-05-53-41__L3.png;35885_Hero_Wars_2026-05-28-05-53-41__L3.png;HW_HERO_0018;Iris;ACCEPTED;0.976593;0.083087;Iris;0.9997555613517761;HIGH;HW_HERO_0018;Iris;Iris;EXACT_ALIAS;1.0;iris;iris;CONFIRMED;HW_HERO_0018;Iris;0
35885;L;4;35885_Hero_Wars_2026-05-28-05-53-41__L4.png;35885_Hero_Wars_2026-05-28-05-53-41__L4.png;HW_HERO_0017;Guus;ACCEPTED;0.967201;0.121633;Guus;0.9998064637184143;HIGH;HW_HERO_0017;Guus;Guus;EXACT_ALIAS;1.0;guus;guus;CONFIRMED;HW_HERO_0017;Guus;0
35885;L;5;35885_Hero_Wars_2026-05-28-05-53-41__L5.png;35885_Hero_Wars_2026-05-28-05-53-41__L5.png;HW_HERO_0012;Electra von Grave;ACCEPTED;0.969919;0.088745;Electra von Grave;0.9550969980047226;HIGH;HW_HERO_0012;Electra von Grave;Electra von Grave;EXACT_ALIAS;1.0;electra von grave;electra von grave;CONFIRMED;HW_HERO_0012;Electra von Grave;0
35885;R;1;35885_Hero_Wars_2026-05-28-05-53-41__R1.png;35885_Hero_Wars_2026-05-28-05-53-41__R1.png;HW_HERO_0026;Kayla;ACCEPTED;0.963209;0.087911;Kayla;0.6892136088024664;MEDIUM;HW_HERO_0026;Kayla;Kayla;EXACT_ALIAS;1.0;kayla;kayla;CONFIRMED;HW_HERO_0026;Kayla;0
35885;R;2;35885_Hero_Wars_2026-05-28-05-53-41__R2.png;35885_Hero_Wars_2026-05-28-05-53-41__R2.png;HW_HERO_0018;Iris;ACCEPTED;0.979812;0.071047;Iris;0.9998409748077393;HIGH;HW_HERO_0018;Iris;Iris;EXACT_ALIAS;1.0;iris;iris;CONFIRMED;HW_HERO_0018;Iris;0
35885;R;3;35885_Hero_Wars_2026-05-28-05-53-41__R3.png;35885_Hero_Wars_2026-05-28-05-53-41__R3.png;HW_HERO_0014;Folio;ACCEPTED;0.966869;0.099555;Folio;0.9999823003925323;HIGH;HW_HERO_0014;Folio;Folio;EXACT_ALIAS;1.0;folio;folio;CONFIRMED;HW_HERO_0014;Folio;0
35885;R;4;35885_Hero_Wars_2026-05-28-05-53-41__R4.png;35885_Hero_Wars_2026-05-28-05-53-41__R4.png;HW_HERO_0052;Yasmine;ACCEPTED;0.961981;0.086571;Yasmine;0.9999972515293261;HIGH;HW_HERO_0052;Yasmine;Yasmine;EXACT_ALIAS;1.0;yasmine;yasmine;CONFIRMED;HW_HERO_0052;Yasmine;0
35885;R;5;35885_Hero_Wars_2026-05-28-05-53-41__R5.png;35885_Hero_Wars_2026-05-28-05-53-41__R5.png;HW_HERO_0039;Oya;ACCEPTED;0.948966;0.071177;Ova;0.9997450058214684;HIGH;HW_HERO_0039;Oya;Oya;VISUAL_ALIAS_ONE_EDIT_OCR;0.6666666666666667;ova;oya;CONFIRMED;HW_HERO_0039;Oya;0
36114;L;1;36114_Hero_Wars_2026-06-14-06-32-25__L1.png;36114_Hero_Wars_2026-06-14-06-32-25__L1.png;HW_HERO_0018;Iris;ACCEPTED;0.978943;0.085192;Iris;0.6440496855697986;MEDIUM;HW_HERO_0018;Iris;Iris;EXACT_ALIAS;1.0;iris;iris;CONFIRMED;HW_HERO_0018;Iris;0
36114;L;2;36114_Hero_Wars_2026-06-14-06-32-25__L2.png;36114_Hero_Wars_2026-06-14-06-32-25__L2.png;HW_HERO_0004;Byrna;ACCEPTED;0.977057;0.126671;Bvrna;0.99926980716907;HIGH;HW_HERO_0004;Byrna;Byrna;VISUAL_ALIAS_ONE_EDIT_OCR;0.8;bvrna;byrna;CONFIRMED;HW_HERO_0004;Byrna;0
36114;L;3;36114_Hero_Wars_2026-06-14-06-32-25__L3.png;36114_Hero_Wars_2026-06-14-06-32-25__L3.png;HW_HERO_0030;Lian;ACCEPTED;0.968695;0.069883;Lian;0.9999081492424011;HIGH;HW_HERO_0030;Lian;Lian;EXACT_ALIAS;1.0;lian;lian;CONFIRMED;HW_HERO_0030;Lian;0
36114;L;4;36114_Hero_Wars_2026-06-14-06-32-25__L4.png;36114_Hero_Wars_2026-06-14-06-32-25__L4.png;HW_HERO_0017;Guus;ACCEPTED;0.968331;0.118112;Guus;0.9999103546142578;HIGH;HW_HERO_0017;Guus;Guus;EXACT_ALIAS;1.0;guus;guus;CONFIRMED;HW_HERO_0017;Guus;0
36114;L;5;36114_Hero_Wars_2026-06-14-06-32-25__L5.png;36114_Hero_Wars_2026-06-14-06-32-25__L5.png;HW_HERO_0012;Electra von Grave;ACCEPTED;0.967213;0.082612;Electra von Grave;0.8422616742738018;MEDIUM;HW_HERO_0012;Electra von Grave;Electra von Grave;EXACT_ALIAS;1.0;electra von grave;electra von grave;CONFIRMED;HW_HERO_0012;Electra von Grave;0
36114;R;1;36114_Hero_Wars_2026-06-14-06-32-25__R1.png;36114_Hero_Wars_2026-06-14-06-32-25__R1.png;HW_HERO_0018;Iris;ACCEPTED;0.984095;0.074341;Iris;0.7188825284398467;MEDIUM;HW_HERO_0018;Iris;Iris;EXACT_ALIAS;1.0;iris;iris;CONFIRMED;HW_HERO_0018;Iris;0
36114;R;2;36114_Hero_Wars_2026-06-14-06-32-25__R2.png;36114_Hero_Wars_2026-06-14-06-32-25__R2.png;HW_HERO_0030;Lian;ACCEPTED;0.962764;0.078767;Lian;0.9998928308486938;HIGH;HW_HERO_0030;Lian;Lian;EXACT_ALIAS;1.0;lian;lian;CONFIRMED;HW_HERO_0030;Lian;0
36114;R;3;36114_Hero_Wars_2026-06-14-06-32-25__R3.png;36114_Hero_Wars_2026-06-14-06-32-25__R3.png;HW_HERO_0048;Somna;ACCEPTED;0.967468;0.108624;Somna;0.9997020339079702;HIGH;HW_HERO_0048;Somna;Somna;EXACT_ALIAS;1.0;somna;somna;CONFIRMED;HW_HERO_0048;Somna;0
36114;R;4;36114_Hero_Wars_2026-06-14-06-32-25__R4.png;36114_Hero_Wars_2026-06-14-06-32-25__R4.png;HW_HERO_0049;Tempus;ACCEPTED;0.974119;0.112149;Tempus;0.9998120441197497;HIGH;HW_HERO_0049;Tempus;Tempus;EXACT_ALIAS;1.0;tempus;tempus;CONFIRMED;HW_HERO_0049;Tempus;0
36114;R;5;36114_Hero_Wars_2026-06-14-06-32-25__R5.png;36114_Hero_Wars_2026-06-14-06-32-25__R5.png;HW_HERO_0003;Astaroth;ACCEPTED;0.905313;0.12121;Astaroth;0.9999718878883678;HIGH;HW_HERO_0003;Astaroth;Astaroth;EXACT_ALIAS;1.0;astaroth;astaroth;CONFIRMED;HW_HERO_0003;Astaroth;0
36186;L;1;36186_FBC3D9AD-CDAE-4771-BABB-1884DB8DF0CB__L1.png;36186_FBC3D9AD-CDAE-4771-BABB-1884DB8DF0CB__L1.png;HW_HERO_0052;Yasmine;ACCEPTED;0.974549;0.092561;Yasmine;0.9996571110356005;HIGH;HW_HERO_0052;Yasmine;Yasmine;EXACT_ALIAS;1.0;yasmine;yasmine;CONFIRMED;HW_HERO_0052;Yasmine;0
36186;L;2;36186_FBC3D9AD-CDAE-4771-BABB-1884DB8DF0CB__L2.png;36186_FBC3D9AD-CDAE-4771-BABB-1884DB8DF0CB__L2.png;HW_HERO_0004;Byrna;ACCEPTED;0.956615;0.097998;Byrna;0.5972086222376699;LOW;HW_HERO_0004;Byrna;Byrna;EXACT_ALIAS;1.0;byrna;byrna;CONFIRMED;HW_HERO_0004;Byrna;0
36186;L;3;36186_FBC3D9AD-CDAE-4771-BABB-1884DB8DF0CB__L3.png;36186_FBC3D9AD-CDAE-4771-BABB-1884DB8DF0CB__L3.png;HW_HERO_0041;Phobos;ACCEPTED;0.976753;0.169992;Phobos;0.9999105978436346;HIGH;HW_HERO_0041;Phobos;Phobos;EXACT_ALIAS;1.0;phobos;phobos;CONFIRMED;HW_HERO_0041;Phobos;0
36186;L;4;36186_FBC3D9AD-CDAE-4771-BABB-1884DB8DF0CB__L4.png;36186_FBC3D9AD-CDAE-4771-BABB-1884DB8DF0CB__L4.png;HW_HERO_0048;Somna;ACCEPTED;0.93539;0.088948;Somna;0.9999252029127753;HIGH;HW_HERO_0048;Somna;Somna;EXACT_ALIAS;1.0;somna;somna;CONFIRMED;HW_HERO_0048;Somna;0
36186;L;5;36186_FBC3D9AD-CDAE-4771-BABB-1884DB8DF0CB__L5.png;36186_FBC3D9AD-CDAE-4771-BABB-1884DB8DF0CB__L5.png;HW_HERO_0037;Octavia;ACCEPTED;0.965466;0.086088;Octavia;0.9998290494932535;HIGH;HW_HERO_0037;Octavia;Octavia;EXACT_ALIAS;1.0;octavia;octavia;CONFIRMED;HW_HERO_0037;Octavia;0
36186;R;1;36186_FBC3D9AD-CDAE-4771-BABB-1884DB8DF0CB__R1.png;36186_FBC3D9AD-CDAE-4771-BABB-1884DB8DF0CB__R1.png;HW_HERO_0026;Kayla;ACCEPTED;0.943926;0.057715;Kayla;0.7950365775541355;MEDIUM;HW_HERO_0026;Kayla;Kayla;EXACT_ALIAS;1.0;kayla;kayla;CONFIRMED;HW_HERO_0026;Kayla;0
36186;R;2;36186_FBC3D9AD-CDAE-4771-BABB-1884DB8DF0CB__R2.png;36186_FBC3D9AD-CDAE-4771-BABB-1884DB8DF0CB__R2.png;HW_HERO_0004;Byrna;ACCEPTED;0.962454;0.097291;Byrna;0.5769241202128785;LOW;HW_HERO_0004;Byrna;Byrna;EXACT_ALIAS;1.0;byrna;byrna;CONFIRMED;HW_HERO_0004;Byrna;0
36186;R;3;36186_FBC3D9AD-CDAE-4771-BABB-1884DB8DF0CB__R3.png;36186_FBC3D9AD-CDAE-4771-BABB-1884DB8DF0CB__R3.png;HW_HERO_0042;Polaris;ACCEPTED;0.95241;0.080304;Polaris;0.9999905830985367;HIGH;HW_HERO_0042;Polaris;Polaris;EXACT_ALIAS;1.0;polaris;polaris;CONFIRMED;HW_HERO_0042;Polaris;0
36186;R;4;36186_FBC3D9AD-CDAE-4771-BABB-1884DB8DF0CB__R4.png;36186_FBC3D9AD-CDAE-4771-BABB-1884DB8DF0CB__R4.png;HW_HERO_0017;Guus;ACCEPTED;0.965934;0.161311;Guus;0.9997425675392151;HIGH;HW_HERO_0017;Guus;Guus;EXACT_ALIAS;1.0;guus;guus;CONFIRMED;HW_HERO_0017;Guus;0
36186;R;5;36186_FBC3D9AD-CDAE-4771-BABB-1884DB8DF0CB__R5.png;36186_FBC3D9AD-CDAE-4771-BABB-1884DB8DF0CB__R5.png;HW_HERO_0001;Aidan;ACCEPTED;0.974095;0.087534;Aidan;0.9999426360776574;HIGH;HW_HERO_0001;Aidan;Aidan;EXACT_ALIAS;1.0;aidan;aidan;CONFIRMED;HW_HERO_0001;Aidan;0
36280;L;1;36280_IMG_4814__L1.png;36280_IMG_4814__L1.png;HW_HERO_0018;Iris;ACCEPTED;0.966577;0.057019;Iris;0.775516767898257;MEDIUM;HW_HERO_0018;Iris;Iris;EXACT_ALIAS;1.0;iris;iris;CONFIRMED;HW_HERO_0018;Iris;0
36280;L;2;36280_IMG_4814__L2.png;36280_IMG_4814__L2.png;HW_HERO_0042;Polaris;ACCEPTED;0.946218;0.081761;Polaris;0.9999892764448753;HIGH;HW_HERO_0042;Polaris;Polaris;EXACT_ALIAS;1.0;polaris;polaris;CONFIRMED;HW_HERO_0042;Polaris;0
36280;L;3;36280_IMG_4814__L3.png;36280_IMG_4814__L3.png;HW_HERO_0024;Julius;ACCEPTED;0.968781;0.131287;Julius;0.9999977613179581;HIGH;HW_HERO_0024;Julius;Julius;EXACT_ALIAS;1.0;julius;julius;CONFIRMED;HW_HERO_0024;Julius;0
36280;L;4;36280_IMG_4814__L4.png;36280_IMG_4814__L4.png;HW_HERO_0017;Guus;ACCEPTED;0.969809;0.148532;Guus;0.9999233484268188;HIGH;HW_HERO_0017;Guus;Guus;EXACT_ALIAS;1.0;guus;guus;CONFIRMED;HW_HERO_0017;Guus;0
36280;L;5;36280_IMG_4814__L5.png;36280_IMG_4814__L5.png;HW_HERO_0001;Aidan;ACCEPTED;0.970699;0.084046;Aidan;0.9999786218550138;HIGH;HW_HERO_0001;Aidan;Aidan;EXACT_ALIAS;1.0;aidan;aidan;CONFIRMED;HW_HERO_0001;Aidan;0
36280;R;1;36280_IMG_4814__R1.png;36280_IMG_4814__R1.png;HW_HERO_0018;Iris;ACCEPTED;0.965858;0.068211;Iris;0.9995829463005066;HIGH;HW_HERO_0018;Iris;Iris;EXACT_ALIAS;1.0;iris;iris;CONFIRMED;HW_HERO_0018;Iris;0
36280;R;2;36280_IMG_4814__R2.png;36280_IMG_4814__R2.png;HW_HERO_0012;Electra von Grave;ACCEPTED;0.951822;0.063637;Electra von Grave;0.9860233699518491;HIGH;HW_HERO_0012;Electra von Grave;Electra von Grave;EXACT_ALIAS;1.0;electra von grave;electra von grave;CONFIRMED;HW_HERO_0012;Electra von Grave;0
36280;R;3;36280_IMG_4814__R3.png;36280_IMG_4814__R3.png;HW_HERO_0047;Soleil;ACCEPTED;0.966566;0.105284;Soleil;0.9998797422458324;HIGH;HW_HERO_0047;Soleil;Soleil;EXACT_ALIAS;1.0;soleil;soleil;CONFIRMED;HW_HERO_0047;Soleil;0
36280;R;4;36280_IMG_4814__R4.png;36280_IMG_4814__R4.png;HW_HERO_0011;Dorian;ACCEPTED;0.952799;0.083046;Dorian;0.9999429619236914;HIGH;HW_HERO_0011;Dorian;Dorian;EXACT_ALIAS;1.0;dorian;dorian;CONFIRMED;HW_HERO_0011;Dorian;0
36280;R;5;36280_IMG_4814__R5.png;36280_IMG_4814__R5.png;HW_HERO_0049;Tempus;ACCEPTED;0.961633;0.120118;Tempus;0.9999711890494316;HIGH;HW_HERO_0049;Tempus;Tempus;EXACT_ALIAS;1.0;tempus;tempus;CONFIRMED;HW_HERO_0049;Tempus;0
36322;L;1;36322_Screenshot_20260619_195054_Hero_Wars__L1.png;36322_Screenshot_20260619_195054_Hero_Wars__L1.png;HW_HERO_0052;Yasmine;ACCEPTED;0.963303;0.088285;Yasmine;0.9999652707470295;HIGH;HW_HERO_0052;Yasmine;Yasmine;EXACT_ALIAS;1.0;yasmine;yasmine;CONFIRMED;HW_HERO_0052;Yasmine;0
36322;L;2;36322_Screenshot_20260619_195054_Hero_Wars__L2.png;36322_Screenshot_20260619_195054_Hero_Wars__L2.png;HW_HERO_0042;Polaris;ACCEPTED;0.988362;0.098933;Polaris;0.9999897720721911;HIGH;HW_HERO_0042;Polaris;Polaris;EXACT_ALIAS;1.0;polaris;polaris;CONFIRMED;HW_HERO_0042;Polaris;0
36322;L;3;36322_Screenshot_20260619_195054_Hero_Wars__L3.png;36322_Screenshot_20260619_195054_Hero_Wars__L3.png;HW_HERO_0026;Kayla;ACCEPTED;0.980371;0.089562;Kavla;0.6912878494251163;MEDIUM;;;Kayla;NO_MATCH;0.8;kavla;;VISUAL_ONLY;HW_HERO_0026;Kayla;0
36322;L;4;36322_Screenshot_20260619_195054_Hero_Wars__L4.png;36322_Screenshot_20260619_195054_Hero_Wars__L4.png;HW_HERO_0001;Aidan;ACCEPTED;0.976045;0.083077;Aidan;0.9999555909751148;HIGH;HW_HERO_0001;Aidan;Aidan;EXACT_ALIAS;1.0;aidan;aidan;CONFIRMED;HW_HERO_0001;Aidan;0
36322;L;5;36322_Screenshot_20260619_195054_Hero_Wars__L5.png;36322_Screenshot_20260619_195054_Hero_Wars__L5.png;HW_HERO_0017;Guus;ACCEPTED;0.971017;0.127304;Guus;0.9998605847358704;HIGH;HW_HERO_0017;Guus;Guus;EXACT_ALIAS;1.0;guus;guus;CONFIRMED;HW_HERO_0017;Guus;0
36322;R;1;36322_Screenshot_20260619_195054_Hero_Wars__R1.png;36322_Screenshot_20260619_195054_Hero_Wars__R1.png;HW_HERO_0018;Iris;ACCEPTED;0.978487;0.073092;Iris;0.7310935898115454;MEDIUM;HW_HERO_0018;Iris;Iris;EXACT_ALIAS;1.0;iris;iris;CONFIRMED;HW_HERO_0018;Iris;0
36322;R;2;36322_Screenshot_20260619_195054_Hero_Wars__R2.png;36322_Screenshot_20260619_195054_Hero_Wars__R2.png;HW_HERO_0004;Byrna;ACCEPTED;0.974797;0.120484;Bvrna;0.9993797986245276;HIGH;HW_HERO_0004;Byrna;Byrna;VISUAL_ALIAS_ONE_EDIT_OCR;0.8;bvrna;byrna;CONFIRMED;HW_HERO_0004;Byrna;0
36322;R;3;36322_Screenshot_20260619_195054_Hero_Wars__R3.png;36322_Screenshot_20260619_195054_Hero_Wars__R3.png;HW_HERO_0011;Dorian;ACCEPTED;0.979557;0.109582;Dorian;0.999803527028774;HIGH;HW_HERO_0011;Dorian;Dorian;EXACT_ALIAS;1.0;dorian;dorian;CONFIRMED;HW_HERO_0011;Dorian;0
36322;R;4;36322_Screenshot_20260619_195054_Hero_Wars__R4.png;36322_Screenshot_20260619_195054_Hero_Wars__R4.png;HW_HERO_0049;Tempus;ACCEPTED;0.975826;0.112012;Tempus;0.9993821296723052;HIGH;HW_HERO_0049;Tempus;Tempus;EXACT_ALIAS;1.0;tempus;tempus;CONFIRMED;HW_HERO_0049;Tempus;0
36322;R;5;36322_Screenshot_20260619_195054_Hero_Wars__R5.png;36322_Screenshot_20260619_195054_Hero_Wars__R5.png;HW_HERO_0042;Polaris;ACCEPTED;0.979591;0.108744;Polaris;0.9999680094526091;HIGH;HW_HERO_0042;Polaris;Polaris;EXACT_ALIAS;1.0;polaris;polaris;CONFIRMED;HW_HERO_0042;Polaris;0
36341;L;1;36341_Screenshot_20260618_142658_Hero_Wars__L1.png;36341_Screenshot_20260618_142658_Hero_Wars__L1.png;HW_HERO_0018;Iris;ACCEPTED;0.977308;0.078431;Iris;0.7316338198079246;MEDIUM;HW_HERO_0018;Iris;Iris;EXACT_ALIAS;1.0;iris;iris;CONFIRMED;HW_HERO_0018;Iris;0
36341;L;2;36341_Screenshot_20260618_142658_Hero_Wars__L2.png;36341_Screenshot_20260618_142658_Hero_Wars__L2.png;HW_HERO_0012;Electra von Grave;ACCEPTED;0.979473;0.105147;Electra von Grave;0.9686550252670008;HIGH;HW_HERO_0012;Electra von Grave;Electra von Grave;EXACT_ALIAS;1.0;electra von grave;electra von grave;CONFIRMED;HW_HERO_0012;Electra von Grave;0
36341;L;3;36341_Screenshot_20260618_142658_Hero_Wars__L3.png;36341_Screenshot_20260618_142658_Hero_Wars__L3.png;HW_HERO_0038;Orion;ACCEPTED;0.94292;0.087993;Orion;0.9999616685745026;HIGH;HW_HERO_0038;Orion;Orion;EXACT_ALIAS;1.0;orion;orion;CONFIRMED;HW_HERO_0038;Orion;0
36341;L;4;36341_Screenshot_20260618_142658_Hero_Wars__L4.png;36341_Screenshot_20260618_142658_Hero_Wars__L4.png;HW_HERO_0064;Helios;ACCEPTED;0.980234;0.109155;Helios;0.9999906072612733;HIGH;HW_HERO_0064;Helios;Helios;EXACT_ALIAS;1.0;helios;helios;CONFIRMED;HW_HERO_0064;Helios;0
36341;L;5;36341_Screenshot_20260618_142658_Hero_Wars__L5.png;36341_Screenshot_20260618_142658_Hero_Wars__L5.png;HW_HERO_0049;Tempus;ACCEPTED;0.972116;0.104186;Tempus;0.9087964698500667;HIGH;HW_HERO_0049;Tempus;Tempus;EXACT_ALIAS;1.0;tempus;tempus;CONFIRMED;HW_HERO_0049;Tempus;0
36341;R;1;36341_Screenshot_20260618_142658_Hero_Wars__R1.png;36341_Screenshot_20260618_142658_Hero_Wars__R1.png;HW_HERO_0052;Yasmine;ACCEPTED;0.961899;0.086936;Yasmine;0.8892555280696361;HIGH;HW_HERO_0052;Yasmine;Yasmine;EXACT_ALIAS;1.0;yasmine;yasmine;CONFIRMED;HW_HERO_0052;Yasmine;0
36341;R;2;36341_Screenshot_20260618_142658_Hero_Wars__R2.png;36341_Screenshot_20260618_142658_Hero_Wars__R2.png;HW_HERO_0046;Sébastien;ACCEPTED;0.929412;0.065429;Sébastien;0.9997060877676694;HIGH;HW_HERO_0046;Sébastien;Sébastien;EXACT_ALIAS;1.0;sebastien;sebastien;CONFIRMED;HW_HERO_0046;Sébastien;0
36341;R;3;36341_Screenshot_20260618_142658_Hero_Wars__R3.png;36341_Screenshot_20260618_142658_Hero_Wars__R3.png;HW_HERO_0024;Julius;ACCEPTED;0.978206;0.143106;Julius;0.9999971286467422;HIGH;HW_HERO_0024;Julius;Julius;EXACT_ALIAS;1.0;julius;julius;CONFIRMED;HW_HERO_0024;Julius;0
36341;R;4;36341_Screenshot_20260618_142658_Hero_Wars__R4.png;36341_Screenshot_20260618_142658_Hero_Wars__R4.png;HW_HERO_0026;Kayla;ACCEPTED;0.963845;0.08927;Kavla;0.9538252363736135;HIGH;HW_HERO_0026;Kayla;Kayla;VISUAL_ALIAS_ONE_EDIT_OCR;0.8;kavla;kayla;CONFIRMED;HW_HERO_0026;Kayla;0
36341;R;5;36341_Screenshot_20260618_142658_Hero_Wars__R5.png;36341_Screenshot_20260618_142658_Hero_Wars__R5.png;HW_HERO_0001;Aidan;ACCEPTED;0.970926;0.085712;Aidan;0.999979848034364;HIGH;HW_HERO_0001;Aidan;Aidan;EXACT_ALIAS;1.0;aidan;aidan;CONFIRMED;HW_HERO_0001;Aidan;0
36767;L;1;36767_Screenshot_20260601_183012_Hero_Wars__L1.png;36767_Screenshot_20260601_183012_Hero_Wars__L1.png;HW_HERO_0014;Folio;ACCEPTED;0.975814;0.130386;Folio;0.9999819805197679;HIGH;HW_HERO_0014;Folio;Folio;EXACT_ALIAS;1.0;folio;folio;CONFIRMED;HW_HERO_0014;Folio;0
36767;L;2;36767_Screenshot_20260601_183012_Hero_Wars__L2.png;36767_Screenshot_20260601_183012_Hero_Wars__L2.png;HW_HERO_0007;Champi et Gnon;ACCEPTED;0.978477;0.086189;Champi et Gnon;0.7218365287513258;MEDIUM;HW_HERO_0007;Champi et Gnon;Champi et Gnon;EXACT_ALIAS;1.0;champi et gnon;champi et gnon;CONFIRMED;HW_HERO_0007;Champi et Gnon;0
36767;L;3;36767_Screenshot_20260601_183012_Hero_Wars__L3.png;36767_Screenshot_20260601_183012_Hero_Wars__L3.png;HW_HERO_0042;Polaris;ACCEPTED;0.97319;0.093811;Polaris;0.9999923403215568;HIGH;HW_HERO_0042;Polaris;Polaris;EXACT_ALIAS;1.0;polaris;polaris;CONFIRMED;HW_HERO_0042;Polaris;0
36767;L;4;36767_Screenshot_20260601_183012_Hero_Wars__L4.png;36767_Screenshot_20260601_183012_Hero_Wars__L4.png;HW_HERO_0041;Phobos;ACCEPTED;0.971634;0.148719;Phobos;0.9998887458729807;HIGH;HW_HERO_0041;Phobos;Phobos;EXACT_ALIAS;1.0;phobos;phobos;CONFIRMED;HW_HERO_0041;Phobos;0
36767;L;5;36767_Screenshot_20260601_183012_Hero_Wars__L5.png;36767_Screenshot_20260601_183012_Hero_Wars__L5.png;HW_HERO_0012;Electra von Grave;ACCEPTED;0.975046;0.088756;Electra von Grave;0.9794969902266919;HIGH;HW_HERO_0012;Electra von Grave;Electra von Grave;EXACT_ALIAS;1.0;electra von grave;electra von grave;CONFIRMED;HW_HERO_0012;Electra von Grave;0
36767;R;1;36767_Screenshot_20260601_183012_Hero_Wars__R1.png;36767_Screenshot_20260601_183012_Hero_Wars__R1.png;HW_HERO_0007;Champi et Gnon;ACCEPTED;0.978575;0.085263;Champi et Gnon;0.9977062263607246;HIGH;HW_HERO_0007;Champi et Gnon;Champi et Gnon;EXACT_ALIAS;1.0;champi et gnon;champi et gnon;CONFIRMED;HW_HERO_0007;Champi et Gnon;0
36767;R;2;36767_Screenshot_20260601_183012_Hero_Wars__R2.png;36767_Screenshot_20260601_183012_Hero_Wars__R2.png;HW_HERO_0051;Xe'Sha;ACCEPTED;0.984524;0.099027;Xe'Sha;0.9847285796936763;HIGH;HW_HERO_0051;Xe'Sha;Xe'Sha;EXACT_ALIAS;1.0;xe sha;xe sha;CONFIRMED;HW_HERO_0051;Xe'Sha;0
36767;R;3;36767_Screenshot_20260601_183012_Hero_Wars__R3.png;36767_Screenshot_20260601_183012_Hero_Wars__R3.png;HW_HERO_0066;Faceless;ACCEPTED;0.995058;0.12537;Sanface;0.9999812562827403;HIGH;HW_HERO_0066;Faceless;Sanface;EXACT_ALIAS;1.0;sanface;sanface;CONFIRMED;HW_HERO_0066;Faceless;0
36767;R;4;36767_Screenshot_20260601_183012_Hero_Wars__R4.png;36767_Screenshot_20260601_183012_Hero_Wars__R4.png;HW_HERO_0003;Astaroth;ACCEPTED;0.917734;0.134502;Astaroth;0.9999273604870931;HIGH;HW_HERO_0003;Astaroth;Astaroth;EXACT_ALIAS;1.0;astaroth;astaroth;CONFIRMED;HW_HERO_0003;Astaroth;0
36767;R;5;36767_Screenshot_20260601_183012_Hero_Wars__R5.png;36767_Screenshot_20260601_183012_Hero_Wars__R5.png;HW_HERO_0001;Aidan;ACCEPTED;0.978292;0.09515;Aidan;0.9999350657168862;HIGH;HW_HERO_0001;Aidan;Aidan;EXACT_ALIAS;1.0;aidan;aidan;CONFIRMED;HW_HERO_0001;Aidan;0
36785;L;1;36785_Screenshot_20260602_230706_Hero_Wars__L1.png;36785_Screenshot_20260602_230706_Hero_Wars__L1.png;HW_HERO_0007;Champi et Gnon;ACCEPTED;0.978312;0.089925;Champi et Gnon;0.8892542325079542;HIGH;HW_HERO_0007;Champi et Gnon;Champi et Gnon;EXACT_ALIAS;1.0;champi et gnon;champi et gnon;CONFIRMED;HW_HERO_0007;Champi et Gnon;0
36785;L;2;36785_Screenshot_20260602_230706_Hero_Wars__L2.png;36785_Screenshot_20260602_230706_Hero_Wars__L2.png;HW_HERO_0004;Byrna;ACCEPTED;0.98024;0.115531;Bvrna;0.9999520190506337;HIGH;HW_HERO_0004;Byrna;Byrna;VISUAL_ALIAS_ONE_EDIT_OCR;0.8;bvrna;byrna;CONFIRMED;HW_HERO_0004;Byrna;0
36785;L;3;36785_Screenshot_20260602_230706_Hero_Wars__L3.png;36785_Screenshot_20260602_230706_Hero_Wars__L3.png;HW_HERO_0048;Somna;ACCEPTED;0.947889;0.076906;Somna;0.9607789543408787;HIGH;HW_HERO_0048;Somna;Somna;EXACT_ALIAS;1.0;somna;somna;CONFIRMED;HW_HERO_0048;Somna;0
36785;L;4;36785_Screenshot_20260602_230706_Hero_Wars__L4.png;36785_Screenshot_20260602_230706_Hero_Wars__L4.png;HW_HERO_0001;Aidan;ACCEPTED;0.972119;0.085708;Aidan;0.9999527121107252;HIGH;HW_HERO_0001;Aidan;Aidan;EXACT_ALIAS;1.0;aidan;aidan;CONFIRMED;HW_HERO_0001;Aidan;0
36785;L;5;36785_Screenshot_20260602_230706_Hero_Wars__L5.png;36785_Screenshot_20260602_230706_Hero_Wars__L5.png;HW_HERO_0017;Guus;ACCEPTED;0.968873;0.126317;Guus;0.999742329120636;HIGH;HW_HERO_0017;Guus;Guus;EXACT_ALIAS;1.0;guus;guus;CONFIRMED;HW_HERO_0017;Guus;0
36785;R;1;36785_Screenshot_20260602_230706_Hero_Wars__R1.png;36785_Screenshot_20260602_230706_Hero_Wars__R1.png;HW_HERO_0018;Iris;ACCEPTED;0.977579;0.081904;Iris;0.7994761685686502;MEDIUM;HW_HERO_0018;Iris;Iris;EXACT_ALIAS;1.0;iris;iris;CONFIRMED;HW_HERO_0018;Iris;0
36785;R;2;36785_Screenshot_20260602_230706_Hero_Wars__R2.png;36785_Screenshot_20260602_230706_Hero_Wars__R2.png;HW_HERO_0026;Kayla;ACCEPTED;0.975419;0.087246;Kavla;0.9999673196717758;HIGH;HW_HERO_0026;Kayla;Kayla;VISUAL_ALIAS_ONE_EDIT_OCR;0.8;kavla;kayla;CONFIRMED;HW_HERO_0026;Kayla;0
36785;R;3;36785_Screenshot_20260602_230706_Hero_Wars__R3.png;36785_Screenshot_20260602_230706_Hero_Wars__R3.png;HW_HERO_0024;Julius;ACCEPTED;0.973375;0.128725;Julius;0.999997809984971;HIGH;HW_HERO_0024;Julius;Julius;EXACT_ALIAS;1.0;julius;julius;CONFIRMED;HW_HERO_0024;Julius;0
36785;R;4;36785_Screenshot_20260602_230706_Hero_Wars__R4.png;36785_Screenshot_20260602_230706_Hero_Wars__R4.png;HW_HERO_0001;Aidan;ACCEPTED;0.973956;0.090697;Aidan;0.9999616152622461;HIGH;HW_HERO_0001;Aidan;Aidan;EXACT_ALIAS;1.0;aidan;aidan;CONFIRMED;HW_HERO_0001;Aidan;0
36785;R;5;36785_Screenshot_20260602_230706_Hero_Wars__R5.png;36785_Screenshot_20260602_230706_Hero_Wars__R5.png;HW_HERO_0017;Guus;ACCEPTED;0.96594;0.127669;Guus;0.9994677305221558;HIGH;HW_HERO_0017;Guus;Guus;EXACT_ALIAS;1.0;guus;guus;CONFIRMED;HW_HERO_0017;Guus;0
36941;L;1;36941_Screenshot_20260626_010954_Hero_Wars__L1.png;36941_Screenshot_20260626_010954_Hero_Wars__L1.png;HW_HERO_0014;Folio;ACCEPTED;0.975117;0.109437;Folio;0.9999791549764921;HIGH;HW_HERO_0014;Folio;Folio;EXACT_ALIAS;1.0;folio;folio;CONFIRMED;HW_HERO_0014;Folio;0
36941;L;2;36941_Screenshot_20260626_010954_Hero_Wars__L2.png;36941_Screenshot_20260626_010954_Hero_Wars__L2.png;HW_HERO_0042;Polaris;ACCEPTED;0.984023;0.111179;Polaris;0.9999832387966612;HIGH;HW_HERO_0042;Polaris;Polaris;EXACT_ALIAS;1.0;polaris;polaris;CONFIRMED;HW_HERO_0042;Polaris;0
36941;L;3;36941_Screenshot_20260626_010954_Hero_Wars__L3.png;36941_Screenshot_20260626_010954_Hero_Wars__L3.png;HW_HERO_0024;Julius;ACCEPTED;0.981024;0.135279;Julius;0.9999981993210549;HIGH;HW_HERO_0024;Julius;Julius;EXACT_ALIAS;1.0;julius;julius;CONFIRMED;HW_HERO_0024;Julius;0
36941;L;4;36941_Screenshot_20260626_010954_Hero_Wars__L4.png;36941_Screenshot_20260626_010954_Hero_Wars__L4.png;HW_HERO_0023;Juge;ACCEPTED;0.98739;0.145081;Judge;0.6906590133440688;MEDIUM;HW_HERO_0023;Juge;Judge;EXACT_ALIAS;1.0;judge;judge;CONFIRMED;HW_HERO_0023;Juge;0
36941;L;5;36941_Screenshot_20260626_010954_Hero_Wars__L5.png;36941_Screenshot_20260626_010954_Hero_Wars__L5.png;HW_HERO_0049;Tempus;ACCEPTED;0.975959;0.114987;Tempus;0.9999776131288951;HIGH;HW_HERO_0049;Tempus;Tempus;EXACT_ALIAS;1.0;tempus;tempus;CONFIRMED;HW_HERO_0049;Tempus;0
36941;R;1;36941_Screenshot_20260626_010954_Hero_Wars__R1.png;36941_Screenshot_20260626_010954_Hero_Wars__R1.png;HW_HERO_0018;Iris;ACCEPTED;0.9822;0.082918;Iris;0.9997588396072388;HIGH;HW_HERO_0018;Iris;Iris;EXACT_ALIAS;1.0;iris;iris;CONFIRMED;HW_HERO_0018;Iris;0
36941;R;2;36941_Screenshot_20260626_010954_Hero_Wars__R2.png;36941_Screenshot_20260626_010954_Hero_Wars__R2.png;HW_HERO_0037;Octavia;ACCEPTED;0.986646;0.10043;Octavia;0.8729686863034071;HIGH;HW_HERO_0037;Octavia;Octavia;EXACT_ALIAS;1.0;octavia;octavia;CONFIRMED;HW_HERO_0037;Octavia;0
36941;R;3;36941_Screenshot_20260626_010954_Hero_Wars__R3.png;36941_Screenshot_20260626_010954_Hero_Wars__R3.png;HW_HERO_0010;Dante;ACCEPTED;0.950054;0.046518;Dante;0.9999698786579805;HIGH;HW_HERO_0010;Dante;Dante;EXACT_ALIAS;1.0;dante;dante;CONFIRMED;HW_HERO_0010;Dante;0
36941;R;4;36941_Screenshot_20260626_010954_Hero_Wars__R4.png;36941_Screenshot_20260626_010954_Hero_Wars__R4.png;HW_HERO_0055;Morrigan;ACCEPTED;0.982253;0.080841;Morrigan;0.9772591363259107;HIGH;HW_HERO_0055;Morrigan;Morrigan;EXACT_ALIAS;1.0;morrigan;morrigan;CONFIRMED;HW_HERO_0055;Morrigan;0
36941;R;5;36941_Screenshot_20260626_010954_Hero_Wars__R5.png;36941_Screenshot_20260626_010954_Hero_Wars__R5.png;HW_HERO_0008;Corvus;ACCEPTED;0.932226;0.064366;Corvus;0.999848010398395;HIGH;HW_HERO_0008;Corvus;Corvus;EXACT_ALIAS;1.0;corvus;corvus;CONFIRMED;HW_HERO_0008;Corvus;0
37111;L;1;37111_IMG_7319__L1.png;37111_IMG_7319__L1.png;HW_HERO_0039;Oya;ACCEPTED;0.934908;0.061253;Ova;0.9998710220985259;HIGH;HW_HERO_0039;Oya;Oya;VISUAL_ALIAS_ONE_EDIT_OCR;0.6666666666666667;ova;oya;CONFIRMED;HW_HERO_0039;Oya;0
37111;L;2;37111_IMG_7319__L2.png;37111_IMG_7319__L2.png;HW_HERO_0046;Sébastien;ACCEPTED;0.946587;0.07579;Sébastien;0.9995877715271655;HIGH;HW_HERO_0046;Sébastien;Sébastien;EXACT_ALIAS;1.0;sebastien;sebastien;CONFIRMED;HW_HERO_0046;Sébastien;0
37111;L;3;37111_IMG_7319__L3.png;37111_IMG_7319__L3.png;HW_HERO_0024;Julius;ACCEPTED;0.964452;0.140461;Julius;0.9999981993210549;HIGH;HW_HERO_0024;Julius;Julius;EXACT_ALIAS;1.0;julius;julius;CONFIRMED;HW_HERO_0024;Julius;0
37111;L;4;37111_IMG_7319__L4.png;37111_IMG_7319__L4.png;HW_HERO_0050;Tristan;ACCEPTED;0.946907;0.107495;Tristan;0.9999658016420787;HIGH;HW_HERO_0050;Tristan;Tristan;EXACT_ALIAS;1.0;tristan;tristan;CONFIRMED;HW_HERO_0050;Tristan;0
37111;L;5;37111_IMG_7319__L5.png;37111_IMG_7319__L5.png;HW_HERO_0015;Galaad;ACCEPTED;0.967751;0.096268;Galaad;0.9997688946586503;HIGH;HW_HERO_0015;Galaad;Galaad;EXACT_ALIAS;1.0;galaad;galaad;CONFIRMED;HW_HERO_0015;Galaad;0
37111;R;1;37111_IMG_7319__R1.png;37111_IMG_7319__R1.png;HW_HERO_0027;Keira;ACCEPTED;0.9294;0.068135;Keira;0.7258274829962016;MEDIUM;HW_HERO_0027;Keira;Keira;EXACT_ALIAS;1.0;keira;keira;CONFIRMED;HW_HERO_0027;Keira;0
37111;R;2;37111_IMG_7319__R2.png;37111_IMG_7319__R2.png;HW_HERO_0008;Corvus;ACCEPTED;0.912791;0.055071;Corvus;0.6571313183401037;MEDIUM;HW_HERO_0008;Corvus;Corvus;EXACT_ALIAS;1.0;corvus;corvus;CONFIRMED;HW_HERO_0008;Corvus;0
37111;R;3;37111_IMG_7319__R3.png;37111_IMG_7319__R3.png;HW_HERO_0041;Phobos;ACCEPTED;0.964123;0.138833;Phobos;0.9999411125540302;HIGH;HW_HERO_0041;Phobos;Phobos;EXACT_ALIAS;1.0;phobos;phobos;CONFIRMED;HW_HERO_0041;Phobos;0
37111;R;4;37111_IMG_7319__R4.png;37111_IMG_7319__R4.png;HW_HERO_0055;Morrigan;ACCEPTED;0.961028;0.082232;Morriaan;0.6651765518788375;MEDIUM;;;Morrigan;NO_MATCH;0.875;morriaan;;VISUAL_ONLY;HW_HERO_0055;Morrigan;0
37111;R;5;37111_IMG_7319__R5.png;37111_IMG_7319__R5.png;HW_HERO_0036;Nébula;ACCEPTED;0.941593;0.057376;Nébula;0.9999145886151034;HIGH;HW_HERO_0036;Nébula;Nébula;EXACT_ALIAS;1.0;nebula;nebula;CONFIRMED;HW_HERO_0036;Nébula;0
37435;L;1;37435_Screenshot_20260608_130644_Hero_Wars__L1.png;37435_Screenshot_20260608_130644_Hero_Wars__L1.png;HW_HERO_0014;Folio;ACCEPTED;0.974941;0.104585;Folio;0.6116537953042226;MEDIUM;HW_HERO_0014;Folio;Folio;EXACT_ALIAS;1.0;folio;folio;CONFIRMED;HW_HERO_0014;Folio;0
37435;L;2;37435_Screenshot_20260608_130644_Hero_Wars__L2.png;37435_Screenshot_20260608_130644_Hero_Wars__L2.png;HW_HERO_0023;Juge;ACCEPTED;0.994208;0.158576;Judge;0.9974854852568505;HIGH;HW_HERO_0023;Juge;Judge;EXACT_ALIAS;1.0;judge;judge;CONFIRMED;HW_HERO_0023;Juge;0
37435;L;3;37435_Screenshot_20260608_130644_Hero_Wars__L3.png;37435_Screenshot_20260608_130644_Hero_Wars__L3.png;HW_HERO_0042;Polaris;ACCEPTED;0.982271;0.090649;Polaris;0.9999813914541843;HIGH;HW_HERO_0042;Polaris;Polaris;EXACT_ALIAS;1.0;polaris;polaris;CONFIRMED;HW_HERO_0042;Polaris;0
37435;L;4;37435_Screenshot_20260608_130644_Hero_Wars__L4.png;37435_Screenshot_20260608_130644_Hero_Wars__L4.png;HW_HERO_0024;Julius;ACCEPTED;0.981405;0.147169;Julius;0.9999972746478;HIGH;HW_HERO_0024;Julius;Julius;EXACT_ALIAS;1.0;julius;julius;CONFIRMED;HW_HERO_0024;Julius;0
37435;L;5;37435_Screenshot_20260608_130644_Hero_Wars__L5.png;37435_Screenshot_20260608_130644_Hero_Wars__L5.png;HW_HERO_0048;Somna;ACCEPTED;0.979294;0.112839;Somna;0.9999099555281472;HIGH;HW_HERO_0048;Somna;Somna;EXACT_ALIAS;1.0;somna;somna;CONFIRMED;HW_HERO_0048;Somna;0
37435;R;1;37435_Screenshot_20260608_130644_Hero_Wars__R1.png;37435_Screenshot_20260608_130644_Hero_Wars__R1.png;HW_HERO_0026;Kayla;ACCEPTED;0.961051;0.080501;Kayla;0.9759027333912031;HIGH;HW_HERO_0026;Kayla;Kayla;EXACT_ALIAS;1.0;kayla;kayla;CONFIRMED;HW_HERO_0026;Kayla;0
37435;R;2;37435_Screenshot_20260608_130644_Hero_Wars__R2.png;37435_Screenshot_20260608_130644_Hero_Wars__R2.png;HW_HERO_0008;Corvus;ACCEPTED;0.944494;0.084446;Corvus;0.9999711403821275;HIGH;HW_HERO_0008;Corvus;Corvus;EXACT_ALIAS;1.0;corvus;corvus;CONFIRMED;HW_HERO_0008;Corvus;0
37435;R;3;37435_Screenshot_20260608_130644_Hero_Wars__R3.png;37435_Screenshot_20260608_130644_Hero_Wars__R3.png;HW_HERO_0049;Tempus;ACCEPTED;0.980369;0.120061;Tempus;0.9999753744355896;HIGH;HW_HERO_0049;Tempus;Tempus;EXACT_ALIAS;1.0;tempus;tempus;CONFIRMED;HW_HERO_0049;Tempus;0
37435;R;4;37435_Screenshot_20260608_130644_Hero_Wars__R4.png;37435_Screenshot_20260608_130644_Hero_Wars__R4.png;HW_HERO_0055;Morrigan;ACCEPTED;0.986123;0.091647;Morrigan;0.9999185287671225;HIGH;HW_HERO_0055;Morrigan;Morrigan;EXACT_ALIAS;1.0;morrigan;morrigan;CONFIRMED;HW_HERO_0055;Morrigan;0
37435;R;5;37435_Screenshot_20260608_130644_Hero_Wars__R5.png;37435_Screenshot_20260608_130644_Hero_Wars__R5.png;HW_HERO_0001;Aidan;ACCEPTED;0.957299;0.086884;Aidan;0.9981788003971804;HIGH;HW_HERO_0001;Aidan;Aidan;EXACT_ALIAS;1.0;aidan;aidan;CONFIRMED;HW_HERO_0001;Aidan;0
37606;L;1;37606_Screenshot_2026-06-28-11-45-09-712_com.nexters.herowars__L1.png;37606_Screenshot_2026-06-28-11-45-09-712_com.nexters.herowars__L1.png;HW_HERO_0052;Yasmine;ACCEPTED;0.968048;0.078486;Yasmine;0.9832293210548471;HIGH;HW_HERO_0052;Yasmine;Yasmine;EXACT_ALIAS;1.0;yasmine;yasmine;CONFIRMED;HW_HERO_0052;Yasmine;0
37606;L;2;37606_Screenshot_2026-06-28-11-45-09-712_com.nexters.herowars__L2.png;37606_Screenshot_2026-06-28-11-45-09-712_com.nexters.herowars__L2.png;HW_HERO_0018;Iris;ACCEPTED;0.976083;0.074408;Iris;0.9996387958526611;HIGH;HW_HERO_0018;Iris;Iris;EXACT_ALIAS;1.0;iris;iris;CONFIRMED;HW_HERO_0018;Iris;0
37606;L;3;37606_Screenshot_2026-06-28-11-45-09-712_com.nexters.herowars__L3.png;37606_Screenshot_2026-06-28-11-45-09-712_com.nexters.herowars__L3.png;HW_HERO_0041;Phobos;ACCEPTED;0.972326;0.159656;Phobos;0.9998922986505715;HIGH;HW_HERO_0041;Phobos;Phobos;EXACT_ALIAS;1.0;phobos;phobos;CONFIRMED;HW_HERO_0041;Phobos;0
37606;L;4;37606_Screenshot_2026-06-28-11-45-09-712_com.nexters.herowars__L4.png;37606_Screenshot_2026-06-28-11-45-09-712_com.nexters.herowars__L4.png;HW_HERO_0004;Byrna;ACCEPTED;0.972112;0.110539;Bvrna;0.5798977987779489;LOW;;;Byrna;NO_MATCH;0.8;bvrna;;VISUAL_ONLY;HW_HERO_0004;Byrna;0
37606;L;5;37606_Screenshot_2026-06-28-11-45-09-712_com.nexters.herowars__L5.png;37606_Screenshot_2026-06-28-11-45-09-712_com.nexters.herowars__L5.png;HW_HERO_0049;Tempus;ACCEPTED;0.968634;0.110172;Tempus;0.9995950722270509;HIGH;HW_HERO_0049;Tempus;Tempus;EXACT_ALIAS;1.0;tempus;tempus;CONFIRMED;HW_HERO_0049;Tempus;0
37606;R;1;37606_Screenshot_2026-06-28-11-45-09-712_com.nexters.herowars__R1.png;37606_Screenshot_2026-06-28-11-45-09-712_com.nexters.herowars__R1.png;HW_HERO_0070;Heidi;ACCEPTED;0.988111;0.135723;Heidi;0.9999900839594075;HIGH;HW_HERO_0070;Heidi;Heidi;EXACT_ALIAS;1.0;heidi;heidi;CONFIRMED;HW_HERO_0070;Heidi;0
37606;R;2;37606_Screenshot_2026-06-28-11-45-09-712_com.nexters.herowars__R2.png;37606_Screenshot_2026-06-28-11-45-09-712_com.nexters.herowars__R2.png;HW_HERO_0014;Folio;ACCEPTED;0.970976;0.102176;Folio;0.9999853924952976;HIGH;HW_HERO_0014;Folio;Folio;EXACT_ALIAS;1.0;folio;folio;CONFIRMED;HW_HERO_0014;Folio;0
37606;R;3;37606_Screenshot_2026-06-28-11-45-09-712_com.nexters.herowars__R3.png;37606_Screenshot_2026-06-28-11-45-09-712_com.nexters.herowars__R3.png;HW_HERO_0041;Phobos;ACCEPTED;0.980474;0.159542;Phobos;0.9999681716755732;HIGH;HW_HERO_0041;Phobos;Phobos;EXACT_ALIAS;1.0;phobos;phobos;CONFIRMED;HW_HERO_0041;Phobos;0
37606;R;4;37606_Screenshot_2026-06-28-11-45-09-712_com.nexters.herowars__R4.png;37606_Screenshot_2026-06-28-11-45-09-712_com.nexters.herowars__R4.png;HW_HERO_0012;Electra von Grave;ACCEPTED;0.967286;0.107442;Electra von Grave;0.983504692678652;HIGH;HW_HERO_0012;Electra von Grave;Electra von Grave;EXACT_ALIAS;1.0;electra von grave;electra von grave;CONFIRMED;HW_HERO_0012;Electra von Grave;0
37606;R;5;37606_Screenshot_2026-06-28-11-45-09-712_com.nexters.herowars__R5.png;37606_Screenshot_2026-06-28-11-45-09-712_com.nexters.herowars__R5.png;HW_HERO_0054;Amira;ACCEPTED;0.974429;0.086561;Amira;0.9287987721344164;HIGH;HW_HERO_0054;Amira;Amira;EXACT_ALIAS;1.0;amira;amira;CONFIRMED;HW_HERO_0054;Amira;0
37666;L;1;37666_IMG_4850__L1.png;37666_IMG_4850__L1.png;HW_HERO_0007;Champi et Gnon;ACCEPTED;0.991124;0.098856;Mushv and Shroom;0.96247868457263;HIGH;HW_HERO_0007;Champi et Gnon;Mushy and Shroom;VISUAL_ALIAS_ONE_EDIT_OCR;0.9375;mushv and shroom;mushy and shroom;CONFIRMED;HW_HERO_0007;Champi et Gnon;0
37666;L;2;37666_IMG_4850__L2.png;37666_IMG_4850__L2.png;HW_HERO_0042;Polaris;ACCEPTED;0.964523;0.096803;Polaris;0.9999829684539285;HIGH;HW_HERO_0042;Polaris;Polaris;EXACT_ALIAS;1.0;polaris;polaris;CONFIRMED;HW_HERO_0042;Polaris;0
37666;L;3;37666_IMG_4850__L3.png;37666_IMG_4850__L3.png;HW_HERO_0004;Byrna;ACCEPTED;0.96886;0.109669;Bvrna;0.9994191989970312;HIGH;HW_HERO_0004;Byrna;Byrna;VISUAL_ALIAS_ONE_EDIT_OCR;0.8;bvrna;byrna;CONFIRMED;HW_HERO_0004;Byrna;0
37666;L;4;37666_IMG_4850__L4.png;37666_IMG_4850__L4.png;HW_HERO_0001;Aidan;ACCEPTED;0.962807;0.075645;Aidan;0.9999454083207547;HIGH;HW_HERO_0001;Aidan;Aidan;EXACT_ALIAS;1.0;aidan;aidan;CONFIRMED;HW_HERO_0001;Aidan;0
37666;L;5;37666_IMG_4850__L5.png;37666_IMG_4850__L5.png;HW_HERO_0017;Guus;ACCEPTED;0.96779;0.1412;Guus;0.999697744846344;HIGH;HW_HERO_0017;Guus;Guus;EXACT_ALIAS;1.0;guus;guus;CONFIRMED;HW_HERO_0017;Guus;0
37666;R;1;37666_IMG_4850__R1.png;37666_IMG_4850__R1.png;HW_HERO_0018;Iris;ACCEPTED;0.977462;0.086028;Iris;0.9913835310103909;HIGH;HW_HERO_0018;Iris;Iris;EXACT_ALIAS;1.0;iris;iris;CONFIRMED;HW_HERO_0018;Iris;0
37666;R;2;37666_IMG_4850__R2.png;37666_IMG_4850__R2.png;HW_HERO_0044;Rufus;ACCEPTED;0.970156;0.07186;Rufus;0.9999961082220115;HIGH;HW_HERO_0044;Rufus;Rufus;EXACT_ALIAS;1.0;rufus;rufus;CONFIRMED;HW_HERO_0044;Rufus;0
37666;R;3;37666_IMG_4850__R3.png;37666_IMG_4850__R3.png;HW_HERO_0004;Byrna;ACCEPTED;0.9719;0.115492;Bvrna;0.9997566804692383;HIGH;HW_HERO_0004;Byrna;Byrna;VISUAL_ALIAS_ONE_EDIT_OCR;0.8;bvrna;byrna;CONFIRMED;HW_HERO_0004;Byrna;0
37666;R;4;37666_IMG_4850__R4.png;37666_IMG_4850__R4.png;HW_HERO_0024;Julius;ACCEPTED;0.961591;0.129011;Julius;0.9999975666499012;HIGH;HW_HERO_0024;Julius;Julius;EXACT_ALIAS;1.0;julius;julius;CONFIRMED;HW_HERO_0024;Julius;0
37666;R;5;37666_IMG_4850__R5.png;37666_IMG_4850__R5.png;HW_HERO_0049;Tempus;ACCEPTED;0.964142;0.123418;Tempus;0.9999193580689928;HIGH;HW_HERO_0049;Tempus;Tempus;EXACT_ALIAS;1.0;tempus;tempus;CONFIRMED;HW_HERO_0049;Tempus;0
37815;L;1;37815_Hero_Wars_2026-06-28-05-49-23__L1.png;37815_Hero_Wars_2026-06-28-05-49-23__L1.png;HW_HERO_0018;Iris;ACCEPTED;0.978936;0.081075;Iris;0.9997117519378662;HIGH;HW_HERO_0018;Iris;Iris;EXACT_ALIAS;1.0;iris;iris;CONFIRMED;HW_HERO_0018;Iris;0
37815;L;2;37815_Hero_Wars_2026-06-28-05-49-23__L2.png;37815_Hero_Wars_2026-06-28-05-49-23__L2.png;HW_HERO_0004;Byrna;ACCEPTED;0.974096;0.126271;Bvrna;0.9997298103992694;HIGH;HW_HERO_0004;Byrna;Byrna;VISUAL_ALIAS_ONE_EDIT_OCR;0.8;bvrna;byrna;CONFIRMED;HW_HERO_0004;Byrna;0
37815;L;3;37815_Hero_Wars_2026-06-28-05-49-23__L3.png;37815_Hero_Wars_2026-06-28-05-49-23__L3.png;HW_HERO_0030;Lian;ACCEPTED;0.972111;0.07462;Lian;0.9998310208320618;HIGH;HW_HERO_0030;Lian;Lian;EXACT_ALIAS;1.0;lian;lian;CONFIRMED;HW_HERO_0030;Lian;0
37815;L;4;37815_Hero_Wars_2026-06-28-05-49-23__L4.png;37815_Hero_Wars_2026-06-28-05-49-23__L4.png;HW_HERO_0012;Electra von Grave;ACCEPTED;0.976645;0.097002;Electra von Grave;0.9995060988569664;HIGH;HW_HERO_0012;Electra von Grave;Electra von Grave;EXACT_ALIAS;1.0;electra von grave;electra von grave;CONFIRMED;HW_HERO_0012;Electra von Grave;0
37815;L;5;37815_Hero_Wars_2026-06-28-05-49-23__L5.png;37815_Hero_Wars_2026-06-28-05-49-23__L5.png;HW_HERO_0017;Guus;ACCEPTED;0.9678;0.115796;Guus;0.9998201727867126;HIGH;HW_HERO_0017;Guus;Guus;EXACT_ALIAS;1.0;guus;guus;CONFIRMED;HW_HERO_0017;Guus;0
37815;R;1;37815_Hero_Wars_2026-06-28-05-49-23__R1.png;37815_Hero_Wars_2026-06-28-05-49-23__R1.png;HW_HERO_0014;Folio;ACCEPTED;0.974814;0.112562;Folio;0.9999490335603592;HIGH;HW_HERO_0014;Folio;Folio;EXACT_ALIAS;1.0;folio;folio;CONFIRMED;HW_HERO_0014;Folio;0
37815;R;2;37815_Hero_Wars_2026-06-28-05-49-23__R2.png;37815_Hero_Wars_2026-06-28-05-49-23__R2.png;HW_HERO_0030;Lian;ACCEPTED;0.966088;0.082255;Lian;0.9998026490211487;HIGH;HW_HERO_0030;Lian;Lian;EXACT_ALIAS;1.0;lian;lian;CONFIRMED;HW_HERO_0030;Lian;0
37815;R;3;37815_Hero_Wars_2026-06-28-05-49-23__R3.png;37815_Hero_Wars_2026-06-28-05-49-23__R3.png;HW_HERO_0004;Byrna;ACCEPTED;0.975736;0.11879;Bvrna;0.7203495821161674;MEDIUM;;;Byrna;NO_MATCH;0.8;bvrna;;VISUAL_ONLY;HW_HERO_0004;Byrna;0
37815;R;4;37815_Hero_Wars_2026-06-28-05-49-23__R4.png;37815_Hero_Wars_2026-06-28-05-49-23__R4.png;HW_HERO_0012;Electra von Grave;ACCEPTED;0.976652;0.087247;Electra von Grave;0.9971822750645272;HIGH;HW_HERO_0012;Electra von Grave;Electra von Grave;EXACT_ALIAS;1.0;electra von grave;electra von grave;CONFIRMED;HW_HERO_0012;Electra von Grave;0
37815;R;5;37815_Hero_Wars_2026-06-28-05-49-23__R5.png;37815_Hero_Wars_2026-06-28-05-49-23__R5.png;HW_HERO_0001;Aidan;ACCEPTED;0.975993;0.09523;Aidan;0.9999706783410108;HIGH;HW_HERO_0001;Aidan;Aidan;EXACT_ALIAS;1.0;aidan;aidan;CONFIRMED;HW_HERO_0001;Aidan;0
37861;L;1;37861_Screenshot_2026-07-04-18-44-41-673_com.nexters.herowars__L1.png;37861_Screenshot_2026-07-04-18-44-41-673_com.nexters.herowars__L1.png;HW_HERO_0014;Folio;ACCEPTED;0.952327;0.08984;Folio;0.9999890177177925;HIGH;HW_HERO_0014;Folio;Folio;EXACT_ALIAS;1.0;folio;folio;CONFIRMED;HW_HERO_0014;Folio;0
37861;L;2;37861_Screenshot_2026-07-04-18-44-41-673_com.nexters.herowars__L2.png;37861_Screenshot_2026-07-04-18-44-41-673_com.nexters.herowars__L2.png;HW_HERO_0023;Juge;ACCEPTED;0.975268;0.130065;Juge;0.999998927116394;HIGH;HW_HERO_0023;Juge;Juge;EXACT_ALIAS;1.0;juge;juge;CONFIRMED;HW_HERO_0023;Juge;0
37861;L;3;37861_Screenshot_2026-07-04-18-44-41-673_com.nexters.herowars__L3.png;37861_Screenshot_2026-07-04-18-44-41-673_com.nexters.herowars__L3.png;HW_HERO_0042;Polaris;ACCEPTED;0.970453;0.078392;Polaris;0.9999736866724603;HIGH;HW_HERO_0042;Polaris;Polaris;EXACT_ALIAS;1.0;polaris;polaris;CONFIRMED;HW_HERO_0042;Polaris;0
37861;L;4;37861_Screenshot_2026-07-04-18-44-41-673_com.nexters.herowars__L4.png;37861_Screenshot_2026-07-04-18-44-41-673_com.nexters.herowars__L4.png;HW_HERO_0024;Julius;ACCEPTED;0.958773;0.137542;Julius;0.9999980046530172;HIGH;HW_HERO_0024;Julius;Julius;EXACT_ALIAS;1.0;julius;julius;CONFIRMED;HW_HERO_0024;Julius;0
37861;L;5;37861_Screenshot_2026-07-04-18-44-41-673_com.nexters.herowars__L5.png;37861_Screenshot_2026-07-04-18-44-41-673_com.nexters.herowars__L5.png;HW_HERO_0004;Byrna;ACCEPTED;0.97015;0.114835;Bvrna;0.9996148119343126;HIGH;HW_HERO_0004;Byrna;Byrna;VISUAL_ALIAS_ONE_EDIT_OCR;0.8;bvrna;byrna;CONFIRMED;HW_HERO_0004;Byrna;0
37861;R;1;37861_Screenshot_2026-07-04-18-44-41-673_com.nexters.herowars__R1.png;37861_Screenshot_2026-07-04-18-44-41-673_com.nexters.herowars__R1.png;HW_HERO_0045;Satori;ACCEPTED;0.965367;0.076804;Satori;0.9999812145027188;HIGH;HW_HERO_0045;Satori;Satori;EXACT_ALIAS;1.0;satori;satori;CONFIRMED;HW_HERO_0045;Satori;0
37861;R;2;37861_Screenshot_2026-07-04-18-44-41-673_com.nexters.herowars__R2.png;37861_Screenshot_2026-07-04-18-44-41-673_com.nexters.herowars__R2.png;HW_HERO_0004;Byrna;ACCEPTED;0.972397;0.127177;Byrna;0.7144606054625974;MEDIUM;HW_HERO_0004;Byrna;Byrna;EXACT_ALIAS;1.0;byrna;byrna;CONFIRMED;HW_HERO_0004;Byrna;0
37861;R;3;37861_Screenshot_2026-07-04-18-44-41-673_com.nexters.herowars__R3.png;37861_Screenshot_2026-07-04-18-44-41-673_com.nexters.herowars__R3.png;HW_HERO_0012;Electra von Grave;ACCEPTED;0.974254;0.10413;ctra von Grave;0.9581127362048072;HIGH;HW_HERO_0012;Electra von Grave;Electra von Grave;VISUAL_ALIAS_TRUNCATED_LEFT;0.8235294117647058;ctra von grave;electra von grave;CONFIRMED;HW_HERO_0012;Electra von Grave;0
37861;R;4;37861_Screenshot_2026-07-04-18-44-41-673_com.nexters.herowars__R4.png;37861_Screenshot_2026-07-04-18-44-41-673_com.nexters.herowars__R4.png;HW_HERO_0048;Somna;ACCEPTED;0.959978;0.115444;Somna;0.9999237634755394;HIGH;HW_HERO_0048;Somna;Somna;EXACT_ALIAS;1.0;somna;somna;CONFIRMED;HW_HERO_0048;Somna;0
37861;R;5;37861_Screenshot_2026-07-04-18-44-41-673_com.nexters.herowars__R5.png;37861_Screenshot_2026-07-04-18-44-41-673_com.nexters.herowars__R5.png;HW_HERO_0001;Aidan;ACCEPTED;0.965417;0.081263;Aidan;0.9999429026395333;HIGH;HW_HERO_0001;Aidan;Aidan;EXACT_ALIAS;1.0;aidan;aidan;CONFIRMED;HW_HERO_0001;Aidan;0
37896;L;1;37896_Screenshot_2026-07-03-01-27-54-039_com.nexters.herowars__L1.png;37896_Screenshot_2026-07-03-01-27-54-039_com.nexters.herowars__L1.png;HW_HERO_0052;Yasmine;ACCEPTED;0.973703;0.088397;Yasmine;0.9676687550432049;HIGH;HW_HERO_0052;Yasmine;Yasmine;EXACT_ALIAS;1.0;yasmine;yasmine;CONFIRMED;HW_HERO_0052;Yasmine;0
37896;L;2;37896_Screenshot_2026-07-03-01-27-54-039_com.nexters.herowars__L2.png;37896_Screenshot_2026-07-03-01-27-54-039_com.nexters.herowars__L2.png;HW_HERO_0004;Byrna;ACCEPTED;0.975662;0.108452;Bvrna;0.9325492140068039;HIGH;HW_HERO_0004;Byrna;Byrna;VISUAL_ALIAS_ONE_EDIT_OCR;0.8;bvrna;byrna;CONFIRMED;HW_HERO_0004;Byrna;0
37896;L;3;37896_Screenshot_2026-07-03-01-27-54-039_com.nexters.herowars__L3.png;37896_Screenshot_2026-07-03-01-27-54-039_com.nexters.herowars__L3.png;HW_HERO_0048;Somna;ACCEPTED;0.958153;0.086384;Somna;0.9999323467828451;HIGH;HW_HERO_0048;Somna;Somna;EXACT_ALIAS;1.0;somna;somna;CONFIRMED;HW_HERO_0048;Somna;0
37896;L;4;37896_Screenshot_2026-07-03-01-27-54-039_com.nexters.herowars__L4.png;37896_Screenshot_2026-07-03-01-27-54-039_com.nexters.herowars__L4.png;HW_HERO_0001;Aidan;ACCEPTED;0.974529;0.085908;Aidan;0.999974250257625;HIGH;HW_HERO_0001;Aidan;Aidan;EXACT_ALIAS;1.0;aidan;aidan;CONFIRMED;HW_HERO_0001;Aidan;0
37896;L;5;37896_Screenshot_2026-07-03-01-27-54-039_com.nexters.herowars__L5.png;37896_Screenshot_2026-07-03-01-27-54-039_com.nexters.herowars__L5.png;HW_HERO_0017;Guus;ACCEPTED;0.970707;0.141445;Guus;0.9998189210891724;HIGH;HW_HERO_0017;Guus;Guus;EXACT_ALIAS;1.0;guus;guus;CONFIRMED;HW_HERO_0017;Guus;0
37896;R;1;37896_Screenshot_2026-07-03-01-27-54-039_com.nexters.herowars__R1.png;37896_Screenshot_2026-07-03-01-27-54-039_com.nexters.herowars__R1.png;HW_HERO_0026;Kayla;ACCEPTED;0.972591;0.096242;Kavla;0.9999456215701862;HIGH;HW_HERO_0026;Kayla;Kayla;VISUAL_ALIAS_ONE_EDIT_OCR;0.8;kavla;kayla;CONFIRMED;HW_HERO_0026;Kayla;0
37896;R;2;37896_Screenshot_2026-07-03-01-27-54-039_com.nexters.herowars__R2.png;37896_Screenshot_2026-07-03-01-27-54-039_com.nexters.herowars__R2.png;HW_HERO_0024;Julius;ACCEPTED;0.971748;0.127565;Julius;0.999993965289313;HIGH;HW_HERO_0024;Julius;Julius;EXACT_ALIAS;1.0;julius;julius;CONFIRMED;HW_HERO_0024;Julius;0
37896;R;3;37896_Screenshot_2026-07-03-01-27-54-039_com.nexters.herowars__R3.png;37896_Screenshot_2026-07-03-01-27-54-039_com.nexters.herowars__R3.png;HW_HERO_0001;Aidan;ACCEPTED;0.9705;0.088883;Aidan;0.9999595893962553;HIGH;HW_HERO_0001;Aidan;Aidan;EXACT_ALIAS;1.0;aidan;aidan;CONFIRMED;HW_HERO_0001;Aidan;0
37896;R;4;37896_Screenshot_2026-07-03-01-27-54-039_com.nexters.herowars__R4.png;37896_Screenshot_2026-07-03-01-27-54-039_com.nexters.herowars__R4.png;HW_HERO_0017;Guus;ACCEPTED;0.978717;0.138092;Guus;0.9998627305030823;HIGH;HW_HERO_0017;Guus;Guus;EXACT_ALIAS;1.0;guus;guus;CONFIRMED;HW_HERO_0017;Guus;0
37896;R;5;37896_Screenshot_2026-07-03-01-27-54-039_com.nexters.herowars__R5.png;37896_Screenshot_2026-07-03-01-27-54-039_com.nexters.herowars__R5.png;HW_HERO_0014;Folio;ACCEPTED;0.9721;0.110978;Folio;0.9999920031939764;HIGH;HW_HERO_0014;Folio;Folio;EXACT_ALIAS;1.0;folio;folio;CONFIRMED;HW_HERO_0014;Folio;0
37963;L;1;37963_Screenshot_20260708_004926_Hero_Wars__L1.png;37963_Screenshot_20260708_004926_Hero_Wars__L1.png;HW_HERO_0018;Iris;ACCEPTED;0.975391;0.07961;Iris;0.9997597932815552;HIGH;HW_HERO_0018;Iris;Iris;EXACT_ALIAS;1.0;iris;iris;CONFIRMED;HW_HERO_0018;Iris;0
37963;L;2;37963_Screenshot_20260708_004926_Hero_Wars__L2.png;37963_Screenshot_20260708_004926_Hero_Wars__L2.png;HW_HERO_0041;Phobos;ACCEPTED;0.976134;0.143769;Phobos;0.9999520627579308;HIGH;HW_HERO_0041;Phobos;Phobos;EXACT_ALIAS;1.0;phobos;phobos;CONFIRMED;HW_HERO_0041;Phobos;0
37963;L;3;37963_Screenshot_20260708_004926_Hero_Wars__L3.png;37963_Screenshot_20260708_004926_Hero_Wars__L3.png;HW_HERO_0008;Corvus;ACCEPTED;0.932937;0.081272;Corvus;0.7932770467582677;MEDIUM;HW_HERO_0008;Corvus;Corvus;EXACT_ALIAS;1.0;corvus;corvus;CONFIRMED;HW_HERO_0008;Corvus;0
37963;L;4;37963_Screenshot_20260708_004926_Hero_Wars__L4.png;37963_Screenshot_20260708_004926_Hero_Wars__L4.png;HW_HERO_0055;Morrigan;ACCEPTED;0.983694;0.096121;Morriaan;0.9975920449410828;HIGH;HW_HERO_0055;Morrigan;Morrigan;VISUAL_ALIAS_ONE_EDIT_OCR;0.875;morriaan;morrigan;CONFIRMED;HW_HERO_0055;Morrigan;0
37963;L;5;37963_Screenshot_20260708_004926_Hero_Wars__L5.png;37963_Screenshot_20260708_004926_Hero_Wars__L5.png;HW_HERO_0049;Tempus;ACCEPTED;0.969556;0.102552;Tempus;0.9526649779704189;HIGH;HW_HERO_0049;Tempus;Tempus;EXACT_ALIAS;1.0;tempus;tempus;CONFIRMED;HW_HERO_0049;Tempus;0
37963;R;1;37963_Screenshot_20260708_004926_Hero_Wars__R1.png;37963_Screenshot_20260708_004926_Hero_Wars__R1.png;HW_HERO_0051;Xe'Sha;ACCEPTED;0.986557;0.113755;Xe'Sha;0.9919933396315693;HIGH;HW_HERO_0051;Xe'Sha;Xe'Sha;EXACT_ALIAS;1.0;xe sha;xe sha;CONFIRMED;HW_HERO_0051;Xe'Sha;0
37963;R;2;37963_Screenshot_20260708_004926_Hero_Wars__R2.png;37963_Screenshot_20260708_004926_Hero_Wars__R2.png;HW_HERO_0048;Somna;ACCEPTED;0.973387;0.111395;Somna;0.9998924689833208;HIGH;HW_HERO_0048;Somna;Somna;EXACT_ALIAS;1.0;somna;somna;CONFIRMED;HW_HERO_0048;Somna;0
37963;R;3;37963_Screenshot_20260708_004926_Hero_Wars__R3.png;37963_Screenshot_20260708_004926_Hero_Wars__R3.png;HW_HERO_0049;Tempus;ACCEPTED;0.985469;0.11014;Tempus;0.9997829886051778;HIGH;HW_HERO_0049;Tempus;Tempus;EXACT_ALIAS;1.0;tempus;tempus;CONFIRMED;HW_HERO_0049;Tempus;0
37963;R;4;37963_Screenshot_20260708_004926_Hero_Wars__R4.png;37963_Screenshot_20260708_004926_Hero_Wars__R4.png;HW_HERO_0003;Astaroth;ACCEPTED;0.907418;0.116884;Astaroth;0.999964469945255;HIGH;HW_HERO_0003;Astaroth;Astaroth;EXACT_ALIAS;1.0;astaroth;astaroth;CONFIRMED;HW_HERO_0003;Astaroth;0
37963;R;5;37963_Screenshot_20260708_004926_Hero_Wars__R5.png;37963_Screenshot_20260708_004926_Hero_Wars__R5.png;HW_HERO_0001;Aidan;ACCEPTED;0.971261;0.087593;Aidan;0.9776852873751419;HIGH;HW_HERO_0001;Aidan;Aidan;EXACT_ALIAS;1.0;aidan;aidan;CONFIRMED;HW_HERO_0001;Aidan;0
37976;L;1;37976_Screenshot_20260710_222550_Hero_Wars__L1.png;37976_Screenshot_20260710_222550_Hero_Wars__L1.png;HW_HERO_0045;Satori;ACCEPTED;0.978796;0.098086;Satori;0.9999795598178105;HIGH;HW_HERO_0045;Satori;Satori;EXACT_ALIAS;1.0;satori;satori;CONFIRMED;HW_HERO_0045;Satori;0
37976;L;2;37976_Screenshot_20260710_222550_Hero_Wars__L2.png;37976_Screenshot_20260710_222550_Hero_Wars__L2.png;HW_HERO_0018;Iris;ACCEPTED;0.976671;0.075261;Iris;0.9988750219345093;HIGH;HW_HERO_0018;Iris;Iris;EXACT_ALIAS;1.0;iris;iris;CONFIRMED;HW_HERO_0018;Iris;0
37976;L;3;37976_Screenshot_20260710_222550_Hero_Wars__L3.png;37976_Screenshot_20260710_222550_Hero_Wars__L3.png;HW_HERO_0004;Byrna;ACCEPTED;0.97816;0.109856;Bvrna;0.9997487900607072;HIGH;HW_HERO_0004;Byrna;Byrna;VISUAL_ALIAS_ONE_EDIT_OCR;0.8;bvrna;byrna;CONFIRMED;HW_HERO_0004;Byrna;0
37976;L;4;37976_Screenshot_20260710_222550_Hero_Wars__L4.png;37976_Screenshot_20260710_222550_Hero_Wars__L4.png;HW_HERO_0030;Lian;ACCEPTED;0.961699;0.074395;Lian;0.9999005198478699;HIGH;HW_HERO_0030;Lian;Lian;EXACT_ALIAS;1.0;lian;lian;CONFIRMED;HW_HERO_0030;Lian;0
37976;L;5;37976_Screenshot_20260710_222550_Hero_Wars__L5.png;37976_Screenshot_20260710_222550_Hero_Wars__L5.png;HW_HERO_0012;Electra von Grave;ACCEPTED;0.963309;0.086335;Electra von Grave;0.8658204341033932;HIGH;HW_HERO_0012;Electra von Grave;Electra von Grave;EXACT_ALIAS;1.0;electra von grave;electra von grave;CONFIRMED;HW_HERO_0012;Electra von Grave;0
37976;R;1;37976_Screenshot_20260710_222550_Hero_Wars__R1.png;37976_Screenshot_20260710_222550_Hero_Wars__R1.png;HW_HERO_0073;Lars;ACCEPTED;0.959952;0.085465;Lars;0.9884904026985168;HIGH;HW_HERO_0073;Lars;Lars;EXACT_ALIAS;1.0;lars;lars;CONFIRMED;HW_HERO_0073;Lars;0
37976;R;2;37976_Screenshot_20260710_222550_Hero_Wars__R2.png;37976_Screenshot_20260710_222550_Hero_Wars__R2.png;HW_HERO_0042;Polaris;ACCEPTED;0.978828;0.098487;Polaris;0.9999846355670706;HIGH;HW_HERO_0042;Polaris;Polaris;EXACT_ALIAS;1.0;polaris;polaris;CONFIRMED;HW_HERO_0042;Polaris;0
37976;R;3;37976_Screenshot_20260710_222550_Hero_Wars__R3.png;37976_Screenshot_20260710_222550_Hero_Wars__R3.png;HW_HERO_0072;Krista;ACCEPTED;0.929169;0.07056;Krista;0.999981311837106;HIGH;HW_HERO_0072;Krista;Krista;EXACT_ALIAS;1.0;krista;krista;CONFIRMED;HW_HERO_0072;Krista;0
37976;R;4;37976_Screenshot_20260710_222550_Hero_Wars__R4.png;37976_Screenshot_20260710_222550_Hero_Wars__R4.png;HW_HERO_0017;Guus;ACCEPTED;0.96403;0.119642;Guus;0.9996633279351688;HIGH;HW_HERO_0017;Guus;Guus;EXACT_ALIAS;1.0;guus;guus;CONFIRMED;HW_HERO_0017;Guus;0
37976;R;5;37976_Screenshot_20260710_222550_Hero_Wars__R5.png;37976_Screenshot_20260710_222550_Hero_Wars__R5.png;HW_HERO_0001;Aidan;ACCEPTED;0.971377;0.084972;Aidan;0.9999400770832241;HIGH;HW_HERO_0001;Aidan;Aidan;EXACT_ALIAS;1.0;aidan;aidan;CONFIRMED;HW_HERO_0001;Aidan;0
37982;L;1;37982_6FAC41EF-1DC3-438A-A67E-736F7FAD7CD3__L1.png;37982_6FAC41EF-1DC3-438A-A67E-736F7FAD7CD3__L1.png;HW_HERO_0026;Kayla;ACCEPTED;0.938518;0.04995;Kavla;0.9860201371534792;HIGH;HW_HERO_0026;Kayla;Kayla;VISUAL_ALIAS_ONE_EDIT_OCR;0.8;kavla;kayla;CONFIRMED;HW_HERO_0026;Kayla;0
37982;L;2;37982_6FAC41EF-1DC3-438A-A67E-736F7FAD7CD3__L2.png;37982_6FAC41EF-1DC3-438A-A67E-736F7FAD7CD3__L2.png;HW_HERO_0045;Satori;ACCEPTED;0.963195;0.064483;Satori;0.9998705925952529;HIGH;HW_HERO_0045;Satori;Satori;EXACT_ALIAS;1.0;satori;satori;CONFIRMED;HW_HERO_0045;Satori;0
37982;L;3;37982_6FAC41EF-1DC3-438A-A67E-736F7FAD7CD3__L3.png;37982_6FAC41EF-1DC3-438A-A67E-736F7FAD7CD3__L3.png;HW_HERO_0004;Byrna;ACCEPTED;0.953298;0.08024;Bvrna;0.9610288157136802;HIGH;HW_HERO_0004;Byrna;Byrna;VISUAL_ALIAS_ONE_EDIT_OCR;0.8;bvrna;byrna;CONFIRMED;HW_HERO_0004;Byrna;0
37982;L;4;37982_6FAC41EF-1DC3-438A-A67E-736F7FAD7CD3__L4.png;37982_6FAC41EF-1DC3-438A-A67E-736F7FAD7CD3__L4.png;HW_HERO_0017;Guus;ACCEPTED;0.97078;0.150142;Suus;0.6801959276199341;MEDIUM;;;;NO_MATCH;0.0;suus;;VISUAL_ONLY;HW_HERO_0017;Guus;0
37982;L;5;37982_6FAC41EF-1DC3-438A-A67E-736F7FAD7CD3__L5.png;37982_6FAC41EF-1DC3-438A-A67E-736F7FAD7CD3__L5.png;HW_HERO_0001;Aidan;ACCEPTED;0.976442;0.094608;Aidan;0.8805295840247988;HIGH;HW_HERO_0001;Aidan;Aidan;EXACT_ALIAS;1.0;aidan;aidan;CONFIRMED;HW_HERO_0001;Aidan;0
37982;R;1;37982_6FAC41EF-1DC3-438A-A67E-736F7FAD7CD3__R1.png;37982_6FAC41EF-1DC3-438A-A67E-736F7FAD7CD3__R1.png;HW_HERO_0028;Kendle;ACCEPTED;0.913096;0.038536;Kendle;0.9845454713526164;HIGH;HW_HERO_0028;Kendle;Kendle;EXACT_ALIAS;1.0;kendle;kendle;CONFIRMED;HW_HERO_0028;Kendle;0
37982;R;2;37982_6FAC41EF-1DC3-438A-A67E-736F7FAD7CD3__R2.png;37982_6FAC41EF-1DC3-438A-A67E-736F7FAD7CD3__R2.png;HW_HERO_0038;Orion;ACCEPTED;0.97984;0.125003;Orior;0.9999240833505019;HIGH;HW_HERO_0038;Orion;Orion;VISUAL_ALIAS_ONE_EDIT_OCR;0.8;orior;orion;CONFIRMED;HW_HERO_0038;Orion;0
37982;R;3;37982_6FAC41EF-1DC3-438A-A67E-736F7FAD7CD3__R3.png;37982_6FAC41EF-1DC3-438A-A67E-736F7FAD7CD3__R3.png;HW_HERO_0044;Rufus;ACCEPTED;0.965164;0.061159;Rufus;0.9787624418599815;HIGH;HW_HERO_0044;Rufus;Rufus;EXACT_ALIAS;1.0;rufus;rufus;CONFIRMED;HW_HERO_0044;Rufus;0
37982;R;4;37982_6FAC41EF-1DC3-438A-A67E-736F7FAD7CD3__R4.png;37982_6FAC41EF-1DC3-438A-A67E-736F7FAD7CD3__R4.png;HW_HERO_0074;Théa;ACCEPTED;0.915905;0.051138;Theæ;0.9382630586624146;HIGH;HW_HERO_0074;Théa;Théa;VISUAL_ALIAS_ONE_EDIT_OCR;0.75;theæ;thea;CONFIRMED;HW_HERO_0074;Théa;0
37982;R;5;37982_6FAC41EF-1DC3-438A-A67E-736F7FAD7CD3__R5.png;37982_6FAC41EF-1DC3-438A-A67E-736F7FAD7CD3__R5.png;HW_HERO_0001;Aidan;ACCEPTED;0.980449;0.091449;Aidar;0.9999780887335017;HIGH;HW_HERO_0001;Aidan;Aidan;VISUAL_ALIAS_ONE_EDIT_OCR;0.8;aidar;aidan;CONFIRMED;HW_HERO_0001;Aidan;0
6900;L;1;6900_Screenshot_20250819_223339_Hero_Wars__L1.png;6900_Screenshot_20250819_223339_Hero_Wars__L1.png;HW_HERO_0045;Satori;ACCEPTED;0.963742;0.069268;Satori;0.9999582435277891;HIGH;HW_HERO_0045;Satori;Satori;EXACT_ALIAS;1.0;satori;satori;CONFIRMED;HW_HERO_0045;Satori;0
6900;L;2;6900_Screenshot_20250819_223339_Hero_Wars__L2.png;6900_Screenshot_20250819_223339_Hero_Wars__L2.png;HW_HERO_0005;Cascade;ACCEPTED;0.922961;0.048619;Cascade;0.9999285389697592;HIGH;HW_HERO_0005;Cascade;Cascade;EXACT_ALIAS;1.0;cascade;cascade;CONFIRMED;HW_HERO_0005;Cascade;0
6900;L;3;6900_Screenshot_20250819_223339_Hero_Wars__L3.png;6900_Screenshot_20250819_223339_Hero_Wars__L3.png;HW_HERO_0052;Yasmine;ACCEPTED;0.968008;0.097623;Yasmine;0.9145167229513281;HIGH;HW_HERO_0052;Yasmine;Yasmine;EXACT_ALIAS;1.0;yasmine;yasmine;CONFIRMED;HW_HERO_0052;Yasmine;0
6900;L;4;6900_Screenshot_20250819_223339_Hero_Wars__L4.png;6900_Screenshot_20250819_223339_Hero_Wars__L4.png;HW_HERO_0051;Xe'Sha;ACCEPTED;0.975711;0.109585;Xe'Sha;0.9980563997670556;HIGH;HW_HERO_0051;Xe'Sha;Xe'Sha;EXACT_ALIAS;1.0;xe sha;xe sha;CONFIRMED;HW_HERO_0051;Xe'Sha;0
6900;L;5;6900_Screenshot_20250819_223339_Hero_Wars__L5.png;6900_Screenshot_20250819_223339_Hero_Wars__L5.png;HW_HERO_0018;Iris;ACCEPTED;0.945435;0.04871;Iris;0.99982088804245;HIGH;HW_HERO_0018;Iris;Iris;EXACT_ALIAS;1.0;iris;iris;CONFIRMED;HW_HERO_0018;Iris;0
6900;R;1;6900_Screenshot_20250819_223339_Hero_Wars__R1.png;6900_Screenshot_20250819_223339_Hero_Wars__R1.png;HW_HERO_0038;Orion;ACCEPTED;0.936768;0.07852;Orion;0.9999472742530979;HIGH;HW_HERO_0038;Orion;Orion;EXACT_ALIAS;1.0;orion;orion;CONFIRMED;HW_HERO_0038;Orion;0
6900;R;2;6900_Screenshot_20250819_223339_Hero_Wars__R2.png;6900_Screenshot_20250819_223339_Hero_Wars__R2.png;HW_HERO_0044;Rufus;ACCEPTED;0.95812;0.07371;Rufus;0.9984013427817116;HIGH;HW_HERO_0044;Rufus;Rufus;EXACT_ALIAS;1.0;rufus;rufus;CONFIRMED;HW_HERO_0044;Rufus;0
6900;R;3;6900_Screenshot_20250819_223339_Hero_Wars__R3.png;6900_Screenshot_20250819_223339_Hero_Wars__R3.png;HW_HERO_0051;Xe'Sha;UNKNOWN;0.816132;0.001621;Elmir;0.9999387442733172;HIGH;;;Keira;NO_MATCH;0.6;elmir;;UNRESOLVED_OCR_TEXT;;;1
6900;R;4;6900_Screenshot_20250819_223339_Hero_Wars__R4.png;6900_Screenshot_20250819_223339_Hero_Wars__R4.png;HW_HERO_0062;Luther;ACCEPTED;0.985013;0.115983;Luther;0.9999503593946496;HIGH;HW_HERO_0062;Luther;Luther;EXACT_ALIAS;1.0;luther;luther;CONFIRMED;HW_HERO_0062;Luther;0
6900;R;5;6900_Screenshot_20250819_223339_Hero_Wars__R5.png;6900_Screenshot_20250819_223339_Hero_Wars__R5.png;HW_HERO_0047;Soleil;ACCEPTED;0.956557;0.087916;Soleil;0.9998294676036322;HIGH;HW_HERO_0047;Soleil;Soleil;EXACT_ALIAS;1.0;soleil;soleil;CONFIRMED;HW_HERO_0047;Soleil;0
