screenshot_id;side;slot;avatar_file;name_file;visual_hero_uid;visual_hero_name;visual_status;visual_similarity;visual_margin;ocr_text;ocr_confidence;ocr_status;ocr_matched_hero_uid;ocr_matched_hero_name;ocr_matched_alias;ocr_match_method;ocr_match_score;ocr_alias_key;decision;final_hero_uid;final_hero_name;review_required
23003;L;1;23003_Screenshot_20260120_101255_Hero_Wars__L1.png;23003_Screenshot_20260120_101255_Hero_Wars__L1.png;HW_HERO_0018;Iris;ACCEPTED;0.980073;0.091145;Iris;0.9995948076248169;HIGH;HW_HERO_0018;Iris;Iris;EXACT_ALIAS;1.0;iris;CONFIRMED;HW_HERO_0018;Iris;0
23003;L;2;23003_Screenshot_20260120_101255_Hero_Wars__L2.png;23003_Screenshot_20260120_101255_Hero_Wars__L2.png;HW_HERO_0042;Polaris;ACCEPTED;0.978196;0.099824;Polaris;0.9999835091393702;HIGH;HW_HERO_0042;Polaris;Polaris;EXACT_ALIAS;1.0;polaris;CONFIRMED;HW_HERO_0042;Polaris;0
23003;L;3;23003_Screenshot_20260120_101255_Hero_Wars__L3.png;23003_Screenshot_20260120_101255_Hero_Wars__L3.png;HW_HERO_0024;Julius;ACCEPTED;0.976959;0.134169;Julius;0.9999954253007136;HIGH;HW_HERO_0024;Julius;Julius;EXACT_ALIAS;1.0;julius;CONFIRMED;HW_HERO_0024;Julius;0
23003;L;4;23003_Screenshot_20260120_101255_Hero_Wars__L4.png;23003_Screenshot_20260120_101255_Hero_Wars__L4.png;HW_HERO_0047;Soleil;ACCEPTED;0.957462;0.091946;Soleil;0.9998793042310741;HIGH;HW_HERO_0047;Soleil;Soleil;EXACT_ALIAS;1.0;soleil;CONFIRMED;HW_HERO_0047;Soleil;0
23003;L;5;23003_Screenshot_20260120_101255_Hero_Wars__L5.png;23003_Screenshot_20260120_101255_Hero_Wars__L5.png;HW_HERO_0036;Nébula;ACCEPTED;0.955835;0.079148;Nebula;0.9999446652898047;HIGH;HW_HERO_0036;Nébula;Nébula;EXACT_ALIAS;1.0;nebula;CONFIRMED;HW_HERO_0036;Nébula;0
23003;R;1;23003_Screenshot_20260120_101255_Hero_Wars__R1.png;23003_Screenshot_20260120_101255_Hero_Wars__R1.png;HW_HERO_0024;Julius;ACCEPTED;0.97042;0.129059;Julius;0.9999974693158696;HIGH;HW_HERO_0024;Julius;Julius;EXACT_ALIAS;1.0;julius;CONFIRMED;HW_HERO_0024;Julius;0
23003;R;2;23003_Screenshot_20260120_101255_Hero_Wars__R2.png;23003_Screenshot_20260120_101255_Hero_Wars__R2.png;HW_HERO_0005;Cascade;ACCEPTED;0.925809;0.039682;Cascade;0.9287326053569439;HIGH;HW_HERO_0005;Cascade;Cascade;EXACT_ALIAS;1.0;cascade;CONFIRMED;HW_HERO_0005;Cascade;0
23003;R;3;23003_Screenshot_20260120_101255_Hero_Wars__R3.png;23003_Screenshot_20260120_101255_Hero_Wars__R3.png;HW_HERO_0014;Folio;ACCEPTED;0.979227;0.127238;Folio;0.9999757429984504;HIGH;HW_HERO_0014;Folio;Folio;EXACT_ALIAS;1.0;folio;CONFIRMED;HW_HERO_0014;Folio;0
23003;R;4;23003_Screenshot_20260120_101255_Hero_Wars__R4.png;23003_Screenshot_20260120_101255_Hero_Wars__R4.png;HW_HERO_0023;Juge;ACCEPTED;0.968258;0.135499;Judge;0.9999988804476111;HIGH;;;Juge;NO_MATCH;0.8888888888888888;judge;NEW_ALIAS_CANDIDATE;HW_HERO_0023;Juge;1
23003;R;5;23003_Screenshot_20260120_101255_Hero_Wars__R5.png;23003_Screenshot_20260120_101255_Hero_Wars__R5.png;HW_HERO_0042;Polaris;ACCEPTED;0.97975;0.107527;Polaris;0.9998741535876711;HIGH;HW_HERO_0042;Polaris;Polaris;EXACT_ALIAS;1.0;polaris;CONFIRMED;HW_HERO_0042;Polaris;0
23796;L;1;23796_Screenshot_20260202_005206_Hero_Wars__L1.png;23796_Screenshot_20260202_005206_Hero_Wars__L1.png;HW_HERO_0018;Iris;ACCEPTED;0.96144;0.070383;Iris;0.9996962547302246;HIGH;HW_HERO_0018;Iris;Iris;EXACT_ALIAS;1.0;iris;CONFIRMED;HW_HERO_0018;Iris;0
23796;L;2;23796_Screenshot_20260202_005206_Hero_Wars__L2.png;23796_Screenshot_20260202_005206_Hero_Wars__L2.png;HW_HERO_0024;Julius;ACCEPTED;0.976039;0.141831;Julius;0.9999975666499012;HIGH;HW_HERO_0024;Julius;Julius;EXACT_ALIAS;1.0;julius;CONFIRMED;HW_HERO_0024;Julius;0
23796;L;3;23796_Screenshot_20260202_005206_Hero_Wars__L3.png;23796_Screenshot_20260202_005206_Hero_Wars__L3.png;HW_HERO_0023;Juge;ACCEPTED;0.958506;0.140825;Juge;0.9746282260227135;HIGH;HW_HERO_0023;Juge;Juge;EXACT_ALIAS;1.0;juge;CONFIRMED;HW_HERO_0023;Juge;0
23796;L;4;23796_Screenshot_20260202_005206_Hero_Wars__L4.png;23796_Screenshot_20260202_005206_Hero_Wars__L4.png;HW_HERO_0042;Polaris;ACCEPTED;0.976032;0.100426;Polaris;0.9999891863308095;HIGH;HW_HERO_0042;Polaris;Polaris;EXACT_ALIAS;1.0;polaris;CONFIRMED;HW_HERO_0042;Polaris;0
23796;L;5;23796_Screenshot_20260202_005206_Hero_Wars__L5.png;23796_Screenshot_20260202_005206_Hero_Wars__L5.png;HW_HERO_0049;Tempus;ACCEPTED;0.95961;0.097218;Tempus;0.9999643756216834;HIGH;HW_HERO_0049;Tempus;Tempus;EXACT_ALIAS;1.0;tempus;CONFIRMED;HW_HERO_0049;Tempus;0
23796;R;1;23796_Screenshot_20260202_005206_Hero_Wars__R1.png;23796_Screenshot_20260202_005206_Hero_Wars__R1.png;HW_HERO_0051;Xe'Sha;ACCEPTED;0.970858;0.101845;Xe'Sha;0.9997721839935642;HIGH;HW_HERO_0051;Xe'Sha;Xe'Sha;EXACT_ALIAS;1.0;xe sha;CONFIRMED;HW_HERO_0051;Xe'Sha;0
23796;R;2;23796_Screenshot_20260202_005206_Hero_Wars__R2.png;23796_Screenshot_20260202_005206_Hero_Wars__R2.png;HW_HERO_0048;Somna;ACCEPTED;0.958051;0.10901;Somna;0.9999059570835804;HIGH;HW_HERO_0048;Somna;Somna;EXACT_ALIAS;1.0;somna;CONFIRMED;HW_HERO_0048;Somna;0
23796;R;3;23796_Screenshot_20260202_005206_Hero_Wars__R3.png;23796_Screenshot_20260202_005206_Hero_Wars__R3.png;HW_HERO_0003;Astaroth;ACCEPTED;0.918808;0.138647;Astaroth;0.9999884938829374;HIGH;HW_HERO_0003;Astaroth;Astaroth;EXACT_ALIAS;1.0;astaroth;CONFIRMED;HW_HERO_0003;Astaroth;0
23796;R;4;23796_Screenshot_20260202_005206_Hero_Wars__R4.png;23796_Screenshot_20260202_005206_Hero_Wars__R4.png;HW_HERO_0049;Tempus;ACCEPTED;0.969387;0.108848;Tempus;0.9999323523715056;HIGH;HW_HERO_0049;Tempus;Tempus;EXACT_ALIAS;1.0;tempus;CONFIRMED;HW_HERO_0049;Tempus;0
23796;R;5;23796_Screenshot_20260202_005206_Hero_Wars__R5.png;23796_Screenshot_20260202_005206_Hero_Wars__R5.png;HW_HERO_0018;Iris;REVIEW;0.860317;0.004725;Amira;0.9999708382776078;HIGH;;;Aidan;NO_MATCH;0.6;amira;UNRESOLVED_OCR_TEXT;;;1
24054;L;1;24054_Screenshot_2026-02-01-02-25-51-718_com.nexters.herowars__L1.png;24054_Screenshot_2026-02-01-02-25-51-718_com.nexters.herowars__L1.png;HW_HERO_0014;Folio;ACCEPTED;0.967555;0.108761;Folio;0.9999910968888175;HIGH;HW_HERO_0014;Folio;Folio;EXACT_ALIAS;1.0;folio;CONFIRMED;HW_HERO_0014;Folio;0
24054;L;2;24054_Screenshot_2026-02-01-02-25-51-718_com.nexters.herowars__L2.png;24054_Screenshot_2026-02-01-02-25-51-718_com.nexters.herowars__L2.png;HW_HERO_0017;Guus;REVIEW;0.831154;0.040659;Cornélius;0.9998981529370438;HIGH;;;Corvus;NO_MATCH;0.6666666666666666;cornelius;UNRESOLVED_OCR_TEXT;;;1
24054;L;3;24054_Screenshot_2026-02-01-02-25-51-718_com.nexters.herowars__L3.png;24054_Screenshot_2026-02-01-02-25-51-718_com.nexters.herowars__L3.png;HW_HERO_0037;Octavia;ACCEPTED;0.979071;0.114793;Octavia;0.8043870984460307;MEDIUM;HW_HERO_0037;Octavia;Octavia;EXACT_ALIAS;1.0;octavia;CONFIRMED;HW_HERO_0037;Octavia;0
24054;L;4;24054_Screenshot_2026-02-01-02-25-51-718_com.nexters.herowars__L4.png;24054_Screenshot_2026-02-01-02-25-51-718_com.nexters.herowars__L4.png;HW_HERO_0017;Guus;ACCEPTED;0.979708;0.143925;Guus;0.9993436503542469;HIGH;HW_HERO_0017;Guus;Guus;EXACT_ALIAS;1.0;guus;CONFIRMED;HW_HERO_0017;Guus;0
24054;L;5;24054_Screenshot_2026-02-01-02-25-51-718_com.nexters.herowars__L5.png;24054_Screenshot_2026-02-01-02-25-51-718_com.nexters.herowars__L5.png;HW_HERO_0001;Aidan;ACCEPTED;0.976791;0.113256;Aidan;0.9999551644767486;HIGH;HW_HERO_0001;Aidan;Aidan;EXACT_ALIAS;1.0;aidan;CONFIRMED;HW_HERO_0001;Aidan;0
24054;R;1;24054_Screenshot_2026-02-01-02-25-51-718_com.nexters.herowars__R1.png;24054_Screenshot_2026-02-01-02-25-51-718_com.nexters.herowars__R1.png;HW_HERO_0018;Iris;ACCEPTED;0.95582;0.066293;Iris;0.9994602799415588;HIGH;HW_HERO_0018;Iris;Iris;EXACT_ALIAS;1.0;iris;CONFIRMED;HW_HERO_0018;Iris;0
24054;R;2;24054_Screenshot_2026-02-01-02-25-51-718_com.nexters.herowars__R2.png;24054_Screenshot_2026-02-01-02-25-51-718_com.nexters.herowars__R2.png;HW_HERO_0014;Folio;ACCEPTED;0.963154;0.107683;Folio;0.9999862454889655;HIGH;HW_HERO_0014;Folio;Folio;EXACT_ALIAS;1.0;folio;CONFIRMED;HW_HERO_0014;Folio;0
24054;R;3;24054_Screenshot_2026-02-01-02-25-51-718_com.nexters.herowars__R3.png;24054_Screenshot_2026-02-01-02-25-51-718_com.nexters.herowars__R3.png;HW_HERO_0012;Electra von Grave;ACCEPTED;0.964405;0.088265;Electra von Grave;0.6894591463100157;MEDIUM;HW_HERO_0012;Electra von Grave;Electra von Grave;EXACT_ALIAS;1.0;electra von grave;CONFIRMED;HW_HERO_0012;Electra von Grave;0
24054;R;4;24054_Screenshot_2026-02-01-02-25-51-718_com.nexters.herowars__R4.png;24054_Screenshot_2026-02-01-02-25-51-718_com.nexters.herowars__R4.png;HW_HERO_0048;Somna;ACCEPTED;0.948252;0.109472;Somna;0.9998088742702802;HIGH;HW_HERO_0048;Somna;Somna;EXACT_ALIAS;1.0;somna;CONFIRMED;HW_HERO_0048;Somna;0
24054;R;5;24054_Screenshot_2026-02-01-02-25-51-718_com.nexters.herowars__R5.png;24054_Screenshot_2026-02-01-02-25-51-718_com.nexters.herowars__R5.png;HW_HERO_0042;Polaris;ACCEPTED;0.97482;0.110588;Polaris;0.999988600589317;HIGH;HW_HERO_0042;Polaris;Polaris;EXACT_ALIAS;1.0;polaris;CONFIRMED;HW_HERO_0042;Polaris;0
24073;L;1;24073_Screenshot_20260206_234151_Hero_Wars__L1.png;24073_Screenshot_20260206_234151_Hero_Wars__L1.png;HW_HERO_0018;Iris;ACCEPTED;0.978164;0.089672;Iris;0.9991073608398438;HIGH;HW_HERO_0018;Iris;Iris;EXACT_ALIAS;1.0;iris;CONFIRMED;HW_HERO_0018;Iris;0
24073;L;2;24073_Screenshot_20260206_234151_Hero_Wars__L2.png;24073_Screenshot_20260206_234151_Hero_Wars__L2.png;HW_HERO_0052;Yasmine;ACCEPTED;0.970768;0.082507;Yasmine;0.9999961251062139;HIGH;HW_HERO_0052;Yasmine;Yasmine;EXACT_ALIAS;1.0;yasmine;CONFIRMED;HW_HERO_0052;Yasmine;0
24073;L;3;24073_Screenshot_20260206_234151_Hero_Wars__L3.png;24073_Screenshot_20260206_234151_Hero_Wars__L3.png;HW_HERO_0039;Oya;ACCEPTED;0.954063;0.095157;Oya;0.9994455622441348;HIGH;HW_HERO_0039;Oya;Oya;EXACT_ALIAS;1.0;oya;CONFIRMED;HW_HERO_0039;Oya;0
24073;L;4;24073_Screenshot_20260206_234151_Hero_Wars__L4.png;24073_Screenshot_20260206_234151_Hero_Wars__L4.png;HW_HERO_0048;Somna;ACCEPTED;0.968514;0.129577;Somna;0.9998695978077107;HIGH;HW_HERO_0048;Somna;Somna;EXACT_ALIAS;1.0;somna;CONFIRMED;HW_HERO_0048;Somna;0
24073;L;5;24073_Screenshot_20260206_234151_Hero_Wars__L5.png;24073_Screenshot_20260206_234151_Hero_Wars__L5.png;HW_HERO_0003;Astaroth;REVIEW;0.898719;0.110603;Astaroth;0.9999879038241739;HIGH;HW_HERO_0003;Astaroth;Astaroth;EXACT_ALIAS;1.0;astaroth;RESCUED_BY_OCR;HW_HERO_0003;Astaroth;0
24073;R;1;24073_Screenshot_20260206_234151_Hero_Wars__R1.png;24073_Screenshot_20260206_234151_Hero_Wars__R1.png;HW_HERO_0026;Kayla;ACCEPTED;0.961269;0.089154;Kayla;0.9999470076913598;HIGH;HW_HERO_0026;Kayla;Kayla;EXACT_ALIAS;1.0;kayla;CONFIRMED;HW_HERO_0026;Kayla;0
24073;R;2;24073_Screenshot_20260206_234151_Hero_Wars__R2.png;24073_Screenshot_20260206_234151_Hero_Wars__R2.png;HW_HERO_0040;Peech;ACCEPTED;0.950579;0.05589;Peech;0.9999948287329671;HIGH;HW_HERO_0040;Peech;Peech;EXACT_ALIAS;1.0;peech;CONFIRMED;HW_HERO_0040;Peech;0
24073;R;3;24073_Screenshot_20260206_234151_Hero_Wars__R3.png;24073_Screenshot_20260206_234151_Hero_Wars__R3.png;HW_HERO_0003;Astaroth;ACCEPTED;0.900544;0.11557;Astaroth;0.999980275194318;HIGH;HW_HERO_0003;Astaroth;Astaroth;EXACT_ALIAS;1.0;astaroth;CONFIRMED;HW_HERO_0003;Astaroth;0
24073;R;4;24073_Screenshot_20260206_234151_Hero_Wars__R4.png;24073_Screenshot_20260206_234151_Hero_Wars__R4.png;HW_HERO_0017;Guus;ACCEPTED;0.977136;0.133826;Guus;0.9779950104960676;HIGH;HW_HERO_0017;Guus;Guus;EXACT_ALIAS;1.0;guus;CONFIRMED;HW_HERO_0017;Guus;0
24073;R;5;24073_Screenshot_20260206_234151_Hero_Wars__R5.png;24073_Screenshot_20260206_234151_Hero_Wars__R5.png;HW_HERO_0001;Aidan;ACCEPTED;0.980552;0.121631;Aidan;0.8443414545896017;MEDIUM;HW_HERO_0001;Aidan;Aidan;EXACT_ALIAS;1.0;aidan;CONFIRMED;HW_HERO_0001;Aidan;0
24109;L;1;24109_IMG_0216__L1.png;24109_IMG_0216__L1.png;HW_HERO_0016;Ginger;ACCEPTED;0.970656;0.091489;Ginger;0.9999968366446121;HIGH;HW_HERO_0016;Ginger;Ginger;EXACT_ALIAS;1.0;ginger;CONFIRMED;HW_HERO_0016;Ginger;0
24109;L;2;24109_IMG_0216__L2.png;24109_IMG_0216__L2.png;HW_HERO_0005;Cascade;REVIEW;0.822363;0.000421;Isaac;0.9996003637089201;HIGH;;;Ishmaël;NO_MATCH;0.5;isaac;UNRESOLVED_OCR_TEXT;;;1
24109;L;3;24109_IMG_0216__L3.png;24109_IMG_0216__L3.png;HW_HERO_0024;Julius;ACCEPTED;0.96751;0.122354;Julius;0.8142856033740248;MEDIUM;HW_HERO_0024;Julius;Julius;EXACT_ALIAS;1.0;julius;CONFIRMED;HW_HERO_0024;Julius;0
24109;L;4;24109_IMG_0216__L4.png;24109_IMG_0216__L4.png;HW_HERO_0023;Juge;ACCEPTED;0.951795;0.123349;Judge;0.9999968545905313;HIGH;;;Juge;NO_MATCH;0.8888888888888888;judge;NEW_ALIAS_CANDIDATE;HW_HERO_0023;Juge;1
24109;L;5;24109_IMG_0216__L5.png;24109_IMG_0216__L5.png;HW_HERO_0036;Nébula;ACCEPTED;0.971187;0.094673;Nebula;0.999879255562765;HIGH;HW_HERO_0036;Nébula;Nébula;EXACT_ALIAS;1.0;nebula;CONFIRMED;HW_HERO_0036;Nébula;0
24109;R;1;24109_IMG_0216__R1.png;24109_IMG_0216__R1.png;HW_HERO_0027;Keira;ACCEPTED;0.958522;0.093596;Keira;0.999991310137099;HIGH;HW_HERO_0027;Keira;Keira;EXACT_ALIAS;1.0;keira;CONFIRMED;HW_HERO_0027;Keira;0
24109;R;2;24109_IMG_0216__R2.png;24109_IMG_0216__R2.png;HW_HERO_0003;Astaroth;ACCEPTED;0.949667;0.175636;Astaroth;0.9589900365187461;HIGH;HW_HERO_0003;Astaroth;Astaroth;EXACT_ALIAS;1.0;astaroth;CONFIRMED;HW_HERO_0003;Astaroth;0
24109;R;3;24109_IMG_0216__R3.png;24109_IMG_0216__R3.png;HW_HERO_0033;Maya;REVIEW;0.899366;0.034485;Maya;0.9999496936798096;HIGH;HW_HERO_0033;Maya;Maya;EXACT_ALIAS;1.0;maya;RESCUED_BY_OCR;HW_HERO_0033;Maya;0
24109;R;4;24109_IMG_0216__R4.png;24109_IMG_0216__R4.png;HW_HERO_0022;Jorgen;ACCEPTED;0.947939;0.100998;Jorgen;0.5937456780923175;LOW;HW_HERO_0022;Jorgen;Jorgen;EXACT_ALIAS;1.0;jorgen;CONFIRMED;HW_HERO_0022;Jorgen;0
24109;R;5;24109_IMG_0216__R5.png;24109_IMG_0216__R5.png;HW_HERO_0005;Cascade;ACCEPTED;0.959193;0.09183;Cascade;0.9999653961256877;HIGH;HW_HERO_0005;Cascade;Cascade;EXACT_ALIAS;1.0;cascade;CONFIRMED;HW_HERO_0005;Cascade;0
24231;L;1;24231_IMG_3632__L1.png;24231_IMG_3632__L1.png;HW_HERO_0018;Iris;ACCEPTED;0.972386;0.086391;Iris;0.9989544153213501;HIGH;HW_HERO_0018;Iris;Iris;EXACT_ALIAS;1.0;iris;CONFIRMED;HW_HERO_0018;Iris;0
24231;L;2;24231_IMG_3632__L2.png;24231_IMG_3632__L2.png;HW_HERO_0010;Dante;ACCEPTED;0.969299;0.091603;Dante;0.999957830091186;HIGH;HW_HERO_0010;Dante;Dante;EXACT_ALIAS;1.0;dante;CONFIRMED;HW_HERO_0010;Dante;0
24231;L;3;24231_IMG_3632__L3.png;24231_IMG_3632__L3.png;HW_HERO_0045;Satori;REVIEW;0.878725;0.007147;Astrid and Lucas;0.8829614541914917;HIGH;;;Aidan;NO_MATCH;0.47619047619047616;astrid and lucas;UNRESOLVED_OCR_TEXT;;;1
24231;L;4;24231_IMG_3632__L4.png;24231_IMG_3632__L4.png;HW_HERO_0037;Octavia;ACCEPTED;0.953402;0.097295;Octavia;0.9998329245960927;HIGH;HW_HERO_0037;Octavia;Octavia;EXACT_ALIAS;1.0;octavia;CONFIRMED;HW_HERO_0037;Octavia;0
24231;L;5;24231_IMG_3632__L5.png;24231_IMG_3632__L5.png;HW_HERO_0036;Nébula;ACCEPTED;0.972207;0.097283;Nebula;0.9999070937486616;HIGH;HW_HERO_0036;Nébula;Nébula;EXACT_ALIAS;1.0;nebula;CONFIRMED;HW_HERO_0036;Nébula;0
24231;R;1;24231_IMG_3632__R1.png;24231_IMG_3632__R1.png;HW_HERO_0050;Tristan;ACCEPTED;0.936132;0.07887;Tristan;0.9999909886116297;HIGH;HW_HERO_0050;Tristan;Tristan;EXACT_ALIAS;1.0;tristan;CONFIRMED;HW_HERO_0050;Tristan;0
24231;R;2;24231_IMG_3632__R2.png;24231_IMG_3632__R2.png;HW_HERO_0039;Oya;ACCEPTED;0.946476;0.084702;Oya;0.9997670980897776;HIGH;HW_HERO_0039;Oya;Oya;EXACT_ALIAS;1.0;oya;CONFIRMED;HW_HERO_0039;Oya;0
24231;R;3;24231_IMG_3632__R3.png;24231_IMG_3632__R3.png;HW_HERO_0024;Julius;ACCEPTED;0.971058;0.137366;Julius;0.9999979073189952;HIGH;HW_HERO_0024;Julius;Julius;EXACT_ALIAS;1.0;julius;CONFIRMED;HW_HERO_0024;Julius;0
24231;R;4;24231_IMG_3632__R4.png;24231_IMG_3632__R4.png;HW_HERO_0026;Kayla;ACCEPTED;0.964945;0.070405;Kayla;0.9999795281615074;HIGH;HW_HERO_0026;Kayla;Kayla;EXACT_ALIAS;1.0;kayla;CONFIRMED;HW_HERO_0026;Kayla;0
24231;R;5;24231_IMG_3632__R5.png;24231_IMG_3632__R5.png;HW_HERO_0013;Fafnir;ACCEPTED;0.960392;0.138419;Fafnir;0.9999759097753955;HIGH;HW_HERO_0013;Fafnir;Fafnir;EXACT_ALIAS;1.0;fafnir;CONFIRMED;HW_HERO_0013;Fafnir;0
24489;L;1;24489_Screenshot_20260207-102123__L1.png;24489_Screenshot_20260207-102123__L1.png;HW_HERO_0014;Folio;ACCEPTED;0.955453;0.131211;Folio;0.9999860322405565;HIGH;HW_HERO_0014;Folio;Folio;EXACT_ALIAS;1.0;folio;CONFIRMED;HW_HERO_0014;Folio;0
24489;L;2;24489_Screenshot_20260207-102123__L2.png;24489_Screenshot_20260207-102123__L2.png;HW_HERO_0023;Juge;ACCEPTED;0.952846;0.111635;Juge;0.9999980926513672;HIGH;HW_HERO_0023;Juge;Juge;EXACT_ALIAS;1.0;juge;CONFIRMED;HW_HERO_0023;Juge;0
24489;L;3;24489_Screenshot_20260207-102123__L3.png;24489_Screenshot_20260207-102123__L3.png;HW_HERO_0027;Keira;REVIEW;0.826532;0.003321;Isaac;0.9997807248445032;HIGH;;;Ishmaël;NO_MATCH;0.5;isaac;UNRESOLVED_OCR_TEXT;;;1
24489;L;4;24489_Screenshot_20260207-102123__L4.png;24489_Screenshot_20260207-102123__L4.png;HW_HERO_0042;Polaris;ACCEPTED;0.952556;0.090059;Polaris;0.9999831937395408;HIGH;HW_HERO_0042;Polaris;Polaris;EXACT_ALIAS;1.0;polaris;CONFIRMED;HW_HERO_0042;Polaris;0
24489;L;5;24489_Screenshot_20260207-102123__L5.png;24489_Screenshot_20260207-102123__L5.png;HW_HERO_0024;Julius;ACCEPTED;0.97238;0.135566;Julius;0.9999979559860065;HIGH;HW_HERO_0024;Julius;Julius;EXACT_ALIAS;1.0;julius;CONFIRMED;HW_HERO_0024;Julius;0
24489;R;1;24489_Screenshot_20260207-102123__R1.png;24489_Screenshot_20260207-102123__R1.png;HW_HERO_0026;Kayla;ACCEPTED;0.981685;0.078763;Kayla;0.9999680660428322;HIGH;HW_HERO_0026;Kayla;Kayla;EXACT_ALIAS;1.0;kayla;CONFIRMED;HW_HERO_0026;Kayla;0
24489;R;2;24489_Screenshot_20260207-102123__R2.png;24489_Screenshot_20260207-102123__R2.png;HW_HERO_0024;Julius;ACCEPTED;0.965442;0.121091;Julius;0.9999965933094893;HIGH;HW_HERO_0024;Julius;Julius;EXACT_ALIAS;1.0;julius;CONFIRMED;HW_HERO_0024;Julius;0
24489;R;3;24489_Screenshot_20260207-102123__R3.png;24489_Screenshot_20260207-102123__R3.png;HW_HERO_0005;Cascade;REVIEW;0.823175;0.003393;Isaac;0.9983566576169312;HIGH;;;Ishmaël;NO_MATCH;0.5;isaac;UNRESOLVED_OCR_TEXT;;;1
24489;R;4;24489_Screenshot_20260207-102123__R4.png;24489_Screenshot_20260207-102123__R4.png;HW_HERO_0001;Aidan;ACCEPTED;0.975835;0.104589;Aidan;0.99996550705608;HIGH;HW_HERO_0001;Aidan;Aidan;EXACT_ALIAS;1.0;aidan;CONFIRMED;HW_HERO_0001;Aidan;0
24489;R;5;24489_Screenshot_20260207-102123__R5.png;24489_Screenshot_20260207-102123__R5.png;HW_HERO_0023;Juge;ACCEPTED;0.95641;0.115543;Juge;0.999998927116394;HIGH;HW_HERO_0023;Juge;Juge;EXACT_ALIAS;1.0;juge;CONFIRMED;HW_HERO_0023;Juge;0
24655;L;1;24655_Screenshot_20260213_011854_Hero_Wars__L1.png;24655_Screenshot_20260213_011854_Hero_Wars__L1.png;HW_HERO_0018;Iris;ACCEPTED;0.979118;0.088912;Iris;0.9991641044616699;HIGH;HW_HERO_0018;Iris;Iris;EXACT_ALIAS;1.0;iris;CONFIRMED;HW_HERO_0018;Iris;0
24655;L;2;24655_Screenshot_20260213_011854_Hero_Wars__L2.png;24655_Screenshot_20260213_011854_Hero_Wars__L2.png;HW_HERO_0052;Yasmine;ACCEPTED;0.974808;0.073635;Yasmine;0.9999969361308959;HIGH;HW_HERO_0052;Yasmine;Yasmine;EXACT_ALIAS;1.0;yasmine;CONFIRMED;HW_HERO_0052;Yasmine;0
24655;L;3;24655_Screenshot_20260213_011854_Hero_Wars__L3.png;24655_Screenshot_20260213_011854_Hero_Wars__L3.png;HW_HERO_0039;Oya;ACCEPTED;0.956467;0.093012;Oya;0.9996730171392967;HIGH;HW_HERO_0039;Oya;Oya;EXACT_ALIAS;1.0;oya;CONFIRMED;HW_HERO_0039;Oya;0
24655;L;4;24655_Screenshot_20260213_011854_Hero_Wars__L4.png;24655_Screenshot_20260213_011854_Hero_Wars__L4.png;HW_HERO_0048;Somna;ACCEPTED;0.963525;0.110786;Somna;0.9998676252325629;HIGH;HW_HERO_0048;Somna;Somna;EXACT_ALIAS;1.0;somna;CONFIRMED;HW_HERO_0048;Somna;0
24655;L;5;24655_Screenshot_20260213_011854_Hero_Wars__L5.png;24655_Screenshot_20260213_011854_Hero_Wars__L5.png;HW_HERO_0003;Astaroth;ACCEPTED;0.915215;0.10497;Astaroth;0.9999922449674185;HIGH;HW_HERO_0003;Astaroth;Astaroth;EXACT_ALIAS;1.0;astaroth;CONFIRMED;HW_HERO_0003;Astaroth;0
24655;R;1;24655_Screenshot_20260213_011854_Hero_Wars__R1.png;24655_Screenshot_20260213_011854_Hero_Wars__R1.png;HW_HERO_0052;Yasmine;ACCEPTED;0.966252;0.071025;Yasmine;0.9999667880549262;HIGH;HW_HERO_0052;Yasmine;Yasmine;EXACT_ALIAS;1.0;yasmine;CONFIRMED;HW_HERO_0052;Yasmine;0
24655;R;2;24655_Screenshot_20260213_011854_Hero_Wars__R2.png;24655_Screenshot_20260213_011854_Hero_Wars__R2.png;HW_HERO_0039;Oya;ACCEPTED;0.955288;0.079874;Oya;0.9996160323269659;HIGH;HW_HERO_0039;Oya;Oya;EXACT_ALIAS;1.0;oya;CONFIRMED;HW_HERO_0039;Oya;0
24655;R;3;24655_Screenshot_20260213_011854_Hero_Wars__R3.png;24655_Screenshot_20260213_011854_Hero_Wars__R3.png;HW_HERO_0048;Somna;ACCEPTED;0.969447;0.119117;Somna;0.9999161397853605;HIGH;HW_HERO_0048;Somna;Somna;EXACT_ALIAS;1.0;somna;CONFIRMED;HW_HERO_0048;Somna;0
24655;R;4;24655_Screenshot_20260213_011854_Hero_Wars__R4.png;24655_Screenshot_20260213_011854_Hero_Wars__R4.png;HW_HERO_0001;Aidan;ACCEPTED;0.97227;0.124093;Aidan;0.9999494067467012;HIGH;HW_HERO_0001;Aidan;Aidan;EXACT_ALIAS;1.0;aidan;CONFIRMED;HW_HERO_0001;Aidan;0
24655;R;5;24655_Screenshot_20260213_011854_Hero_Wars__R5.png;24655_Screenshot_20260213_011854_Hero_Wars__R5.png;HW_HERO_0003;Astaroth;ACCEPTED;0.902959;0.118783;Astaroth;0.9999818346399504;HIGH;HW_HERO_0003;Astaroth;Astaroth;EXACT_ALIAS;1.0;astaroth;CONFIRMED;HW_HERO_0003;Astaroth;0
24931;L;1;24931_Screenshot_20260219_234620_Hero_Wars__L1.png;24931_Screenshot_20260219_234620_Hero_Wars__L1.png;HW_HERO_0018;Iris;ACCEPTED;0.980072;0.080451;Iris;0.9995666742324829;HIGH;HW_HERO_0018;Iris;Iris;EXACT_ALIAS;1.0;iris;CONFIRMED;HW_HERO_0018;Iris;0
24931;L;2;24931_Screenshot_20260219_234620_Hero_Wars__L2.png;24931_Screenshot_20260219_234620_Hero_Wars__L2.png;HW_HERO_0052;Yasmine;ACCEPTED;0.972552;0.074162;Yasmine;0.9999965756755079;HIGH;HW_HERO_0052;Yasmine;Yasmine;EXACT_ALIAS;1.0;yasmine;CONFIRMED;HW_HERO_0052;Yasmine;0
24931;L;3;24931_Screenshot_20260219_234620_Hero_Wars__L3.png;24931_Screenshot_20260219_234620_Hero_Wars__L3.png;HW_HERO_0039;Oya;ACCEPTED;0.951928;0.085938;Oya;0.9994542336197996;HIGH;HW_HERO_0039;Oya;Oya;EXACT_ALIAS;1.0;oya;CONFIRMED;HW_HERO_0039;Oya;0
24931;L;4;24931_Screenshot_20260219_234620_Hero_Wars__L4.png;24931_Screenshot_20260219_234620_Hero_Wars__L4.png;HW_HERO_0048;Somna;ACCEPTED;0.97201;0.12984;Somna;0.9791284646062011;HIGH;HW_HERO_0048;Somna;Somna;EXACT_ALIAS;1.0;somna;CONFIRMED;HW_HERO_0048;Somna;0
24931;L;5;24931_Screenshot_20260219_234620_Hero_Wars__L5.png;24931_Screenshot_20260219_234620_Hero_Wars__L5.png;HW_HERO_0003;Astaroth;ACCEPTED;0.910487;0.120801;Astaroth;0.9999772405945243;HIGH;HW_HERO_0003;Astaroth;Astaroth;EXACT_ALIAS;1.0;astaroth;CONFIRMED;HW_HERO_0003;Astaroth;0
24931;R;1;24931_Screenshot_20260219_234620_Hero_Wars__R1.png;24931_Screenshot_20260219_234620_Hero_Wars__R1.png;HW_HERO_0018;Iris;REVIEW;0.86185;0.007554;Artemis;0.9999830585681754;HIGH;;;Tempus;NO_MATCH;0.6153846153846154;artemis;UNRESOLVED_OCR_TEXT;;;1
24931;R;2;24931_Screenshot_20260219_234620_Hero_Wars__R2.png;24931_Screenshot_20260219_234620_Hero_Wars__R2.png;HW_HERO_0050;Tristan;ACCEPTED;0.930626;0.066686;Tristan;0.6704751177207139;MEDIUM;HW_HERO_0050;Tristan;Tristan;EXACT_ALIAS;1.0;tristan;CONFIRMED;HW_HERO_0050;Tristan;0
24931;R;3;24931_Screenshot_20260219_234620_Hero_Wars__R3.png;24931_Screenshot_20260219_234620_Hero_Wars__R3.png;HW_HERO_0018;Iris;REVIEW;0.829996;0.006279;Luther;0.9993631468695687;HIGH;;;Lilith;NO_MATCH;0.5;luther;UNRESOLVED_OCR_TEXT;;;1
24931;R;4;24931_Screenshot_20260219_234620_Hero_Wars__R4.png;24931_Screenshot_20260219_234620_Hero_Wars__R4.png;HW_HERO_0003;Astaroth;ACCEPTED;0.905493;0.12311;Astaroth;0.9999880724124068;HIGH;HW_HERO_0003;Astaroth;Astaroth;EXACT_ALIAS;1.0;astaroth;CONFIRMED;HW_HERO_0003;Astaroth;0
24931;R;5;24931_Screenshot_20260219_234620_Hero_Wars__R5.png;24931_Screenshot_20260219_234620_Hero_Wars__R5.png;HW_HERO_0013;Fafnir;ACCEPTED;0.946106;0.124168;Fafnir;0.9999821878464953;HIGH;HW_HERO_0013;Fafnir;Fafnir;EXACT_ALIAS;1.0;fafnir;CONFIRMED;HW_HERO_0013;Fafnir;0
25048;L;1;25048_Screenshot_2026-02-20-20-55-07-685_com.nexters.herowars__L1.png;25048_Screenshot_2026-02-20-20-55-07-685_com.nexters.herowars__L1.png;HW_HERO_0045;Satori;ACCEPTED;0.962562;0.074823;Satori;0.6335868888154698;MEDIUM;HW_HERO_0045;Satori;Satori;EXACT_ALIAS;1.0;satori;CONFIRMED;HW_HERO_0045;Satori;0
25048;L;2;25048_Screenshot_2026-02-20-20-55-07-685_com.nexters.herowars__L2.png;25048_Screenshot_2026-02-20-20-55-07-685_com.nexters.herowars__L2.png;HW_HERO_0014;Folio;ACCEPTED;0.970671;0.13004;Folio;0.9999837931319393;HIGH;HW_HERO_0014;Folio;Folio;EXACT_ALIAS;1.0;folio;CONFIRMED;HW_HERO_0014;Folio;0
25048;L;3;25048_Screenshot_2026-02-20-20-55-07-685_com.nexters.herowars__L3.png;25048_Screenshot_2026-02-20-20-55-07-685_com.nexters.herowars__L3.png;HW_HERO_0042;Polaris;ACCEPTED;0.972296;0.098858;Polaris;0.9999869785353752;HIGH;HW_HERO_0042;Polaris;Polaris;EXACT_ALIAS;1.0;polaris;CONFIRMED;HW_HERO_0042;Polaris;0
25048;L;4;25048_Screenshot_2026-02-20-20-55-07-685_com.nexters.herowars__L4.png;25048_Screenshot_2026-02-20-20-55-07-685_com.nexters.herowars__L4.png;HW_HERO_0003;Astaroth;ACCEPTED;0.940634;0.140324;Astaroth;0.9999873559123359;HIGH;HW_HERO_0003;Astaroth;Astaroth;EXACT_ALIAS;1.0;astaroth;CONFIRMED;HW_HERO_0003;Astaroth;0
25048;L;5;25048_Screenshot_2026-02-20-20-55-07-685_com.nexters.herowars__L5.png;25048_Screenshot_2026-02-20-20-55-07-685_com.nexters.herowars__L5.png;HW_HERO_0012;Electra von Grave;ACCEPTED;0.966745;0.084972;Electra von Grave;0.9786635026427783;HIGH;HW_HERO_0012;Electra von Grave;Electra von Grave;EXACT_ALIAS;1.0;electra von grave;CONFIRMED;HW_HERO_0012;Electra von Grave;0
25048;R;1;25048_Screenshot_2026-02-20-20-55-07-685_com.nexters.herowars__R1.png;25048_Screenshot_2026-02-20-20-55-07-685_com.nexters.herowars__R1.png;HW_HERO_0052;Yasmine;ACCEPTED;0.964743;0.082116;Yasmine;0.9999960349923473;HIGH;HW_HERO_0052;Yasmine;Yasmine;EXACT_ALIAS;1.0;yasmine;CONFIRMED;HW_HERO_0052;Yasmine;0
25048;R;2;25048_Screenshot_2026-02-20-20-55-07-685_com.nexters.herowars__R2.png;25048_Screenshot_2026-02-20-20-55-07-685_com.nexters.herowars__R2.png;HW_HERO_0033;Maya;REVIEW;0.896041;0.014434;Maya;0.9999783039093018;HIGH;HW_HERO_0033;Maya;Maya;EXACT_ALIAS;1.0;maya;RESCUED_BY_OCR;HW_HERO_0033;Maya;0
25048;R;3;25048_Screenshot_2026-02-20-20-55-07-685_com.nexters.herowars__R3.png;25048_Screenshot_2026-02-20-20-55-07-685_com.nexters.herowars__R3.png;HW_HERO_0010;Dante;ACCEPTED;0.951278;0.062477;Dante;0.9999494067467012;HIGH;HW_HERO_0010;Dante;Dante;EXACT_ALIAS;1.0;dante;CONFIRMED;HW_HERO_0010;Dante;0
25048;R;4;25048_Screenshot_2026-02-20-20-55-07-685_com.nexters.herowars__R4.png;25048_Screenshot_2026-02-20-20-55-07-685_com.nexters.herowars__R4.png;HW_HERO_0031;Lilith;REVIEW;0.86319;0.019299;Jhu;0.9999882308461432;HIGH;HW_HERO_0021;Jhu;Jhu;EXACT_ALIAS;1.0;jhu;CONFLICT;;;1
25048;R;5;25048_Screenshot_2026-02-20-20-55-07-685_com.nexters.herowars__R5.png;25048_Screenshot_2026-02-20-20-55-07-685_com.nexters.herowars__R5.png;HW_HERO_0037;Octavia;ACCEPTED;0.964884;0.080446;Octavia;0.9998773527542326;HIGH;HW_HERO_0037;Octavia;Octavia;EXACT_ALIAS;1.0;octavia;CONFIRMED;HW_HERO_0037;Octavia;0
25081;L;1;25081_Screenshot_2026-02-23-11-26-11-297_com.nexters.herowars__L1.png;25081_Screenshot_2026-02-23-11-26-11-297_com.nexters.herowars__L1.png;HW_HERO_0018;Iris;ACCEPTED;0.979734;0.094634;Iris;0.9988871812820435;HIGH;HW_HERO_0018;Iris;Iris;EXACT_ALIAS;1.0;iris;CONFIRMED;HW_HERO_0018;Iris;0
25081;L;2;25081_Screenshot_2026-02-23-11-26-11-297_com.nexters.herowars__L2.png;25081_Screenshot_2026-02-23-11-26-11-297_com.nexters.herowars__L2.png;HW_HERO_0005;Cascade;ACCEPTED;0.940301;0.063873;Cascade;0.9999817519113395;HIGH;HW_HERO_0005;Cascade;Cascade;EXACT_ALIAS;1.0;cascade;CONFIRMED;HW_HERO_0005;Cascade;0
25081;L;3;25081_Screenshot_2026-02-23-11-26-11-297_com.nexters.herowars__L3.png;25081_Screenshot_2026-02-23-11-26-11-297_com.nexters.herowars__L3.png;HW_HERO_0039;Oya;ACCEPTED;0.960954;0.105832;Oya;0.9996912551240639;HIGH;HW_HERO_0039;Oya;Oya;EXACT_ALIAS;1.0;oya;CONFIRMED;HW_HERO_0039;Oya;0
25081;L;4;25081_Screenshot_2026-02-23-11-26-11-297_com.nexters.herowars__L4.png;25081_Screenshot_2026-02-23-11-26-11-297_com.nexters.herowars__L4.png;HW_HERO_0010;Dante;ACCEPTED;0.960164;0.065536;Dante;0.9846033435776672;HIGH;HW_HERO_0010;Dante;Dante;EXACT_ALIAS;1.0;dante;CONFIRMED;HW_HERO_0010;Dante;0
25081;L;5;25081_Screenshot_2026-02-23-11-26-11-297_com.nexters.herowars__L5.png;25081_Screenshot_2026-02-23-11-26-11-297_com.nexters.herowars__L5.png;HW_HERO_0037;Octavia;ACCEPTED;0.974723;0.114755;Octavia;0.9998530660408845;HIGH;HW_HERO_0037;Octavia;Octavia;EXACT_ALIAS;1.0;octavia;CONFIRMED;HW_HERO_0037;Octavia;0
25081;R;1;25081_Screenshot_2026-02-23-11-26-11-297_com.nexters.herowars__R1.png;25081_Screenshot_2026-02-23-11-26-11-297_com.nexters.herowars__R1.png;HW_HERO_0014;Folio;ACCEPTED;0.971346;0.118271;Folio;0.9999872051067392;HIGH;HW_HERO_0014;Folio;Folio;EXACT_ALIAS;1.0;folio;CONFIRMED;HW_HERO_0014;Folio;0
25081;R;2;25081_Screenshot_2026-02-23-11-26-11-297_com.nexters.herowars__R2.png;25081_Screenshot_2026-02-23-11-26-11-297_com.nexters.herowars__R2.png;HW_HERO_0004;Byrna;ACCEPTED;0.978271;0.114925;Byrna;0.9999904571439411;HIGH;HW_HERO_0004;Byrna;Byrna;EXACT_ALIAS;1.0;byrna;CONFIRMED;HW_HERO_0004;Byrna;0
25081;R;3;25081_Screenshot_2026-02-23-11-26-11-297_com.nexters.herowars__R3.png;25081_Screenshot_2026-02-23-11-26-11-297_com.nexters.herowars__R3.png;HW_HERO_0024;Julius;ACCEPTED;0.976002;0.149234;Julius;0.9999968853116353;HIGH;HW_HERO_0024;Julius;Julius;EXACT_ALIAS;1.0;julius;CONFIRMED;HW_HERO_0024;Julius;0
25081;R;4;25081_Screenshot_2026-02-23-11-26-11-297_com.nexters.herowars__R4.png;25081_Screenshot_2026-02-23-11-26-11-297_com.nexters.herowars__R4.png;HW_HERO_0048;Somna;ACCEPTED;0.973765;0.129101;Somna;0.9998681050481816;HIGH;HW_HERO_0048;Somna;Somna;EXACT_ALIAS;1.0;somna;CONFIRMED;HW_HERO_0048;Somna;0
25081;R;5;25081_Screenshot_2026-02-23-11-26-11-297_com.nexters.herowars__R5.png;25081_Screenshot_2026-02-23-11-26-11-297_com.nexters.herowars__R5.png;HW_HERO_0001;Aidan;ACCEPTED;0.980911;0.125303;Aidan;0.9999671597351124;HIGH;HW_HERO_0001;Aidan;Aidan;EXACT_ALIAS;1.0;aidan;CONFIRMED;HW_HERO_0001;Aidan;0
25278;L;1;25278_Screenshot_20260209_191952_Hero_Wars__L1.png;25278_Screenshot_20260209_191952_Hero_Wars__L1.png;HW_HERO_0018;Iris;ACCEPTED;0.977443;0.085246;Iris;0.7189099726012891;MEDIUM;HW_HERO_0018;Iris;Iris;EXACT_ALIAS;1.0;iris;CONFIRMED;HW_HERO_0018;Iris;0
25278;L;2;25278_Screenshot_20260209_191952_Hero_Wars__L2.png;25278_Screenshot_20260209_191952_Hero_Wars__L2.png;HW_HERO_0047;Soleil;ACCEPTED;0.957881;0.107116;Soleil;0.9999548854727895;HIGH;HW_HERO_0047;Soleil;Soleil;EXACT_ALIAS;1.0;soleil;CONFIRMED;HW_HERO_0047;Soleil;0
25278;L;3;25278_Screenshot_20260209_191952_Hero_Wars__L3.png;25278_Screenshot_20260209_191952_Hero_Wars__L3.png;HW_HERO_0024;Julius;ACCEPTED;0.97859;0.15242;Julius;0.9999968366446121;HIGH;HW_HERO_0024;Julius;Julius;EXACT_ALIAS;1.0;julius;CONFIRMED;HW_HERO_0024;Julius;0
25278;L;4;25278_Screenshot_20260209_191952_Hero_Wars__L4.png;25278_Screenshot_20260209_191952_Hero_Wars__L4.png;HW_HERO_0042;Polaris;ACCEPTED;0.972594;0.097556;Polaris;0.999990808383595;HIGH;HW_HERO_0042;Polaris;Polaris;EXACT_ALIAS;1.0;polaris;CONFIRMED;HW_HERO_0042;Polaris;0
25278;L;5;25278_Screenshot_20260209_191952_Hero_Wars__L5.png;25278_Screenshot_20260209_191952_Hero_Wars__L5.png;HW_HERO_0049;Tempus;ACCEPTED;0.978172;0.1273;Tempus;0.8522916081566406;HIGH;HW_HERO_0049;Tempus;Tempus;EXACT_ALIAS;1.0;tempus;CONFIRMED;HW_HERO_0049;Tempus;0
25278;R;1;25278_Screenshot_20260209_191952_Hero_Wars__R1.png;25278_Screenshot_20260209_191952_Hero_Wars__R1.png;HW_HERO_0017;Guus;REVIEW;0.841924;0.044996;Cornélius;0.9999059416587668;HIGH;;;Corvus;NO_MATCH;0.6666666666666666;cornelius;UNRESOLVED_OCR_TEXT;;;1
25278;R;2;25278_Screenshot_20260209_191952_Hero_Wars__R2.png;25278_Screenshot_20260209_191952_Hero_Wars__R2.png;HW_HERO_0024;Julius;ACCEPTED;0.97684;0.137665;Julius;0.9999975179828858;HIGH;HW_HERO_0024;Julius;Julius;EXACT_ALIAS;1.0;julius;CONFIRMED;HW_HERO_0024;Julius;0
25278;R;3;25278_Screenshot_20260209_191952_Hero_Wars__R3.png;25278_Screenshot_20260209_191952_Hero_Wars__R3.png;HW_HERO_0048;Somna;ACCEPTED;0.971516;0.133906;Somna;0.9970862773248157;HIGH;HW_HERO_0048;Somna;Somna;EXACT_ALIAS;1.0;somna;CONFIRMED;HW_HERO_0048;Somna;0
25278;R;4;25278_Screenshot_20260209_191952_Hero_Wars__R4.png;25278_Screenshot_20260209_191952_Hero_Wars__R4.png;HW_HERO_0042;Polaris;ACCEPTED;0.979978;0.113202;Polaris;0.9999738669014915;HIGH;HW_HERO_0042;Polaris;Polaris;EXACT_ALIAS;1.0;polaris;CONFIRMED;HW_HERO_0042;Polaris;0
25278;R;5;25278_Screenshot_20260209_191952_Hero_Wars__R5.png;25278_Screenshot_20260209_191952_Hero_Wars__R5.png;HW_HERO_0014;Folio;ACCEPTED;0.971246;0.119854;Folio;0.9999918965698452;HIGH;HW_HERO_0014;Folio;Folio;EXACT_ALIAS;1.0;folio;CONFIRMED;HW_HERO_0014;Folio;0
25450;L;1;25450_Screenshot_20260220_190543_Hero_Wars__L1.png;25450_Screenshot_20260220_190543_Hero_Wars__L1.png;HW_HERO_0018;Iris;ACCEPTED;0.966536;0.075418;Iris;0.9996680617332458;HIGH;HW_HERO_0018;Iris;Iris;EXACT_ALIAS;1.0;iris;CONFIRMED;HW_HERO_0018;Iris;0
25450;L;2;25450_Screenshot_20260220_190543_Hero_Wars__L2.png;25450_Screenshot_20260220_190543_Hero_Wars__L2.png;HW_HERO_0014;Folio;REVIEW;0.820633;0.012804;Isaac;0.9995642163802165;HIGH;;;Ishmaël;NO_MATCH;0.5;isaac;UNRESOLVED_OCR_TEXT;;;1
25450;L;3;25450_Screenshot_20260220_190543_Hero_Wars__L3.png;25450_Screenshot_20260220_190543_Hero_Wars__L3.png;HW_HERO_0024;Julius;ACCEPTED;0.981573;0.140208;Julius;0.9999970799797219;HIGH;HW_HERO_0024;Julius;Julius;EXACT_ALIAS;1.0;julius;CONFIRMED;HW_HERO_0024;Julius;0
25450;L;4;25450_Screenshot_20260220_190543_Hero_Wars__L4.png;25450_Screenshot_20260220_190543_Hero_Wars__L4.png;HW_HERO_0047;Soleil;ACCEPTED;0.954865;0.093616;Soleil;0.9998624162958353;HIGH;HW_HERO_0047;Soleil;Soleil;EXACT_ALIAS;1.0;soleil;CONFIRMED;HW_HERO_0047;Soleil;0
25450;L;5;25450_Screenshot_20260220_190543_Hero_Wars__L5.png;25450_Screenshot_20260220_190543_Hero_Wars__L5.png;HW_HERO_0036;Nébula;ACCEPTED;0.947084;0.094235;Nébula;0.9999282642804248;HIGH;HW_HERO_0036;Nébula;Nébula;EXACT_ALIAS;1.0;nebula;CONFIRMED;HW_HERO_0036;Nébula;0
25450;R;1;25450_Screenshot_20260220_190543_Hero_Wars__R1.png;25450_Screenshot_20260220_190543_Hero_Wars__R1.png;HW_HERO_0014;Folio;ACCEPTED;0.987317;0.139474;Folio;0.9999717978971265;HIGH;HW_HERO_0014;Folio;Folio;EXACT_ALIAS;1.0;folio;CONFIRMED;HW_HERO_0014;Folio;0
25450;R;2;25450_Screenshot_20260220_190543_Hero_Wars__R2.png;25450_Screenshot_20260220_190543_Hero_Wars__R2.png;HW_HERO_0024;Julius;ACCEPTED;0.973225;0.131563;Julius;0.9314854675132148;HIGH;HW_HERO_0024;Julius;Julius;EXACT_ALIAS;1.0;julius;CONFIRMED;HW_HERO_0024;Julius;0
25450;R;3;25450_Screenshot_20260220_190543_Hero_Wars__R3.png;25450_Screenshot_20260220_190543_Hero_Wars__R3.png;HW_HERO_0044;Rufus;ACCEPTED;0.955504;0.079123;Rufus;0.9999964280942424;HIGH;HW_HERO_0044;Rufus;Rufus;EXACT_ALIAS;1.0;rufus;CONFIRMED;HW_HERO_0044;Rufus;0
25450;R;4;25450_Screenshot_20260220_190543_Hero_Wars__R4.png;25450_Screenshot_20260220_190543_Hero_Wars__R4.png;HW_HERO_0048;Somna;ACCEPTED;0.971272;0.121366;Somna;0.9999136874080401;HIGH;HW_HERO_0048;Somna;Somna;EXACT_ALIAS;1.0;somna;CONFIRMED;HW_HERO_0048;Somna;0
25450;R;5;25450_Screenshot_20260220_190543_Hero_Wars__R5.png;25450_Screenshot_20260220_190543_Hero_Wars__R5.png;HW_HERO_0042;Polaris;ACCEPTED;0.972753;0.125541;Polaris;0.999953275666825;HIGH;HW_HERO_0042;Polaris;Polaris;EXACT_ALIAS;1.0;polaris;CONFIRMED;HW_HERO_0042;Polaris;0
25470;L;1;25470_IMG_3791__L1.png;25470_IMG_3791__L1.png;HW_HERO_0014;Folio;ACCEPTED;0.962111;0.12187;Folio;0.999974943315898;HIGH;HW_HERO_0014;Folio;Folio;EXACT_ALIAS;1.0;folio;CONFIRMED;HW_HERO_0014;Folio;0
25470;L;2;25470_IMG_3791__L2.png;25470_IMG_3791__L2.png;HW_HERO_0043;Qing Mao;REVIEW;0.884995;0.008388;Lara Croft;0.9827118243408032;HIGH;;;Astaroth;NO_MATCH;0.4444444444444444;lara croft;UNRESOLVED_OCR_TEXT;;;1
25470;L;3;25470_IMG_3791__L3.png;25470_IMG_3791__L3.png;HW_HERO_0042;Polaris;ACCEPTED;0.962985;0.109246;Polaris;0.9999896369011129;HIGH;HW_HERO_0042;Polaris;Polaris;EXACT_ALIAS;1.0;polaris;CONFIRMED;HW_HERO_0042;Polaris;0
25470;L;4;25470_IMG_3791__L4.png;25470_IMG_3791__L4.png;HW_HERO_0023;Juge;ACCEPTED;0.940349;0.114184;Judge;0.9999968012784963;HIGH;;;Juge;NO_MATCH;0.8888888888888888;judge;NEW_ALIAS_CANDIDATE;HW_HERO_0023;Juge;1
25470;L;5;25470_IMG_3791__L5.png;25470_IMG_3791__L5.png;HW_HERO_0024;Julius;ACCEPTED;0.961713;0.120952;Julius;0.9999960579721718;HIGH;HW_HERO_0024;Julius;Julius;EXACT_ALIAS;1.0;julius;CONFIRMED;HW_HERO_0024;Julius;0
25470;R;1;25470_IMG_3791__R1.png;25470_IMG_3791__R1.png;HW_HERO_0009;Crow;REVIEW;0.862641;0.004483;Drayne;0.9998842683958116;HIGH;;;Dante;NO_MATCH;0.7272727272727273;drayne;UNRESOLVED_OCR_TEXT;;;1
25470;R;2;25470_IMG_3791__R2.png;25470_IMG_3791__R2.png;HW_HERO_0037;Octavia;ACCEPTED;0.962043;0.11249;Octavia;0.9998424320953053;HIGH;HW_HERO_0037;Octavia;Octavia;EXACT_ALIAS;1.0;octavia;CONFIRMED;HW_HERO_0037;Octavia;0
25470;R;3;25470_IMG_3791__R3.png;25470_IMG_3791__R3.png;HW_HERO_0012;Electra von Grave;ACCEPTED;0.966323;0.07462;Electra von Grave;0.6860492854616007;MEDIUM;HW_HERO_0012;Electra von Grave;Electra von Grave;EXACT_ALIAS;1.0;electra von grave;CONFIRMED;HW_HERO_0012;Electra von Grave;0
25470;R;4;25470_IMG_3791__R4.png;25470_IMG_3791__R4.png;HW_HERO_0010;Dante;ACCEPTED;0.96151;0.097279;Dante;0.9999702518434039;HIGH;HW_HERO_0010;Dante;Dante;EXACT_ALIAS;1.0;dante;CONFIRMED;HW_HERO_0010;Dante;0
25470;R;5;25470_IMG_3791__R5.png;25470_IMG_3791__R5.png;HW_HERO_0036;Nébula;ACCEPTED;0.962099;0.091519;Nebula;0.9298705470747913;HIGH;HW_HERO_0036;Nébula;Nébula;EXACT_ALIAS;1.0;nebula;CONFIRMED;HW_HERO_0036;Nébula;0
25507;L;1;25507_Screenshot_20260225_152852_Hero_Wars__L1.png;25507_Screenshot_20260225_152852_Hero_Wars__L1.png;HW_HERO_0014;Folio;UNKNOWN;0.817578;0.012286;Isaac;0.9997300236541287;HIGH;;;Ishmaël;NO_MATCH;0.5;isaac;UNRESOLVED_OCR_TEXT;;;1
25507;L;2;25507_Screenshot_20260225_152852_Hero_Wars__L2.png;25507_Screenshot_20260225_152852_Hero_Wars__L2.png;HW_HERO_0024;Julius;ACCEPTED;0.962295;0.143279;Julius;0.9999977613179581;HIGH;HW_HERO_0024;Julius;Julius;EXACT_ALIAS;1.0;julius;CONFIRMED;HW_HERO_0024;Julius;0
25507;L;3;25507_Screenshot_20260225_152852_Hero_Wars__L3.png;25507_Screenshot_20260225_152852_Hero_Wars__L3.png;HW_HERO_0046;Sébastien;ACCEPTED;0.929954;0.088619;Sébastien;0.999504963405227;HIGH;HW_HERO_0046;Sébastien;Sébastien;EXACT_ALIAS;1.0;sebastien;CONFIRMED;HW_HERO_0046;Sébastien;0
25507;L;4;25507_Screenshot_20260225_152852_Hero_Wars__L4.png;25507_Screenshot_20260225_152852_Hero_Wars__L4.png;HW_HERO_0042;Polaris;ACCEPTED;0.978105;0.108843;Polaris;0.9999749933326989;HIGH;HW_HERO_0042;Polaris;Polaris;EXACT_ALIAS;1.0;polaris;CONFIRMED;HW_HERO_0042;Polaris;0
25507;L;5;25507_Screenshot_20260225_152852_Hero_Wars__L5.png;25507_Screenshot_20260225_152852_Hero_Wars__L5.png;HW_HERO_0023;Juge;ACCEPTED;0.967277;0.126751;Juge;0.9999972581863403;HIGH;HW_HERO_0023;Juge;Juge;EXACT_ALIAS;1.0;juge;CONFIRMED;HW_HERO_0023;Juge;0
25507;R;1;25507_Screenshot_20260225_152852_Hero_Wars__R1.png;25507_Screenshot_20260225_152852_Hero_Wars__R1.png;HW_HERO_0045;Satori;ACCEPTED;0.963995;0.079125;Satori;0.999936051117342;HIGH;HW_HERO_0045;Satori;Satori;EXACT_ALIAS;1.0;satori;CONFIRMED;HW_HERO_0045;Satori;0
25507;R;2;25507_Screenshot_20260225_152852_Hero_Wars__R2.png;25507_Screenshot_20260225_152852_Hero_Wars__R2.png;HW_HERO_0003;Astaroth;REVIEW;0.885378;0.101574;Astaroth;0.994894339878383;HIGH;HW_HERO_0003;Astaroth;Astaroth;EXACT_ALIAS;1.0;astaroth;RESCUED_BY_OCR;HW_HERO_0003;Astaroth;0
25507;R;3;25507_Screenshot_20260225_152852_Hero_Wars__R3.png;25507_Screenshot_20260225_152852_Hero_Wars__R3.png;HW_HERO_0023;Juge;ACCEPTED;0.967689;0.123385;Juge;0.9999966025352478;HIGH;HW_HERO_0023;Juge;Juge;EXACT_ALIAS;1.0;juge;CONFIRMED;HW_HERO_0023;Juge;0
25507;R;4;25507_Screenshot_20260225_152852_Hero_Wars__R4.png;25507_Screenshot_20260225_152852_Hero_Wars__R4.png;HW_HERO_0006;Céleste;ACCEPTED;0.943369;0.035255;Céleste;0.9998772175782475;HIGH;HW_HERO_0006;Céleste;Céleste;EXACT_ALIAS;1.0;celeste;CONFIRMED;HW_HERO_0006;Céleste;0
25507;R;5;25507_Screenshot_20260225_152852_Hero_Wars__R5.png;25507_Screenshot_20260225_152852_Hero_Wars__R5.png;HW_HERO_0018;Iris;REVIEW;0.878828;0.008594;Amira;0.9999701985312017;HIGH;;;Aidan;NO_MATCH;0.6;amira;UNRESOLVED_OCR_TEXT;;;1
25572;L;1;25572_B11FD1F1-0FC0-4C05-83DA-A0A741C79248__L1.png;25572_B11FD1F1-0FC0-4C05-83DA-A0A741C79248__L1.png;HW_HERO_0026;Kayla;ACCEPTED;0.957023;0.063649;Kayla;0.9999258426625793;HIGH;HW_HERO_0026;Kayla;Kayla;EXACT_ALIAS;1.0;kayla;CONFIRMED;HW_HERO_0026;Kayla;0
25572;L;2;25572_B11FD1F1-0FC0-4C05-83DA-A0A741C79248__L2.png;25572_B11FD1F1-0FC0-4C05-83DA-A0A741C79248__L2.png;HW_HERO_0037;Octavia;ACCEPTED;0.951786;0.08134;Octavia;0.999862888890373;HIGH;HW_HERO_0037;Octavia;Octavia;EXACT_ALIAS;1.0;octavia;CONFIRMED;HW_HERO_0037;Octavia;0
25572;L;3;25572_B11FD1F1-0FC0-4C05-83DA-A0A741C79248__L3.png;25572_B11FD1F1-0FC0-4C05-83DA-A0A741C79248__L3.png;HW_HERO_0042;Polaris;ACCEPTED;0.962945;0.100621;Polaris;0.9999867532500384;HIGH;HW_HERO_0042;Polaris;Polaris;EXACT_ALIAS;1.0;polaris;CONFIRMED;HW_HERO_0042;Polaris;0
25572;L;4;25572_B11FD1F1-0FC0-4C05-83DA-A0A741C79248__L4.png;25572_B11FD1F1-0FC0-4C05-83DA-A0A741C79248__L4.png;HW_HERO_0001;Aidan;ACCEPTED;0.968383;0.093763;Aidan;0.9999759029349518;HIGH;HW_HERO_0001;Aidan;Aidan;EXACT_ALIAS;1.0;aidan;CONFIRMED;HW_HERO_0001;Aidan;0
25572;L;5;25572_B11FD1F1-0FC0-4C05-83DA-A0A741C79248__L5.png;25572_B11FD1F1-0FC0-4C05-83DA-A0A741C79248__L5.png;HW_HERO_0044;Rufus;ACCEPTED;0.970579;0.088428;Rufus;0.9999925896266746;HIGH;HW_HERO_0044;Rufus;Rufus;EXACT_ALIAS;1.0;rufus;CONFIRMED;HW_HERO_0044;Rufus;0
25572;R;1;25572_B11FD1F1-0FC0-4C05-83DA-A0A741C79248__R1.png;25572_B11FD1F1-0FC0-4C05-83DA-A0A741C79248__R1.png;HW_HERO_0018;Iris;ACCEPTED;0.966011;0.089644;Iris;0.8751765132047212;HIGH;HW_HERO_0018;Iris;Iris;EXACT_ALIAS;1.0;iris;CONFIRMED;HW_HERO_0018;Iris;0
25572;R;2;25572_B11FD1F1-0FC0-4C05-83DA-A0A741C79248__R2.png;25572_B11FD1F1-0FC0-4C05-83DA-A0A741C79248__R2.png;HW_HERO_0010;Dante;ACCEPTED;0.959221;0.09981;Dante;0.9999646540603242;HIGH;HW_HERO_0010;Dante;Dante;EXACT_ALIAS;1.0;dante;CONFIRMED;HW_HERO_0010;Dante;0
25572;R;3;25572_B11FD1F1-0FC0-4C05-83DA-A0A741C79248__R3.png;25572_B11FD1F1-0FC0-4C05-83DA-A0A741C79248__R3.png;HW_HERO_0037;Octavia;ACCEPTED;0.949254;0.084943;Octavia;0.8746314671064768;HIGH;HW_HERO_0037;Octavia;Octavia;EXACT_ALIAS;1.0;octavia;CONFIRMED;HW_HERO_0037;Octavia;0
25572;R;4;25572_B11FD1F1-0FC0-4C05-83DA-A0A741C79248__R4.png;25572_B11FD1F1-0FC0-4C05-83DA-A0A741C79248__R4.png;HW_HERO_0042;Polaris;ACCEPTED;0.957606;0.097664;Polaris;0.9999756811459243;HIGH;HW_HERO_0042;Polaris;Polaris;EXACT_ALIAS;1.0;polaris;CONFIRMED;HW_HERO_0042;Polaris;0
25572;R;5;25572_B11FD1F1-0FC0-4C05-83DA-A0A741C79248__R5.png;25572_B11FD1F1-0FC0-4C05-83DA-A0A741C79248__R5.png;HW_HERO_0036;Nébula;ACCEPTED;0.962632;0.087808;Nebula;0.9993964043176279;HIGH;HW_HERO_0036;Nébula;Nébula;EXACT_ALIAS;1.0;nebula;CONFIRMED;HW_HERO_0036;Nébula;0
26186;L;1;26186_Screenshot_20260202_095838_Hero_Wars__L1.png;26186_Screenshot_20260202_095838_Hero_Wars__L1.png;HW_HERO_0018;Iris;ACCEPTED;0.977564;0.087028;Iris;0.999581515789032;HIGH;HW_HERO_0018;Iris;Iris;EXACT_ALIAS;1.0;iris;CONFIRMED;HW_HERO_0018;Iris;0
26186;L;2;26186_Screenshot_20260202_095838_Hero_Wars__L2.png;26186_Screenshot_20260202_095838_Hero_Wars__L2.png;HW_HERO_0010;Dante;ACCEPTED;0.958018;0.069868;Dante;0.9999526054860995;HIGH;HW_HERO_0010;Dante;Dante;EXACT_ALIAS;1.0;dante;CONFIRMED;HW_HERO_0010;Dante;0
26186;L;3;26186_Screenshot_20260202_095838_Hero_Wars__L3.png;26186_Screenshot_20260202_095838_Hero_Wars__L3.png;HW_HERO_0005;Cascade;ACCEPTED;0.911177;0.044896;Cascade;0.8331496857590964;MEDIUM;HW_HERO_0005;Cascade;Cascade;EXACT_ALIAS;1.0;cascade;CONFIRMED;HW_HERO_0005;Cascade;0
26186;L;4;26186_Screenshot_20260202_095838_Hero_Wars__L4.png;26186_Screenshot_20260202_095838_Hero_Wars__L4.png;HW_HERO_0037;Octavia;ACCEPTED;0.978831;0.098036;Octavia;0.8912222255450327;HIGH;HW_HERO_0037;Octavia;Octavia;EXACT_ALIAS;1.0;octavia;CONFIRMED;HW_HERO_0037;Octavia;0
26186;L;5;26186_Screenshot_20260202_095838_Hero_Wars__L5.png;26186_Screenshot_20260202_095838_Hero_Wars__L5.png;HW_HERO_0036;Nébula;ACCEPTED;0.957435;0.087262;Nebula;0.9999029569663218;HIGH;HW_HERO_0036;Nébula;Nébula;EXACT_ALIAS;1.0;nebula;CONFIRMED;HW_HERO_0036;Nébula;0
26186;R;1;26186_Screenshot_20260202_095838_Hero_Wars__R1.png;26186_Screenshot_20260202_095838_Hero_Wars__R1.png;HW_HERO_0010;Dante;REVIEW;0.845166;0.000392;Faceless;0.9000397431290671;HIGH;;;Céleste;NO_MATCH;0.6666666666666666;faceless;UNRESOLVED_OCR_TEXT;;;1
26186;R;2;26186_Screenshot_20260202_095838_Hero_Wars__R2.png;26186_Screenshot_20260202_095838_Hero_Wars__R2.png;HW_HERO_0051;Xe'Sha;ACCEPTED;0.975549;0.093817;Xe'Sha;0.9995170025862284;HIGH;HW_HERO_0051;Xe'Sha;Xe'Sha;EXACT_ALIAS;1.0;xe sha;CONFIRMED;HW_HERO_0051;Xe'Sha;0
26186;R;3;26186_Screenshot_20260202_095838_Hero_Wars__R3.png;26186_Screenshot_20260202_095838_Hero_Wars__R3.png;HW_HERO_0048;Somna;ACCEPTED;0.970257;0.127498;Somna;0.9998956677442182;HIGH;HW_HERO_0048;Somna;Somna;EXACT_ALIAS;1.0;somna;CONFIRMED;HW_HERO_0048;Somna;0
26186;R;4;26186_Screenshot_20260202_095838_Hero_Wars__R4.png;26186_Screenshot_20260202_095838_Hero_Wars__R4.png;HW_HERO_0003;Astaroth;REVIEW;0.891862;0.113895;Astaroth;0.9999825089945065;HIGH;HW_HERO_0003;Astaroth;Astaroth;EXACT_ALIAS;1.0;astaroth;RESCUED_BY_OCR;HW_HERO_0003;Astaroth;0
26186;R;5;26186_Screenshot_20260202_095838_Hero_Wars__R5.png;26186_Screenshot_20260202_095838_Hero_Wars__R5.png;HW_HERO_0001;Aidan;ACCEPTED;0.976004;0.120926;Aidan;0.9999539916061304;HIGH;HW_HERO_0001;Aidan;Aidan;EXACT_ALIAS;1.0;aidan;CONFIRMED;HW_HERO_0001;Aidan;0
26315;L;1;26315_Screenshot_2026-02-28-00-11-23-143_com.nexters.herowars__L1.png;26315_Screenshot_2026-02-28-00-11-23-143_com.nexters.herowars__L1.png;HW_HERO_0014;Folio;ACCEPTED;0.972514;0.115022;Folio;0.9999873117309294;HIGH;HW_HERO_0014;Folio;Folio;EXACT_ALIAS;1.0;folio;CONFIRMED;HW_HERO_0014;Folio;0
26315;L;2;26315_Screenshot_2026-02-28-00-11-23-143_com.nexters.herowars__L2.png;26315_Screenshot_2026-02-28-00-11-23-143_com.nexters.herowars__L2.png;HW_HERO_0017;Guus;REVIEW;0.841503;0.036918;Cornélius;0.9963385987655341;HIGH;;;Corvus;NO_MATCH;0.6666666666666666;cornelius;UNRESOLVED_OCR_TEXT;;;1
26315;L;3;26315_Screenshot_2026-02-28-00-11-23-143_com.nexters.herowars__L3.png;26315_Screenshot_2026-02-28-00-11-23-143_com.nexters.herowars__L3.png;HW_HERO_0024;Julius;ACCEPTED;0.973375;0.130248;Julius;0.9999991726611158;HIGH;HW_HERO_0024;Julius;Julius;EXACT_ALIAS;1.0;julius;CONFIRMED;HW_HERO_0024;Julius;0
26315;L;4;26315_Screenshot_2026-02-28-00-11-23-143_com.nexters.herowars__L4.png;26315_Screenshot_2026-02-28-00-11-23-143_com.nexters.herowars__L4.png;HW_HERO_0030;Lian;ACCEPTED;0.967231;0.070519;Lian;0.7569074071883287;MEDIUM;HW_HERO_0030;Lian;Lian;EXACT_ALIAS;1.0;lian;CONFIRMED;HW_HERO_0030;Lian;0
26315;L;5;26315_Screenshot_2026-02-28-00-11-23-143_com.nexters.herowars__L5.png;26315_Screenshot_2026-02-28-00-11-23-143_com.nexters.herowars__L5.png;HW_HERO_0042;Polaris;ACCEPTED;0.979267;0.093948;Polaris;0.9999725151835019;HIGH;HW_HERO_0042;Polaris;Polaris;EXACT_ALIAS;1.0;polaris;CONFIRMED;HW_HERO_0042;Polaris;0
26315;R;1;26315_Screenshot_2026-02-28-00-11-23-143_com.nexters.herowars__R1.png;26315_Screenshot_2026-02-28-00-11-23-143_com.nexters.herowars__R1.png;HW_HERO_0004;Byrna;ACCEPTED;0.975219;0.121874;Byrna;0.9999779821091954;HIGH;HW_HERO_0004;Byrna;Byrna;EXACT_ALIAS;1.0;byrna;CONFIRMED;HW_HERO_0004;Byrna;0
26315;R;2;26315_Screenshot_2026-02-28-00-11-23-143_com.nexters.herowars__R2.png;26315_Screenshot_2026-02-28-00-11-23-143_com.nexters.herowars__R2.png;HW_HERO_0014;Folio;ACCEPTED;0.968363;0.111548;Folio;0.999985499119511;HIGH;HW_HERO_0014;Folio;Folio;EXACT_ALIAS;1.0;folio;CONFIRMED;HW_HERO_0014;Folio;0
26315;R;3;26315_Screenshot_2026-02-28-00-11-23-143_com.nexters.herowars__R3.png;26315_Screenshot_2026-02-28-00-11-23-143_com.nexters.herowars__R3.png;HW_HERO_0047;Soleil;ACCEPTED;0.964674;0.102974;Soleil;0.9998989175163254;HIGH;HW_HERO_0047;Soleil;Soleil;EXACT_ALIAS;1.0;soleil;CONFIRMED;HW_HERO_0047;Soleil;0
26315;R;4;26315_Screenshot_2026-02-28-00-11-23-143_com.nexters.herowars__R4.png;26315_Screenshot_2026-02-28-00-11-23-143_com.nexters.herowars__R4.png;HW_HERO_0042;Polaris;ACCEPTED;0.980404;0.098226;Polaris;0.9999790484816531;HIGH;HW_HERO_0042;Polaris;Polaris;EXACT_ALIAS;1.0;polaris;CONFIRMED;HW_HERO_0042;Polaris;0
26315;R;5;26315_Screenshot_2026-02-28-00-11-23-143_com.nexters.herowars__R5.png;26315_Screenshot_2026-02-28-00-11-23-143_com.nexters.herowars__R5.png;HW_HERO_0001;Aidan;ACCEPTED;0.976688;0.115115;Aidan;0.9999549512275573;HIGH;HW_HERO_0001;Aidan;Aidan;EXACT_ALIAS;1.0;aidan;CONFIRMED;HW_HERO_0001;Aidan;0
26360;L;1;26360_Screenshot_20260213-072648__L1.png;26360_Screenshot_20260213-072648__L1.png;HW_HERO_0037;Octavia;ACCEPTED;0.948368;0.090026;Octavia;0.6280348573514363;MEDIUM;HW_HERO_0037;Octavia;Octavia;EXACT_ALIAS;1.0;octavia;CONFIRMED;HW_HERO_0037;Octavia;0
26360;L;2;26360_Screenshot_20260213-072648__L2.png;26360_Screenshot_20260213-072648__L2.png;HW_HERO_0051;Xe'Sha;ACCEPTED;0.969139;0.090491;Xe'Sha;0.9995984305536753;HIGH;HW_HERO_0051;Xe'Sha;Xe'Sha;EXACT_ALIAS;1.0;xe sha;CONFIRMED;HW_HERO_0051;Xe'Sha;0
26360;L;3;26360_Screenshot_20260213-072648__L3.png;26360_Screenshot_20260213-072648__L3.png;HW_HERO_0048;Somna;ACCEPTED;0.912639;0.086682;Somna;0.9998886304686494;HIGH;HW_HERO_0048;Somna;Somna;EXACT_ALIAS;1.0;somna;CONFIRMED;HW_HERO_0048;Somna;0
26360;L;4;26360_Screenshot_20260213-072648__L4.png;26360_Screenshot_20260213-072648__L4.png;HW_HERO_0049;Tempus;ACCEPTED;0.955826;0.125443;Tempus;0.9999704590398149;HIGH;HW_HERO_0049;Tempus;Tempus;EXACT_ALIAS;1.0;tempus;CONFIRMED;HW_HERO_0049;Tempus;0
26360;L;5;26360_Screenshot_20260213-072648__L5.png;26360_Screenshot_20260213-072648__L5.png;HW_HERO_0012;Electra von Grave;ACCEPTED;0.952481;0.075867;Electra von Grave;0.9014427097299552;HIGH;HW_HERO_0012;Electra von Grave;Electra von Grave;EXACT_ALIAS;1.0;electra von grave;CONFIRMED;HW_HERO_0012;Electra von Grave;0
26360;R;1;26360_Screenshot_20260213-072648__R1.png;26360_Screenshot_20260213-072648__R1.png;HW_HERO_0018;Iris;ACCEPTED;0.959574;0.080198;Iris;0.9996169209480286;HIGH;HW_HERO_0018;Iris;Iris;EXACT_ALIAS;1.0;iris;CONFIRMED;HW_HERO_0018;Iris;0
26360;R;2;26360_Screenshot_20260213-072648__R2.png;26360_Screenshot_20260213-072648__R2.png;HW_HERO_0045;Satori;REVIEW;0.894057;0.015471;Lars;0.9954628944396973;HIGH;;;;NO_MATCH;0.0;lars;UNRESOLVED_OCR_TEXT;;;1
26360;R;3;26360_Screenshot_20260213-072648__R3.png;26360_Screenshot_20260213-072648__R3.png;HW_HERO_0048;Somna;ACCEPTED;0.924008;0.101414;Somna;0.9999092091519713;HIGH;HW_HERO_0048;Somna;Somna;EXACT_ALIAS;1.0;somna;CONFIRMED;HW_HERO_0048;Somna;0
26360;R;4;26360_Screenshot_20260213-072648__R4.png;26360_Screenshot_20260213-072648__R4.png;HW_HERO_0016;Ginger;REVIEW;0.875726;0.030673;Krista;0.9999908505967238;HIGH;;;Tristan;NO_MATCH;0.7692307692307693;krista;UNRESOLVED_OCR_TEXT;;;1
26360;R;5;26360_Screenshot_20260213-072648__R5.png;26360_Screenshot_20260213-072648__R5.png;HW_HERO_0042;Polaris;ACCEPTED;0.964636;0.096545;Polaris;0.9999822024827244;HIGH;HW_HERO_0042;Polaris;Polaris;EXACT_ALIAS;1.0;polaris;CONFIRMED;HW_HERO_0042;Polaris;0
26840;L;1;26840_IMG_0620__L1.png;26840_IMG_0620__L1.png;HW_HERO_0018;Iris;ACCEPTED;0.966255;0.084349;Iris;0.9995036721229553;HIGH;HW_HERO_0018;Iris;Iris;EXACT_ALIAS;1.0;iris;CONFIRMED;HW_HERO_0018;Iris;0
26840;L;2;26840_IMG_0620__L2.png;26840_IMG_0620__L2.png;HW_HERO_0047;Soleil;ACCEPTED;0.964724;0.11568;Soleil;0.9998571114268661;HIGH;HW_HERO_0047;Soleil;Soleil;EXACT_ALIAS;1.0;soleil;CONFIRMED;HW_HERO_0047;Soleil;0
26840;L;3;26840_IMG_0620__L3.png;26840_IMG_0620__L3.png;HW_HERO_0042;Polaris;ACCEPTED;0.969002;0.097642;Polaris;0.9999859872797704;HIGH;HW_HERO_0042;Polaris;Polaris;EXACT_ALIAS;1.0;polaris;CONFIRMED;HW_HERO_0042;Polaris;0
26840;L;4;26840_IMG_0620__L4.png;26840_IMG_0620__L4.png;HW_HERO_0036;Nébula;ACCEPTED;0.975623;0.099404;Nebula;0.9998394933762768;HIGH;HW_HERO_0036;Nébula;Nébula;EXACT_ALIAS;1.0;nebula;CONFIRMED;HW_HERO_0036;Nébula;0
26840;L;5;26840_IMG_0620__L5.png;26840_IMG_0620__L5.png;HW_HERO_0012;Electra von Grave;ACCEPTED;0.963927;0.075785;Electra von Grave;0.999008995427634;HIGH;HW_HERO_0012;Electra von Grave;Electra von Grave;EXACT_ALIAS;1.0;electra von grave;CONFIRMED;HW_HERO_0012;Electra von Grave;0
26840;R;1;26840_IMG_0620__R1.png;26840_IMG_0620__R1.png;HW_HERO_0052;Yasmine;ACCEPTED;0.957868;0.062168;Yasmine;0.9941650430155742;HIGH;HW_HERO_0052;Yasmine;Yasmine;EXACT_ALIAS;1.0;yasmine;CONFIRMED;HW_HERO_0052;Yasmine;0
26840;R;2;26840_IMG_0620__R2.png;26840_IMG_0620__R2.png;HW_HERO_0004;Byrna;ACCEPTED;0.973369;0.106599;Byrna;0.9999614553254752;HIGH;HW_HERO_0004;Byrna;Byrna;EXACT_ALIAS;1.0;byrna;CONFIRMED;HW_HERO_0004;Byrna;0
26840;R;3;26840_IMG_0620__R3.png;26840_IMG_0620__R3.png;HW_HERO_0017;Guus;ACCEPTED;0.964514;0.148427;Guus;0.9999425411224365;HIGH;HW_HERO_0017;Guus;Guus;EXACT_ALIAS;1.0;guus;CONFIRMED;HW_HERO_0017;Guus;0
26840;R;4;26840_IMG_0620__R4.png;26840_IMG_0620__R4.png;HW_HERO_0005;Cascade;ACCEPTED;0.940503;0.071829;Cascade;0.9999820673113159;HIGH;HW_HERO_0005;Cascade;Cascade;EXACT_ALIAS;1.0;cascade;CONFIRMED;HW_HERO_0005;Cascade;0
26840;R;5;26840_IMG_0620__R5.png;26840_IMG_0620__R5.png;HW_HERO_0042;Polaris;ACCEPTED;0.947958;0.08159;Polaris;0.9999917996376568;HIGH;HW_HERO_0042;Polaris;Polaris;EXACT_ALIAS;1.0;polaris;CONFIRMED;HW_HERO_0042;Polaris;0
26876;L;1;26876_Screenshot_20260305_235000_Hero_Wars__L1.png;26876_Screenshot_20260305_235000_Hero_Wars__L1.png;HW_HERO_0018;Iris;ACCEPTED;0.974652;0.079135;Iris;0.6651805426313226;MEDIUM;HW_HERO_0018;Iris;Iris;EXACT_ALIAS;1.0;iris;CONFIRMED;HW_HERO_0018;Iris;0
26876;L;2;26876_Screenshot_20260305_235000_Hero_Wars__L2.png;26876_Screenshot_20260305_235000_Hero_Wars__L2.png;HW_HERO_0047;Soleil;ACCEPTED;0.941521;0.06546;Soleil;0.9998140882191574;HIGH;HW_HERO_0047;Soleil;Soleil;EXACT_ALIAS;1.0;soleil;CONFIRMED;HW_HERO_0047;Soleil;0
26876;L;3;26876_Screenshot_20260305_235000_Hero_Wars__L3.png;26876_Screenshot_20260305_235000_Hero_Wars__L3.png;HW_HERO_0049;Tempus;REVIEW;0.870005;0.013715;Alvanor;0.999929980822734;HIGH;;;Andvari;NO_MATCH;0.5714285714285714;alvanor;UNRESOLVED_OCR_TEXT;;;1
26876;L;4;26876_Screenshot_20260305_235000_Hero_Wars__L4.png;26876_Screenshot_20260305_235000_Hero_Wars__L4.png;HW_HERO_0042;Polaris;ACCEPTED;0.978798;0.107858;Polaris;0.9999816617970546;HIGH;HW_HERO_0042;Polaris;Polaris;EXACT_ALIAS;1.0;polaris;CONFIRMED;HW_HERO_0042;Polaris;0
26876;L;5;26876_Screenshot_20260305_235000_Hero_Wars__L5.png;26876_Screenshot_20260305_235000_Hero_Wars__L5.png;HW_HERO_0012;Electra von Grave;ACCEPTED;0.974295;0.106297;Electra von Grave;0.9998511249047778;HIGH;HW_HERO_0012;Electra von Grave;Electra von Grave;EXACT_ALIAS;1.0;electra von grave;CONFIRMED;HW_HERO_0012;Electra von Grave;0
26876;R;1;26876_Screenshot_20260305_235000_Hero_Wars__R1.png;26876_Screenshot_20260305_235000_Hero_Wars__R1.png;HW_HERO_0052;Yasmine;ACCEPTED;0.958393;0.078008;Yasmine;0.7769779007453231;MEDIUM;HW_HERO_0052;Yasmine;Yasmine;EXACT_ALIAS;1.0;yasmine;CONFIRMED;HW_HERO_0052;Yasmine;0
26876;R;2;26876_Screenshot_20260305_235000_Hero_Wars__R2.png;26876_Screenshot_20260305_235000_Hero_Wars__R2.png;HW_HERO_0046;Sébastien;ACCEPTED;0.933674;0.070798;Sébastien;0.9995833598691861;HIGH;HW_HERO_0046;Sébastien;Sébastien;EXACT_ALIAS;1.0;sebastien;CONFIRMED;HW_HERO_0046;Sébastien;0
26876;R;3;26876_Screenshot_20260305_235000_Hero_Wars__R3.png;26876_Screenshot_20260305_235000_Hero_Wars__R3.png;HW_HERO_0003;Astaroth;ACCEPTED;0.922964;0.138262;Astaroth;0.9999813710210839;HIGH;HW_HERO_0003;Astaroth;Astaroth;EXACT_ALIAS;1.0;astaroth;CONFIRMED;HW_HERO_0003;Astaroth;0
26876;R;4;26876_Screenshot_20260305_235000_Hero_Wars__R4.png;26876_Screenshot_20260305_235000_Hero_Wars__R4.png;HW_HERO_0017;Guus;ACCEPTED;0.967776;0.153805;Guus;0.9998854398727417;HIGH;HW_HERO_0017;Guus;Guus;EXACT_ALIAS;1.0;guus;CONFIRMED;HW_HERO_0017;Guus;0
26876;R;5;26876_Screenshot_20260305_235000_Hero_Wars__R5.png;26876_Screenshot_20260305_235000_Hero_Wars__R5.png;HW_HERO_0048;Somna;ACCEPTED;0.965901;0.118618;Somna;0.9999007324465022;HIGH;HW_HERO_0048;Somna;Somna;EXACT_ALIAS;1.0;somna;CONFIRMED;HW_HERO_0048;Somna;0
27024;L;1;27024_Screenshot_20260308_124143_Hero_Wars__L1.png;27024_Screenshot_20260308_124143_Hero_Wars__L1.png;HW_HERO_0042;Polaris;ACCEPTED;0.978312;0.099774;Polaris;0.9999913941246698;HIGH;HW_HERO_0042;Polaris;Polaris;EXACT_ALIAS;1.0;polaris;CONFIRMED;HW_HERO_0042;Polaris;0
27024;L;2;27024_Screenshot_20260308_124143_Hero_Wars__L2.png;27024_Screenshot_20260308_124143_Hero_Wars__L2.png;HW_HERO_0038;Orion;ACCEPTED;0.934068;0.082576;Orion;0.6026678199026159;MEDIUM;HW_HERO_0038;Orion;Orion;EXACT_ALIAS;1.0;orion;CONFIRMED;HW_HERO_0038;Orion;0
27024;L;3;27024_Screenshot_20260308_124143_Hero_Wars__L3.png;27024_Screenshot_20260308_124143_Hero_Wars__L3.png;HW_HERO_0024;Julius;ACCEPTED;0.984141;0.135854;Julius;0.999998247988063;HIGH;HW_HERO_0024;Julius;Julius;EXACT_ALIAS;1.0;julius;CONFIRMED;HW_HERO_0024;Julius;0
27024;L;4;27024_Screenshot_20260308_124143_Hero_Wars__L4.png;27024_Screenshot_20260308_124143_Hero_Wars__L4.png;HW_HERO_0014;Folio;ACCEPTED;0.965931;0.1053;Folio;0.9999900839594075;HIGH;HW_HERO_0014;Folio;Folio;EXACT_ALIAS;1.0;folio;CONFIRMED;HW_HERO_0014;Folio;0
27024;L;5;27024_Screenshot_20260308_124143_Hero_Wars__L5.png;27024_Screenshot_20260308_124143_Hero_Wars__L5.png;HW_HERO_0023;Juge;ACCEPTED;0.977484;0.154905;Judge;0.9999987205115435;HIGH;;;Juge;NO_MATCH;0.8888888888888888;judge;NEW_ALIAS_CANDIDATE;HW_HERO_0023;Juge;1
27024;R;1;27024_Screenshot_20260308_124143_Hero_Wars__R1.png;27024_Screenshot_20260308_124143_Hero_Wars__R1.png;HW_HERO_0027;Keira;ACCEPTED;0.936522;0.069189;Keira;0.999994668796823;HIGH;HW_HERO_0027;Keira;Keira;EXACT_ALIAS;1.0;keira;CONFIRMED;HW_HERO_0027;Keira;0
27024;R;2;27024_Screenshot_20260308_124143_Hero_Wars__R2.png;27024_Screenshot_20260308_124143_Hero_Wars__R2.png;HW_HERO_0042;Polaris;ACCEPTED;0.974275;0.095344;Polaris;0.9999588177412616;HIGH;HW_HERO_0042;Polaris;Polaris;EXACT_ALIAS;1.0;polaris;CONFIRMED;HW_HERO_0042;Polaris;0
27024;R;3;27024_Screenshot_20260308_124143_Hero_Wars__R3.png;27024_Screenshot_20260308_124143_Hero_Wars__R3.png;HW_HERO_0050;Tristan;ACCEPTED;0.943579;0.081218;Tristan;0.9999913490676681;HIGH;HW_HERO_0050;Tristan;Tristan;EXACT_ALIAS;1.0;tristan;CONFIRMED;HW_HERO_0050;Tristan;0
27024;R;4;27024_Screenshot_20260308_124143_Hero_Wars__R4.png;27024_Screenshot_20260308_124143_Hero_Wars__R4.png;HW_HERO_0015;Galaad;ACCEPTED;0.940119;0.054833;Galahad;0.999985221309313;HIGH;;;Galaad;NO_MATCH;0.9230769230769231;galahad;NEW_ALIAS_CANDIDATE;HW_HERO_0015;Galaad;1
27024;R;5;27024_Screenshot_20260308_124143_Hero_Wars__R5.png;27024_Screenshot_20260308_124143_Hero_Wars__R5.png;HW_HERO_0013;Fafnir;ACCEPTED;0.952526;0.122298;Fafnir;0.9999835018602554;HIGH;HW_HERO_0013;Fafnir;Fafnir;EXACT_ALIAS;1.0;fafnir;CONFIRMED;HW_HERO_0013;Fafnir;0
27337;L;1;27337_Screenshot_20260309_020952_Hero_Wars__L1.png;27337_Screenshot_20260309_020952_Hero_Wars__L1.png;HW_HERO_0018;Iris;ACCEPTED;0.977512;0.084826;Iris;0.9985683560371399;HIGH;HW_HERO_0018;Iris;Iris;EXACT_ALIAS;1.0;iris;CONFIRMED;HW_HERO_0018;Iris;0
27337;L;2;27337_Screenshot_20260309_020952_Hero_Wars__L2.png;27337_Screenshot_20260309_020952_Hero_Wars__L2.png;HW_HERO_0009;Crow;REVIEW;0.864597;0.002876;Helios;0.9999919212725472;HIGH;;;Folio;NO_MATCH;0.5454545454545454;helios;UNRESOLVED_OCR_TEXT;;;1
27337;L;3;27337_Screenshot_20260309_020952_Hero_Wars__L3.png;27337_Screenshot_20260309_020952_Hero_Wars__L3.png;HW_HERO_0047;Soleil;ACCEPTED;0.951649;0.100879;Soleil;0.9999348830926733;HIGH;HW_HERO_0047;Soleil;Soleil;EXACT_ALIAS;1.0;soleil;CONFIRMED;HW_HERO_0047;Soleil;0
27337;L;4;27337_Screenshot_20260309_020952_Hero_Wars__L4.png;27337_Screenshot_20260309_020952_Hero_Wars__L4.png;HW_HERO_0023;Juge;ACCEPTED;0.973965;0.143931;Juge;0.9999985098838806;HIGH;HW_HERO_0023;Juge;Juge;EXACT_ALIAS;1.0;juge;CONFIRMED;HW_HERO_0023;Juge;0
27337;L;5;27337_Screenshot_20260309_020952_Hero_Wars__L5.png;27337_Screenshot_20260309_020952_Hero_Wars__L5.png;HW_HERO_0012;Electra von Grave;ACCEPTED;0.96996;0.070188;Electra von Grave;0.9912844455768979;HIGH;HW_HERO_0012;Electra von Grave;Electra von Grave;EXACT_ALIAS;1.0;electra von grave;CONFIRMED;HW_HERO_0012;Electra von Grave;0
27337;R;1;27337_Screenshot_20260309_020952_Hero_Wars__R1.png;27337_Screenshot_20260309_020952_Hero_Wars__R1.png;HW_HERO_0051;Xe'Sha;ACCEPTED;0.978931;0.102113;Xe'Sha;0.9992232070409183;HIGH;HW_HERO_0051;Xe'Sha;Xe'Sha;EXACT_ALIAS;1.0;xe sha;CONFIRMED;HW_HERO_0051;Xe'Sha;0
27337;R;2;27337_Screenshot_20260309_020952_Hero_Wars__R2.png;27337_Screenshot_20260309_020952_Hero_Wars__R2.png;HW_HERO_0042;Polaris;ACCEPTED;0.970083;0.09593;Polaris;0.9999878796765589;HIGH;HW_HERO_0042;Polaris;Polaris;EXACT_ALIAS;1.0;polaris;CONFIRMED;HW_HERO_0042;Polaris;0
27337;R;3;27337_Screenshot_20260309_020952_Hero_Wars__R3.png;27337_Screenshot_20260309_020952_Hero_Wars__R3.png;HW_HERO_0024;Julius;ACCEPTED;0.97549;0.129297;Julius;0.999997031312701;HIGH;HW_HERO_0024;Julius;Julius;EXACT_ALIAS;1.0;julius;CONFIRMED;HW_HERO_0024;Julius;0
27337;R;4;27337_Screenshot_20260309_020952_Hero_Wars__R4.png;27337_Screenshot_20260309_020952_Hero_Wars__R4.png;HW_HERO_0014;Folio;ACCEPTED;0.967933;0.109178;Folio;0.9999858189921425;HIGH;HW_HERO_0014;Folio;Folio;EXACT_ALIAS;1.0;folio;CONFIRMED;HW_HERO_0014;Folio;0
27337;R;5;27337_Screenshot_20260309_020952_Hero_Wars__R5.png;27337_Screenshot_20260309_020952_Hero_Wars__R5.png;HW_HERO_0048;Somna;ACCEPTED;0.968428;0.116994;Somna;0.9998365970981749;HIGH;HW_HERO_0048;Somna;Somna;EXACT_ALIAS;1.0;somna;CONFIRMED;HW_HERO_0048;Somna;0
27591;L;1;27591_Screenshot_20260316_212051_Hero_Wars__L1.png;27591_Screenshot_20260316_212051_Hero_Wars__L1.png;HW_HERO_0014;Folio;ACCEPTED;0.960278;0.100896;Folio;0.9999808076528623;HIGH;HW_HERO_0014;Folio;Folio;EXACT_ALIAS;1.0;folio;CONFIRMED;HW_HERO_0014;Folio;0
27591;L;2;27591_Screenshot_20260316_212051_Hero_Wars__L2.png;27591_Screenshot_20260316_212051_Hero_Wars__L2.png;HW_HERO_0004;Byrna;ACCEPTED;0.975688;0.133087;Byrna;0.999976809241736;HIGH;HW_HERO_0004;Byrna;Byrna;EXACT_ALIAS;1.0;byrna;CONFIRMED;HW_HERO_0004;Byrna;0
27591;L;3;27591_Screenshot_20260316_212051_Hero_Wars__L3.png;27591_Screenshot_20260316_212051_Hero_Wars__L3.png;HW_HERO_0012;Electra von Grave;ACCEPTED;0.952893;0.097526;Electra von Grave;0.9995499547887644;HIGH;HW_HERO_0012;Electra von Grave;Electra von Grave;EXACT_ALIAS;1.0;electra von grave;CONFIRMED;HW_HERO_0012;Electra von Grave;0
27591;L;4;27591_Screenshot_20260316_212051_Hero_Wars__L4.png;27591_Screenshot_20260316_212051_Hero_Wars__L4.png;HW_HERO_0042;Polaris;ACCEPTED;0.97437;0.110463;Polaris;0.9999750383899386;HIGH;HW_HERO_0042;Polaris;Polaris;EXACT_ALIAS;1.0;polaris;CONFIRMED;HW_HERO_0042;Polaris;0
27591;L;5;27591_Screenshot_20260316_212051_Hero_Wars__L5.png;27591_Screenshot_20260316_212051_Hero_Wars__L5.png;HW_HERO_0049;Tempus;UNKNOWN;0.800803;0.005405;Phobos;0.9999933812846186;HIGH;HW_HERO_0041;Phobos;Phobos;EXACT_ALIAS;1.0;phobos;CONFLICT;;;1
27591;R;1;27591_Screenshot_20260316_212051_Hero_Wars__R1.png;27591_Screenshot_20260316_212051_Hero_Wars__R1.png;HW_HERO_0052;Yasmine;ACCEPTED;0.965493;0.075953;Yasmine;0.9999947283409861;HIGH;HW_HERO_0052;Yasmine;Yasmine;EXACT_ALIAS;1.0;yasmine;CONFIRMED;HW_HERO_0052;Yasmine;0
27591;R;2;27591_Screenshot_20260316_212051_Hero_Wars__R2.png;27591_Screenshot_20260316_212051_Hero_Wars__R2.png;HW_HERO_0004;Byrna;ACCEPTED;0.974032;0.132869;Byrna;0.7776895726146559;MEDIUM;HW_HERO_0004;Byrna;Byrna;EXACT_ALIAS;1.0;byrna;CONFIRMED;HW_HERO_0004;Byrna;0
27591;R;3;27591_Screenshot_20260316_212051_Hero_Wars__R3.png;27591_Screenshot_20260316_212051_Hero_Wars__R3.png;HW_HERO_0048;Somna;ACCEPTED;0.973339;0.136563;Somna;0.9998849518904571;HIGH;HW_HERO_0048;Somna;Somna;EXACT_ALIAS;1.0;somna;CONFIRMED;HW_HERO_0048;Somna;0
27591;R;4;27591_Screenshot_20260316_212051_Hero_Wars__R4.png;27591_Screenshot_20260316_212051_Hero_Wars__R4.png;HW_HERO_0037;Octavia;ACCEPTED;0.974888;0.110099;Octavia;0.9998904647967352;HIGH;HW_HERO_0037;Octavia;Octavia;EXACT_ALIAS;1.0;octavia;CONFIRMED;HW_HERO_0037;Octavia;0
27591;R;5;27591_Screenshot_20260316_212051_Hero_Wars__R5.png;27591_Screenshot_20260316_212051_Hero_Wars__R5.png;HW_HERO_0017;Guus;ACCEPTED;0.970588;0.152698;Guus;0.9997539520263672;HIGH;HW_HERO_0017;Guus;Guus;EXACT_ALIAS;1.0;guus;CONFIRMED;HW_HERO_0017;Guus;0
27593;L;1;27593_Screenshot_20260316_212029_Hero_Wars__L1.png;27593_Screenshot_20260316_212029_Hero_Wars__L1.png;HW_HERO_0018;Iris;ACCEPTED;0.965141;0.078744;Iris;0.999558687210083;HIGH;HW_HERO_0018;Iris;Iris;EXACT_ALIAS;1.0;iris;CONFIRMED;HW_HERO_0018;Iris;0
27593;L;2;27593_Screenshot_20260316_212029_Hero_Wars__L2.png;27593_Screenshot_20260316_212029_Hero_Wars__L2.png;HW_HERO_0010;Dante;ACCEPTED;0.944936;0.068527;Dante;0.9999805410921793;HIGH;HW_HERO_0010;Dante;Dante;EXACT_ALIAS;1.0;dante;CONFIRMED;HW_HERO_0010;Dante;0
27593;L;3;27593_Screenshot_20260316_212029_Hero_Wars__L3.png;27593_Screenshot_20260316_212029_Hero_Wars__L3.png;HW_HERO_0048;Somna;ACCEPTED;0.963544;0.142266;Somna;0.9998499253485204;HIGH;HW_HERO_0048;Somna;Somna;EXACT_ALIAS;1.0;somna;CONFIRMED;HW_HERO_0048;Somna;0
27593;L;4;27593_Screenshot_20260316_212029_Hero_Wars__L4.png;27593_Screenshot_20260316_212029_Hero_Wars__L4.png;HW_HERO_0049;Tempus;ACCEPTED;0.971422;0.0998;Tempus;0.9999435946026095;HIGH;HW_HERO_0049;Tempus;Tempus;EXACT_ALIAS;1.0;tempus;CONFIRMED;HW_HERO_0049;Tempus;0
27593;L;5;27593_Screenshot_20260316_212029_Hero_Wars__L5.png;27593_Screenshot_20260316_212029_Hero_Wars__L5.png;HW_HERO_0037;Octavia;ACCEPTED;0.973458;0.099206;Octavia;0.9991161873699564;HIGH;HW_HERO_0037;Octavia;Octavia;EXACT_ALIAS;1.0;octavia;CONFIRMED;HW_HERO_0037;Octavia;0
27593;R;1;27593_Screenshot_20260316_212029_Hero_Wars__R1.png;27593_Screenshot_20260316_212029_Hero_Wars__R1.png;HW_HERO_0026;Kayla;ACCEPTED;0.97117;0.115002;Kayla;0.99995756352978;HIGH;HW_HERO_0026;Kayla;Kayla;EXACT_ALIAS;1.0;kayla;CONFIRMED;HW_HERO_0026;Kayla;0
27593;R;2;27593_Screenshot_20260316_212029_Hero_Wars__R2.png;27593_Screenshot_20260316_212029_Hero_Wars__R2.png;HW_HERO_0003;Astaroth;REVIEW;0.884842;0.102038;Astaroth;0.9999752596731568;HIGH;HW_HERO_0003;Astaroth;Astaroth;EXACT_ALIAS;1.0;astaroth;RESCUED_BY_OCR;HW_HERO_0003;Astaroth;0
27593;R;3;27593_Screenshot_20260316_212029_Hero_Wars__R3.png;27593_Screenshot_20260316_212029_Hero_Wars__R3.png;HW_HERO_0013;Fafnir;ACCEPTED;0.923688;0.107706;Fafnir;0.9999598982206249;HIGH;HW_HERO_0013;Fafnir;Fafnir;EXACT_ALIAS;1.0;fafnir;CONFIRMED;HW_HERO_0013;Fafnir;0
27593;R;4;27593_Screenshot_20260316_212029_Hero_Wars__R4.png;27593_Screenshot_20260316_212029_Hero_Wars__R4.png;HW_HERO_0017;Guus;ACCEPTED;0.968824;0.139725;Guus;0.9999315738677979;HIGH;HW_HERO_0017;Guus;Guus;EXACT_ALIAS;1.0;guus;CONFIRMED;HW_HERO_0017;Guus;0
27593;R;5;27593_Screenshot_20260316_212029_Hero_Wars__R5.png;27593_Screenshot_20260316_212029_Hero_Wars__R5.png;HW_HERO_0001;Aidan;ACCEPTED;0.975338;0.11964;Aidan;0.999957083719228;HIGH;HW_HERO_0001;Aidan;Aidan;EXACT_ALIAS;1.0;aidan;CONFIRMED;HW_HERO_0001;Aidan;0
27682;L;1;27682_IMG_0872__L1.png;27682_IMG_0872__L1.png;HW_HERO_0018;Iris;ACCEPTED;0.976177;0.087947;Iris;0.9973033153228728;HIGH;HW_HERO_0018;Iris;Iris;EXACT_ALIAS;1.0;iris;CONFIRMED;HW_HERO_0018;Iris;0
27682;L;2;27682_IMG_0872__L2.png;27682_IMG_0872__L2.png;HW_HERO_0024;Julius;ACCEPTED;0.962256;0.139;Julius;0.9479356042604111;HIGH;HW_HERO_0024;Julius;Julius;EXACT_ALIAS;1.0;julius;CONFIRMED;HW_HERO_0024;Julius;0
27682;L;3;27682_IMG_0872__L3.png;27682_IMG_0872__L3.png;HW_HERO_0047;Soleil;ACCEPTED;0.947032;0.090196;Soleil;0.9999061203884572;HIGH;HW_HERO_0047;Soleil;Soleil;EXACT_ALIAS;1.0;soleil;CONFIRMED;HW_HERO_0047;Soleil;0
27682;L;4;27682_IMG_0872__L4.png;27682_IMG_0872__L4.png;HW_HERO_0048;Somna;ACCEPTED;0.948121;0.118639;Somna;0.7448195780439751;MEDIUM;HW_HERO_0048;Somna;Somna;EXACT_ALIAS;1.0;somna;CONFIRMED;HW_HERO_0048;Somna;0
27682;L;5;27682_IMG_0872__L5.png;27682_IMG_0872__L5.png;HW_HERO_0049;Tempus;ACCEPTED;0.955464;0.110369;Tempus;0.9999723083972781;HIGH;HW_HERO_0049;Tempus;Tempus;EXACT_ALIAS;1.0;tempus;CONFIRMED;HW_HERO_0049;Tempus;0
27682;R;1;27682_IMG_0872__R1.png;27682_IMG_0872__R1.png;HW_HERO_0043;Qing Mao;REVIEW;0.869554;0.002238;Artemis;0.9999802199681402;HIGH;;;Tempus;NO_MATCH;0.6153846153846154;artemis;UNRESOLVED_OCR_TEXT;;;1
27682;R;2;27682_IMG_0872__R2.png;27682_IMG_0872__R2.png;HW_HERO_0050;Tristan;ACCEPTED;0.93453;0.088563;Tristan;0.9999858070514444;HIGH;HW_HERO_0050;Tristan;Tristan;EXACT_ALIAS;1.0;tristan;CONFIRMED;HW_HERO_0050;Tristan;0
27682;R;3;27682_IMG_0872__R3.png;27682_IMG_0872__R3.png;HW_HERO_0024;Julius;ACCEPTED;0.958776;0.111957;Julius;0.9999979559860065;HIGH;HW_HERO_0024;Julius;Julius;EXACT_ALIAS;1.0;julius;CONFIRMED;HW_HERO_0024;Julius;0
27682;R;4;27682_IMG_0872__R4.png;27682_IMG_0872__R4.png;HW_HERO_0048;Somna;ACCEPTED;0.941217;0.096858;Somna;0.9999395972716817;HIGH;HW_HERO_0048;Somna;Somna;EXACT_ALIAS;1.0;somna;CONFIRMED;HW_HERO_0048;Somna;0
27682;R;5;27682_IMG_0872__R5.png;27682_IMG_0872__R5.png;HW_HERO_0013;Fafnir;ACCEPTED;0.9413;0.121531;Fafnir;0.999983453193086;HIGH;HW_HERO_0013;Fafnir;Fafnir;EXACT_ALIAS;1.0;fafnir;CONFIRMED;HW_HERO_0013;Fafnir;0
27763;L;1;27763_IMG_4114__L1.png;27763_IMG_4114__L1.png;HW_HERO_0018;Iris;ACCEPTED;0.964674;0.075485;Iris;0.6655807778738518;MEDIUM;HW_HERO_0018;Iris;Iris;EXACT_ALIAS;1.0;iris;CONFIRMED;HW_HERO_0018;Iris;0
27763;L;2;27763_IMG_4114__L2.png;27763_IMG_4114__L2.png;HW_HERO_0035;Mojo;ACCEPTED;0.96426;0.162782;Mojo;0.9999919533729553;HIGH;HW_HERO_0035;Mojo;Mojo;EXACT_ALIAS;1.0;mojo;CONFIRMED;HW_HERO_0035;Mojo;0
27763;L;3;27763_IMG_4114__L3.png;27763_IMG_4114__L3.png;HW_HERO_0045;Satori;REVIEW;0.868891;0.006394;Astrid and Lucas;0.8381377649413765;MEDIUM;;;Aidan;NO_MATCH;0.47619047619047616;astrid and lucas;MANUAL_REVIEW;;;1
27763;L;4;27763_IMG_4114__L4.png;27763_IMG_4114__L4.png;HW_HERO_0048;Somna;ACCEPTED;0.934618;0.109438;Somna;0.9999237101630445;HIGH;HW_HERO_0048;Somna;Somna;EXACT_ALIAS;1.0;somna;CONFIRMED;HW_HERO_0048;Somna;0
27763;L;5;27763_IMG_4114__L5.png;27763_IMG_4114__L5.png;HW_HERO_0049;Tempus;ACCEPTED;0.957246;0.122251;Tempus;0.9999830151885375;HIGH;HW_HERO_0049;Tempus;Tempus;EXACT_ALIAS;1.0;tempus;CONFIRMED;HW_HERO_0049;Tempus;0
27763;R;1;27763_IMG_4114__R1.png;27763_IMG_4114__R1.png;HW_HERO_0050;Tristan;ACCEPTED;0.920756;0.053732;Tristan;0.9999907182695736;HIGH;HW_HERO_0050;Tristan;Tristan;EXACT_ALIAS;1.0;tristan;CONFIRMED;HW_HERO_0050;Tristan;0
27763;R;2;27763_IMG_4114__R2.png;27763_IMG_4114__R2.png;HW_HERO_0026;Kayla;ACCEPTED;0.959855;0.072979;Kayla;0.9999066501474406;HIGH;HW_HERO_0026;Kayla;Kayla;EXACT_ALIAS;1.0;kayla;CONFIRMED;HW_HERO_0026;Kayla;0
27763;R;3;27763_IMG_4114__R3.png;27763_IMG_4114__R3.png;HW_HERO_0037;Octavia;REVIEW;0.843549;0.013628;Cleaver;0.9996996813581689;HIGH;;;Céleste;NO_MATCH;0.5714285714285714;cleaver;UNRESOLVED_OCR_TEXT;;;1
27763;R;4;27763_IMG_4114__R4.png;27763_IMG_4114__R4.png;HW_HERO_0001;Aidan;ACCEPTED;0.968003;0.095752;Aidan;0.999975156564586;HIGH;HW_HERO_0001;Aidan;Aidan;EXACT_ALIAS;1.0;aidan;CONFIRMED;HW_HERO_0001;Aidan;0
27763;R;5;27763_IMG_4114__R5.png;27763_IMG_4114__R5.png;HW_HERO_0013;Fafnir;ACCEPTED;0.944201;0.120159;Fafnir;0.8866166462207946;HIGH;HW_HERO_0013;Fafnir;Fafnir;EXACT_ALIAS;1.0;fafnir;CONFIRMED;HW_HERO_0013;Fafnir;0
28019;L;1;28019_Screenshot_20260318-061104__L1.png;28019_Screenshot_20260318-061104__L1.png;HW_HERO_0014;Folio;ACCEPTED;0.958264;0.13229;Folio;0.9999615086377325;HIGH;HW_HERO_0014;Folio;Folio;EXACT_ALIAS;1.0;folio;CONFIRMED;HW_HERO_0014;Folio;0
28019;L;2;28019_Screenshot_20260318-061104__L2.png;28019_Screenshot_20260318-061104__L2.png;HW_HERO_0023;Juge;ACCEPTED;0.950716;0.108361;Juge;0.9999984502792358;HIGH;HW_HERO_0023;Juge;Juge;EXACT_ALIAS;1.0;juge;CONFIRMED;HW_HERO_0023;Juge;0
28019;L;3;28019_Screenshot_20260318-061104__L3.png;28019_Screenshot_20260318-061104__L3.png;HW_HERO_0027;Keira;REVIEW;0.82361;0.001833;Isaac;0.9997342887501841;HIGH;;;Ishmaël;NO_MATCH;0.5;isaac;UNRESOLVED_OCR_TEXT;;;1
28019;L;4;28019_Screenshot_20260318-061104__L4.png;28019_Screenshot_20260318-061104__L4.png;HW_HERO_0024;Julius;ACCEPTED;0.972071;0.135805;Julius;0.9999967393105645;HIGH;HW_HERO_0024;Julius;Julius;EXACT_ALIAS;1.0;julius;CONFIRMED;HW_HERO_0024;Julius;0
28019;L;5;28019_Screenshot_20260318-061104__L5.png;28019_Screenshot_20260318-061104__L5.png;HW_HERO_0042;Polaris;ACCEPTED;0.954453;0.088156;Polaris;0.99998238271126;HIGH;HW_HERO_0042;Polaris;Polaris;EXACT_ALIAS;1.0;polaris;CONFIRMED;HW_HERO_0042;Polaris;0
28019;R;1;28019_Screenshot_20260318-061104__R1.png;28019_Screenshot_20260318-061104__R1.png;HW_HERO_0026;Kayla;ACCEPTED;0.980093;0.073496;Kayla;0.998241898210994;HIGH;HW_HERO_0026;Kayla;Kayla;EXACT_ALIAS;1.0;kayla;CONFIRMED;HW_HERO_0026;Kayla;0
28019;R;2;28019_Screenshot_20260318-061104__R2.png;28019_Screenshot_20260318-061104__R2.png;HW_HERO_0049;Tempus;ACCEPTED;0.955247;0.122522;Tempus;0.9999717730570389;HIGH;HW_HERO_0049;Tempus;Tempus;EXACT_ALIAS;1.0;tempus;CONFIRMED;HW_HERO_0049;Tempus;0
28019;R;3;28019_Screenshot_20260318-061104__R3.png;28019_Screenshot_20260318-061104__R3.png;HW_HERO_0013;Fafnir;ACCEPTED;0.96003;0.152975;Fafnir;0.9999883199073897;HIGH;HW_HERO_0013;Fafnir;Fafnir;EXACT_ALIAS;1.0;fafnir;CONFIRMED;HW_HERO_0013;Fafnir;0
28019;R;4;28019_Screenshot_20260318-061104__R4.png;28019_Screenshot_20260318-061104__R4.png;HW_HERO_0001;Aidan;ACCEPTED;0.977115;0.100002;Aidan;0.9999482338752858;HIGH;HW_HERO_0001;Aidan;Aidan;EXACT_ALIAS;1.0;aidan;CONFIRMED;HW_HERO_0001;Aidan;0
28019;R;5;28019_Screenshot_20260318-061104__R5.png;28019_Screenshot_20260318-061104__R5.png;HW_HERO_0017;Guus;ACCEPTED;0.965426;0.177543;Guus;0.9998144507408142;HIGH;HW_HERO_0017;Guus;Guus;EXACT_ALIAS;1.0;guus;CONFIRMED;HW_HERO_0017;Guus;0
28116;L;1;28116_IMG_4138__L1.png;28116_IMG_4138__L1.png;HW_HERO_0018;Iris;ACCEPTED;0.973763;0.083185;Iris;0.9991012215614319;HIGH;HW_HERO_0018;Iris;Iris;EXACT_ALIAS;1.0;iris;CONFIRMED;HW_HERO_0018;Iris;0
28116;L;2;28116_IMG_4138__L2.png;28116_IMG_4138__L2.png;HW_HERO_0010;Dante;ACCEPTED;0.964391;0.089928;Dante;0.9999440221993195;HIGH;HW_HERO_0010;Dante;Dante;EXACT_ALIAS;1.0;dante;CONFIRMED;HW_HERO_0010;Dante;0
28116;L;3;28116_IMG_4138__L3.png;28116_IMG_4138__L3.png;HW_HERO_0008;Corvus;ACCEPTED;0.970881;0.123851;Corvus;0.999889427227807;HIGH;HW_HERO_0008;Corvus;Corvus;EXACT_ALIAS;1.0;corvus;CONFIRMED;HW_HERO_0008;Corvus;0
28116;L;4;28116_IMG_4138__L4.png;28116_IMG_4138__L4.png;HW_HERO_0037;Octavia;ACCEPTED;0.9572;0.098995;Octavia;0.872790555347943;HIGH;HW_HERO_0037;Octavia;Octavia;EXACT_ALIAS;1.0;octavia;CONFIRMED;HW_HERO_0037;Octavia;0
28116;L;5;28116_IMG_4138__L5.png;28116_IMG_4138__L5.png;HW_HERO_0005;Cascade;REVIEW;0.850217;0.005469;Alvanor;0.9998913209075451;HIGH;;;Andvari;NO_MATCH;0.5714285714285714;alvanor;UNRESOLVED_OCR_TEXT;;;1
28116;R;1;28116_IMG_4138__R1.png;28116_IMG_4138__R1.png;HW_HERO_0018;Iris;ACCEPTED;0.966447;0.076269;Iris;0.998953640460968;HIGH;HW_HERO_0018;Iris;Iris;EXACT_ALIAS;1.0;iris;CONFIRMED;HW_HERO_0018;Iris;0
28116;R;2;28116_IMG_4138__R2.png;28116_IMG_4138__R2.png;HW_HERO_0016;Ginger;ACCEPTED;0.966216;0.081901;Ginger;0.999996447308409;HIGH;HW_HERO_0016;Ginger;Ginger;EXACT_ALIAS;1.0;ginger;CONFIRMED;HW_HERO_0016;Ginger;0
28116;R;3;28116_IMG_4138__R3.png;28116_IMG_4138__R3.png;HW_HERO_0014;Folio;REVIEW;0.833774;0.005033;Isaac;0.999712270168722;HIGH;;;Ishmaël;NO_MATCH;0.5;isaac;UNRESOLVED_OCR_TEXT;;;1
28116;R;4;28116_IMG_4138__R4.png;28116_IMG_4138__R4.png;HW_HERO_0043;Qing Mao;REVIEW;0.870758;0.00786;Artemis;0.7719217085350439;MEDIUM;;;Tempus;NO_MATCH;0.6153846153846154;artemis;MANUAL_REVIEW;;;1
28116;R;5;28116_IMG_4138__R5.png;28116_IMG_4138__R5.png;HW_HERO_0003;Astaroth;ACCEPTED;0.94431;0.172509;Astaroth;0.9200644308346271;HIGH;HW_HERO_0003;Astaroth;Astaroth;EXACT_ALIAS;1.0;astaroth;CONFIRMED;HW_HERO_0003;Astaroth;0
28134;L;1;28134_IMG_0993__L1.png;28134_IMG_0993__L1.png;HW_HERO_0051;Xe'Sha;ACCEPTED;0.965505;0.085394;Xe'Sha;0.9996102576837703;HIGH;HW_HERO_0051;Xe'Sha;Xe'Sha;EXACT_ALIAS;1.0;xe sha;CONFIRMED;HW_HERO_0051;Xe'Sha;0
28134;L;2;28134_IMG_0993__L2.png;28134_IMG_0993__L2.png;HW_HERO_0007;Champi et Gnon;ACCEPTED;0.956883;0.075191;Mushy and Shro;0.8069206656868028;MEDIUM;;;Andvari;NO_MATCH;0.38095238095238093;mushy and shro;VISUAL_ONLY;HW_HERO_0007;Champi et Gnon;0
28134;L;3;28134_IMG_0993__L3.png;28134_IMG_0993__L3.png;HW_HERO_0004;Byrna;ACCEPTED;0.965275;0.100784;Byrna;0.9999616152622461;HIGH;HW_HERO_0004;Byrna;Byrna;EXACT_ALIAS;1.0;byrna;CONFIRMED;HW_HERO_0004;Byrna;0
28134;L;4;28134_IMG_0993__L4.png;28134_IMG_0993__L4.png;HW_HERO_0048;Somna;ACCEPTED;0.944976;0.115843;Somna;0.8515189390946605;HIGH;HW_HERO_0048;Somna;Somna;EXACT_ALIAS;1.0;somna;CONFIRMED;HW_HERO_0048;Somna;0
28134;L;5;28134_IMG_0993__L5.png;28134_IMG_0993__L5.png;HW_HERO_0018;Iris;REVIEW;0.8648;0.005946;Amira;0.9999697720335707;HIGH;;;Aidan;NO_MATCH;0.6;amira;UNRESOLVED_OCR_TEXT;;;1
28134;R;1;28134_IMG_0993__R1.png;28134_IMG_0993__R1.png;HW_HERO_0026;Kayla;ACCEPTED;0.959964;0.076386;Kayla;0.999957083719228;HIGH;HW_HERO_0026;Kayla;Kayla;EXACT_ALIAS;1.0;kayla;CONFIRMED;HW_HERO_0026;Kayla;0
28134;R;2;28134_IMG_0993__R2.png;28134_IMG_0993__R2.png;HW_HERO_0050;Tristan;ACCEPTED;0.901921;0.05059;Tristan;0.999990357813462;HIGH;HW_HERO_0050;Tristan;Tristan;EXACT_ALIAS;1.0;tristan;CONFIRMED;HW_HERO_0050;Tristan;0
28134;R;3;28134_IMG_0993__R3.png;28134_IMG_0993__R3.png;HW_HERO_0024;Julius;ACCEPTED;0.953147;0.126159;Julius;0.9999975666499012;HIGH;HW_HERO_0024;Julius;Julius;EXACT_ALIAS;1.0;julius;CONFIRMED;HW_HERO_0024;Julius;0
28134;R;4;28134_IMG_0993__R4.png;28134_IMG_0993__R4.png;HW_HERO_0001;Aidan;ACCEPTED;0.969848;0.102082;Aidan;0.9999790483521991;HIGH;HW_HERO_0001;Aidan;Aidan;EXACT_ALIAS;1.0;aidan;CONFIRMED;HW_HERO_0001;Aidan;0
28134;R;5;28134_IMG_0993__R5.png;28134_IMG_0993__R5.png;HW_HERO_0013;Fafnir;ACCEPTED;0.949604;0.140983;Fafnir;0.9999799491554914;HIGH;HW_HERO_0013;Fafnir;Fafnir;EXACT_ALIAS;1.0;fafnir;CONFIRMED;HW_HERO_0013;Fafnir;0
2818;L;1;2818_Screenshot_20250709-175413__L1.png;2818_Screenshot_20250709-175413__L1.png;HW_HERO_0035;Mojo;ACCEPTED;0.972625;0.163674;Mojo;0.9999816417694092;HIGH;HW_HERO_0035;Mojo;Mojo;EXACT_ALIAS;1.0;mojo;CONFIRMED;HW_HERO_0035;Mojo;0
2818;L;2;2818_Screenshot_20250709-175413__L2.png;2818_Screenshot_20250709-175413__L2.png;HW_HERO_0038;Orion;ACCEPTED;0.969984;0.12966;Orion;0.9999391174601122;HIGH;HW_HERO_0038;Orion;Orion;EXACT_ALIAS;1.0;orion;CONFIRMED;HW_HERO_0038;Orion;0
2818;L;3;2818_Screenshot_20250709-175413__L3.png;2818_Screenshot_20250709-175413__L3.png;HW_HERO_0019;Ishmaël;ACCEPTED;0.97937;0.144014;Ishmaël;0.9837804662293946;HIGH;HW_HERO_0019;Ishmaël;Ishmaël;EXACT_ALIAS;1.0;ishmael;CONFIRMED;HW_HERO_0019;Ishmaël;0
2818;L;4;2818_Screenshot_20250709-175413__L4.png;2818_Screenshot_20250709-175413__L4.png;HW_HERO_0053;Ziri;ACCEPTED;0.978111;0.122505;Ziri;0.9999709725379944;HIGH;HW_HERO_0053;Ziri;Ziri;EXACT_ALIAS;1.0;ziri;CONFIRMED;HW_HERO_0053;Ziri;0
2818;L;5;2818_Screenshot_20250709-175413__L5.png;2818_Screenshot_20250709-175413__L5.png;HW_HERO_0032;Martha;ACCEPTED;0.967031;0.120381;Martha;0.9999919699396239;HIGH;HW_HERO_0032;Martha;Martha;EXACT_ALIAS;1.0;martha;CONFIRMED;HW_HERO_0032;Martha;0
2818;R;1;2818_Screenshot_20250709-175413__R1.png;2818_Screenshot_20250709-175413__R1.png;HW_HERO_0043;Qing Mao;ACCEPTED;0.974885;0.067683;Qing Mao;0.9629469385846269;HIGH;HW_HERO_0043;Qing Mao;Qing Mao;EXACT_ALIAS;1.0;qing mao;CONFIRMED;HW_HERO_0043;Qing Mao;0
2818;R;2;2818_Screenshot_20250709-175413__R2.png;2818_Screenshot_20250709-175413__R2.png;HW_HERO_0033;Maya;ACCEPTED;0.975651;0.135197;Maya;0.999887228012085;HIGH;HW_HERO_0033;Maya;Maya;EXACT_ALIAS;1.0;maya;CONFIRMED;HW_HERO_0033;Maya;0
2818;R;3;2818_Screenshot_20250709-175413__R3.png;2818_Screenshot_20250709-175413__R3.png;HW_HERO_0043;Qing Mao;REVIEW;0.894366;0.01648;Kaï;0.9997743245468785;HIGH;;;;NO_MATCH;0.0;kai;UNRESOLVED_OCR_TEXT;;;1
2818;R;4;2818_Screenshot_20250709-175413__R4.png;2818_Screenshot_20250709-175413__R4.png;HW_HERO_0043;Qing Mao;REVIEW;0.882486;0.007587;Arachné;0.8951751703892412;HIGH;;;Aidan;NO_MATCH;0.5;arachne;UNRESOLVED_OCR_TEXT;;;1
2818;R;5;2818_Screenshot_20250709-175413__R5.png;2818_Screenshot_20250709-175413__R5.png;HW_HERO_0026;Kayla;REVIEW;0.866495;0.017612;Luther;0.9977274983060211;HIGH;;;Lilith;NO_MATCH;0.5;luther;UNRESOLVED_OCR_TEXT;;;1
28207;L;1;28207_Screenshot_20260322_235622_Hero_Wars__L1.png;28207_Screenshot_20260322_235622_Hero_Wars__L1.png;HW_HERO_0007;Champi et Gnon;ACCEPTED;0.977514;0.083151;Champi et Gnon;0.7962400029595849;MEDIUM;HW_HERO_0007;Champi et Gnon;Champi et Gnon;EXACT_ALIAS;1.0;champi et gnon;CONFIRMED;HW_HERO_0007;Champi et Gnon;0
28207;L;2;28207_Screenshot_20260322_235622_Hero_Wars__L2.png;28207_Screenshot_20260322_235622_Hero_Wars__L2.png;HW_HERO_0010;Dante;ACCEPTED;0.95532;0.068851;Dante;0.9999829401380247;HIGH;HW_HERO_0010;Dante;Dante;EXACT_ALIAS;1.0;dante;CONFIRMED;HW_HERO_0010;Dante;0
28207;L;3;28207_Screenshot_20260322_235622_Hero_Wars__L3.png;28207_Screenshot_20260322_235622_Hero_Wars__L3.png;HW_HERO_0037;Octavia;ACCEPTED;0.969978;0.115693;Octavia;0.9997320351638577;HIGH;HW_HERO_0037;Octavia;Octavia;EXACT_ALIAS;1.0;octavia;CONFIRMED;HW_HERO_0037;Octavia;0
28207;L;4;28207_Screenshot_20260322_235622_Hero_Wars__L4.png;28207_Screenshot_20260322_235622_Hero_Wars__L4.png;HW_HERO_0017;Guus;ACCEPTED;0.974996;0.149307;Guus;0.9998913407325745;HIGH;HW_HERO_0017;Guus;Guus;EXACT_ALIAS;1.0;guus;CONFIRMED;HW_HERO_0017;Guus;0
28207;L;5;28207_Screenshot_20260322_235622_Hero_Wars__L5.png;28207_Screenshot_20260322_235622_Hero_Wars__L5.png;HW_HERO_0001;Aidan;ACCEPTED;0.969953;0.114807;Aidan;0.9999619351357796;HIGH;HW_HERO_0001;Aidan;Aidan;EXACT_ALIAS;1.0;aidan;CONFIRMED;HW_HERO_0001;Aidan;0
28207;R;1;28207_Screenshot_20260322_235622_Hero_Wars__R1.png;28207_Screenshot_20260322_235622_Hero_Wars__R1.png;HW_HERO_0018;Iris;ACCEPTED;0.984802;0.098405;Iris;0.7561271774205873;MEDIUM;HW_HERO_0018;Iris;Iris;EXACT_ALIAS;1.0;iris;CONFIRMED;HW_HERO_0018;Iris;0
28207;R;2;28207_Screenshot_20260322_235622_Hero_Wars__R2.png;28207_Screenshot_20260322_235622_Hero_Wars__R2.png;HW_HERO_0045;Satori;REVIEW;0.889489;0.012383;Arachné;0.6265378339063293;MEDIUM;;;Aidan;NO_MATCH;0.5;arachne;MANUAL_REVIEW;;;1
28207;R;3;28207_Screenshot_20260322_235622_Hero_Wars__R3.png;28207_Screenshot_20260322_235622_Hero_Wars__R3.png;HW_HERO_0048;Somna;ACCEPTED;0.955546;0.104594;Somna;0.999928081786513;HIGH;HW_HERO_0048;Somna;Somna;EXACT_ALIAS;1.0;somna;CONFIRMED;HW_HERO_0048;Somna;0
28207;R;4;28207_Screenshot_20260322_235622_Hero_Wars__R4.png;28207_Screenshot_20260322_235622_Hero_Wars__R4.png;HW_HERO_0012;Electra von Grave;ACCEPTED;0.968827;0.091001;Electra von Grave;0.9663122201300719;HIGH;HW_HERO_0012;Electra von Grave;Electra von Grave;EXACT_ALIAS;1.0;electra von grave;CONFIRMED;HW_HERO_0012;Electra von Grave;0
28207;R;5;28207_Screenshot_20260322_235622_Hero_Wars__R5.png;28207_Screenshot_20260322_235622_Hero_Wars__R5.png;HW_HERO_0001;Aidan;ACCEPTED;0.972356;0.111942;Aidan;0.9999796880979371;HIGH;HW_HERO_0001;Aidan;Aidan;EXACT_ALIAS;1.0;aidan;CONFIRMED;HW_HERO_0001;Aidan;0
28434;L;1;28434_Screenshot_20260326_192112_Hero_Wars__L1.png;28434_Screenshot_20260326_192112_Hero_Wars__L1.png;HW_HERO_0035;Mojo;ACCEPTED;0.910356;0.123881;Mojo;0.999981164932251;HIGH;HW_HERO_0035;Mojo;Mojo;EXACT_ALIAS;1.0;mojo;CONFIRMED;HW_HERO_0035;Mojo;0
28434;L;2;28434_Screenshot_20260326_192112_Hero_Wars__L2.png;28434_Screenshot_20260326_192112_Hero_Wars__L2.png;HW_HERO_0004;Byrna;ACCEPTED;0.976046;0.116059;Byrna;0.9963518855916418;HIGH;HW_HERO_0004;Byrna;Byrna;EXACT_ALIAS;1.0;byrna;CONFIRMED;HW_HERO_0004;Byrna;0
28434;L;3;28434_Screenshot_20260326_192112_Hero_Wars__L3.png;28434_Screenshot_20260326_192112_Hero_Wars__L3.png;HW_HERO_0007;Champi et Gnon;ACCEPTED;0.945489;0.058924;Champi et Gnon;0.9857133218266725;HIGH;HW_HERO_0007;Champi et Gnon;Champi et Gnon;EXACT_ALIAS;1.0;champi et gnon;CONFIRMED;HW_HERO_0007;Champi et Gnon;0
28434;L;4;28434_Screenshot_20260326_192112_Hero_Wars__L4.png;28434_Screenshot_20260326_192112_Hero_Wars__L4.png;HW_HERO_0018;Iris;REVIEW;0.873099;0.012782;Amira;0.9999858189921425;HIGH;;;Aidan;NO_MATCH;0.6;amira;UNRESOLVED_OCR_TEXT;;;1
28434;L;5;28434_Screenshot_20260326_192112_Hero_Wars__L5.png;28434_Screenshot_20260326_192112_Hero_Wars__L5.png;HW_HERO_0048;Somna;ACCEPTED;0.972636;0.130783;Somna;0.9999378379624606;HIGH;HW_HERO_0048;Somna;Somna;EXACT_ALIAS;1.0;somna;CONFIRMED;HW_HERO_0048;Somna;0
28434;R;1;28434_Screenshot_20260326_192112_Hero_Wars__R1.png;28434_Screenshot_20260326_192112_Hero_Wars__R1.png;HW_HERO_0026;Kayla;ACCEPTED;0.97629;0.107788;Kayla;0.9999620950725415;HIGH;HW_HERO_0026;Kayla;Kayla;EXACT_ALIAS;1.0;kayla;CONFIRMED;HW_HERO_0026;Kayla;0
28434;R;2;28434_Screenshot_20260326_192112_Hero_Wars__R2.png;28434_Screenshot_20260326_192112_Hero_Wars__R2.png;HW_HERO_0050;Tristan;ACCEPTED;0.943104;0.0973;Tristan;0.9999734613861566;HIGH;HW_HERO_0050;Tristan;Tristan;EXACT_ALIAS;1.0;tristan;CONFIRMED;HW_HERO_0050;Tristan;0
28434;R;3;28434_Screenshot_20260326_192112_Hero_Wars__R3.png;28434_Screenshot_20260326_192112_Hero_Wars__R3.png;HW_HERO_0048;Somna;ACCEPTED;0.9655;0.113846;Somna;0.9998782344826799;HIGH;HW_HERO_0048;Somna;Somna;EXACT_ALIAS;1.0;somna;CONFIRMED;HW_HERO_0048;Somna;0
28434;R;4;28434_Screenshot_20260326_192112_Hero_Wars__R4.png;28434_Screenshot_20260326_192112_Hero_Wars__R4.png;HW_HERO_0001;Aidan;ACCEPTED;0.974157;0.117107;Aidan;0.9999681193550478;HIGH;HW_HERO_0001;Aidan;Aidan;EXACT_ALIAS;1.0;aidan;CONFIRMED;HW_HERO_0001;Aidan;0
28434;R;5;28434_Screenshot_20260326_192112_Hero_Wars__R5.png;28434_Screenshot_20260326_192112_Hero_Wars__R5.png;HW_HERO_0013;Fafnir;ACCEPTED;0.955932;0.133211;Fafnir;0.9999749850975084;HIGH;HW_HERO_0013;Fafnir;Fafnir;EXACT_ALIAS;1.0;fafnir;CONFIRMED;HW_HERO_0013;Fafnir;0
28473;L;1;28473_Screenshot_20260331_142923_Hero_Wars__L1.png;28473_Screenshot_20260331_142923_Hero_Wars__L1.png;HW_HERO_0052;Yasmine;ACCEPTED;0.966246;0.089303;Yasmine;0.9999929711193208;HIGH;HW_HERO_0052;Yasmine;Yasmine;EXACT_ALIAS;1.0;yasmine;CONFIRMED;HW_HERO_0052;Yasmine;0
28473;L;2;28473_Screenshot_20260331_142923_Hero_Wars__L2.png;28473_Screenshot_20260331_142923_Hero_Wars__L2.png;HW_HERO_0026;Kayla;ACCEPTED;0.969155;0.123457;Kayla;0.9999371982135624;HIGH;HW_HERO_0026;Kayla;Kayla;EXACT_ALIAS;1.0;kayla;CONFIRMED;HW_HERO_0026;Kayla;0
28473;L;3;28473_Screenshot_20260331_142923_Hero_Wars__L3.png;28473_Screenshot_20260331_142923_Hero_Wars__L3.png;HW_HERO_0039;Oya;ACCEPTED;0.955579;0.091395;Oya;0.9994329681212392;HIGH;HW_HERO_0039;Oya;Oya;EXACT_ALIAS;1.0;oya;CONFIRMED;HW_HERO_0039;Oya;0
28473;L;4;28473_Screenshot_20260331_142923_Hero_Wars__L4.png;28473_Screenshot_20260331_142923_Hero_Wars__L4.png;HW_HERO_0017;Guus;ACCEPTED;0.979003;0.143376;Guus;0.9996120395830118;HIGH;HW_HERO_0017;Guus;Guus;EXACT_ALIAS;1.0;guus;CONFIRMED;HW_HERO_0017;Guus;0
28473;L;5;28473_Screenshot_20260331_142923_Hero_Wars__L5.png;28473_Screenshot_20260331_142923_Hero_Wars__L5.png;HW_HERO_0001;Aidan;ACCEPTED;0.971786;0.128479;Aidan;0.9999397572088655;HIGH;HW_HERO_0001;Aidan;Aidan;EXACT_ALIAS;1.0;aidan;CONFIRMED;HW_HERO_0001;Aidan;0
28473;R;1;28473_Screenshot_20260331_142923_Hero_Wars__R1.png;28473_Screenshot_20260331_142923_Hero_Wars__R1.png;HW_HERO_0024;Julius;ACCEPTED;0.971999;0.151643;Julius;0.9999983939890842;HIGH;HW_HERO_0024;Julius;Julius;EXACT_ALIAS;1.0;julius;CONFIRMED;HW_HERO_0024;Julius;0
28473;R;2;28473_Screenshot_20260331_142923_Hero_Wars__R2.png;28473_Screenshot_20260331_142923_Hero_Wars__R2.png;HW_HERO_0018;Iris;REVIEW;0.830719;0.007558;Isaac;0.9997938399295159;HIGH;;;Ishmaël;NO_MATCH;0.5;isaac;UNRESOLVED_OCR_TEXT;;;1
28473;R;3;28473_Screenshot_20260331_142923_Hero_Wars__R3.png;28473_Screenshot_20260331_142923_Hero_Wars__R3.png;HW_HERO_0037;Octavia;ACCEPTED;0.981428;0.122863;Octavia;0.999752042083447;HIGH;HW_HERO_0037;Octavia;Octavia;EXACT_ALIAS;1.0;octavia;CONFIRMED;HW_HERO_0037;Octavia;0
28473;R;4;28473_Screenshot_20260331_142923_Hero_Wars__R4.png;28473_Screenshot_20260331_142923_Hero_Wars__R4.png;HW_HERO_0048;Somna;ACCEPTED;0.982158;0.131548;Somna;0.999877541416495;HIGH;HW_HERO_0048;Somna;Somna;EXACT_ALIAS;1.0;somna;CONFIRMED;HW_HERO_0048;Somna;0
28473;R;5;28473_Screenshot_20260331_142923_Hero_Wars__R5.png;28473_Screenshot_20260331_142923_Hero_Wars__R5.png;HW_HERO_0046;Sébastien;ACCEPTED;0.925677;0.087007;Sébastien;0.9995403953756331;HIGH;HW_HERO_0046;Sébastien;Sébastien;EXACT_ALIAS;1.0;sebastien;CONFIRMED;HW_HERO_0046;Sébastien;0
28650;L;1;28650_Screenshot_20260325_093703_Hero_Wars__L1.png;28650_Screenshot_20260325_093703_Hero_Wars__L1.png;HW_HERO_0010;Dante;ACCEPTED;0.952881;0.054115;Dante;0.9999586830876289;HIGH;HW_HERO_0010;Dante;Dante;EXACT_ALIAS;1.0;dante;CONFIRMED;HW_HERO_0010;Dante;0
28650;L;2;28650_Screenshot_20260325_093703_Hero_Wars__L2.png;28650_Screenshot_20260325_093703_Hero_Wars__L2.png;HW_HERO_0008;Corvus;ACCEPTED;0.931997;0.06429;Corvus;0.9995493984550176;HIGH;HW_HERO_0008;Corvus;Corvus;EXACT_ALIAS;1.0;corvus;CONFIRMED;HW_HERO_0008;Corvus;0
28650;L;3;28650_Screenshot_20260325_093703_Hero_Wars__L3.png;28650_Screenshot_20260325_093703_Hero_Wars__L3.png;HW_HERO_0037;Octavia;ACCEPTED;0.979906;0.104128;Octavia;0.9939188446707161;HIGH;HW_HERO_0037;Octavia;Octavia;EXACT_ALIAS;1.0;octavia;CONFIRMED;HW_HERO_0037;Octavia;0
28650;L;4;28650_Screenshot_20260325_093703_Hero_Wars__L4.png;28650_Screenshot_20260325_093703_Hero_Wars__L4.png;HW_HERO_0039;Oya;ACCEPTED;0.958107;0.095673;Oya;0.9995141076792177;HIGH;HW_HERO_0039;Oya;Oya;EXACT_ALIAS;1.0;oya;CONFIRMED;HW_HERO_0039;Oya;0
28650;L;5;28650_Screenshot_20260325_093703_Hero_Wars__L5.png;28650_Screenshot_20260325_093703_Hero_Wars__L5.png;HW_HERO_0036;Nébula;ACCEPTED;0.957681;0.083706;Nebula;0.9999179953684033;HIGH;HW_HERO_0036;Nébula;Nébula;EXACT_ALIAS;1.0;nebula;CONFIRMED;HW_HERO_0036;Nébula;0
28650;R;1;28650_Screenshot_20260325_093703_Hero_Wars__R1.png;28650_Screenshot_20260325_093703_Hero_Wars__R1.png;HW_HERO_0026;Kayla;ACCEPTED;0.963141;0.086342;Kayla;0.9999598559575975;HIGH;HW_HERO_0026;Kayla;Kayla;EXACT_ALIAS;1.0;kayla;CONFIRMED;HW_HERO_0026;Kayla;0
28650;R;2;28650_Screenshot_20260325_093703_Hero_Wars__R2.png;28650_Screenshot_20260325_093703_Hero_Wars__R2.png;HW_HERO_0052;Yasmine;ACCEPTED;0.968747;0.079877;Yasmine;0.999995989935413;HIGH;HW_HERO_0052;Yasmine;Yasmine;EXACT_ALIAS;1.0;yasmine;CONFIRMED;HW_HERO_0052;Yasmine;0
28650;R;3;28650_Screenshot_20260325_093703_Hero_Wars__R3.png;28650_Screenshot_20260325_093703_Hero_Wars__R3.png;HW_HERO_0039;Oya;ACCEPTED;0.952687;0.100665;Oya;0.9994624920821845;HIGH;HW_HERO_0039;Oya;Oya;EXACT_ALIAS;1.0;oya;CONFIRMED;HW_HERO_0039;Oya;0
28650;R;4;28650_Screenshot_20260325_093703_Hero_Wars__R4.png;28650_Screenshot_20260325_093703_Hero_Wars__R4.png;HW_HERO_0037;Octavia;ACCEPTED;0.97788;0.111113;Octavia;0.999861266770587;HIGH;HW_HERO_0037;Octavia;Octavia;EXACT_ALIAS;1.0;octavia;CONFIRMED;HW_HERO_0037;Octavia;0
28650;R;5;28650_Screenshot_20260325_093703_Hero_Wars__R5.png;28650_Screenshot_20260325_093703_Hero_Wars__R5.png;HW_HERO_0024;Julius;ACCEPTED;0.976744;0.140487;Julius;0.7700387239175646;MEDIUM;HW_HERO_0024;Julius;Julius;EXACT_ALIAS;1.0;julius;CONFIRMED;HW_HERO_0024;Julius;0
29109;L;1;29109_Screenshot_2026-03-31-17-47-40-093_com.nexters.herowars__L1.png;29109_Screenshot_2026-03-31-17-47-40-093_com.nexters.herowars__L1.png;HW_HERO_0017;Guus;REVIEW;0.84937;0.001244;Heidi;0.9999912035129588;HIGH;;;Iris;NO_MATCH;0.4444444444444444;heidi;UNRESOLVED_OCR_TEXT;;;1
29109;L;2;29109_Screenshot_2026-03-31-17-47-40-093_com.nexters.herowars__L2.png;29109_Screenshot_2026-03-31-17-47-40-093_com.nexters.herowars__L2.png;HW_HERO_0010;Dante;ACCEPTED;0.956454;0.058651;Dante;0.9999640143134509;HIGH;HW_HERO_0010;Dante;Dante;EXACT_ALIAS;1.0;dante;CONFIRMED;HW_HERO_0010;Dante;0
29109;L;3;29109_Screenshot_2026-03-31-17-47-40-093_com.nexters.herowars__L3.png;29109_Screenshot_2026-03-31-17-47-40-093_com.nexters.herowars__L3.png;HW_HERO_0037;Octavia;ACCEPTED;0.974799;0.109998;Octavia;0.9994611179300327;HIGH;HW_HERO_0037;Octavia;Octavia;EXACT_ALIAS;1.0;octavia;CONFIRMED;HW_HERO_0037;Octavia;0
29109;L;4;29109_Screenshot_2026-03-31-17-47-40-093_com.nexters.herowars__L4.png;29109_Screenshot_2026-03-31-17-47-40-093_com.nexters.herowars__L4.png;HW_HERO_0011;Dorian;ACCEPTED;0.934637;0.080323;Dorian;0.9999233001647766;HIGH;HW_HERO_0011;Dorian;Dorian;EXACT_ALIAS;1.0;dorian;CONFIRMED;HW_HERO_0011;Dorian;0
29109;L;5;29109_Screenshot_2026-03-31-17-47-40-093_com.nexters.herowars__L5.png;29109_Screenshot_2026-03-31-17-47-40-093_com.nexters.herowars__L5.png;HW_HERO_0036;Nébula;ACCEPTED;0.963396;0.094642;Nébula;0.9999080671086532;HIGH;HW_HERO_0036;Nébula;Nébula;EXACT_ALIAS;1.0;nebula;CONFIRMED;HW_HERO_0036;Nébula;0
29109;R;1;29109_Screenshot_2026-03-31-17-47-40-093_com.nexters.herowars__R1.png;29109_Screenshot_2026-03-31-17-47-40-093_com.nexters.herowars__R1.png;HW_HERO_0018;Iris;ACCEPTED;0.969147;0.07006;Iris;0.9991873502731323;HIGH;HW_HERO_0018;Iris;Iris;EXACT_ALIAS;1.0;iris;CONFIRMED;HW_HERO_0018;Iris;0
29109;R;2;29109_Screenshot_2026-03-31-17-47-40-093_com.nexters.herowars__R2.png;29109_Screenshot_2026-03-31-17-47-40-093_com.nexters.herowars__R2.png;HW_HERO_0008;Corvus;ACCEPTED;0.945609;0.087331;Corvus;0.9999657383080677;HIGH;HW_HERO_0008;Corvus;Corvus;EXACT_ALIAS;1.0;corvus;CONFIRMED;HW_HERO_0008;Corvus;0
29109;R;3;29109_Screenshot_2026-03-31-17-47-40-093_com.nexters.herowars__R3.png;29109_Screenshot_2026-03-31-17-47-40-093_com.nexters.herowars__R3.png;HW_HERO_0010;Dante;ACCEPTED;0.95638;0.060955;Dante;0.9999657203050056;HIGH;HW_HERO_0010;Dante;Dante;EXACT_ALIAS;1.0;dante;CONFIRMED;HW_HERO_0010;Dante;0
29109;R;4;29109_Screenshot_2026-03-31-17-47-40-093_com.nexters.herowars__R4.png;29109_Screenshot_2026-03-31-17-47-40-093_com.nexters.herowars__R4.png;HW_HERO_0037;Octavia;REVIEW;0.882737;0.005549;Morrigan;0.999993298641786;HIGH;;;Dorian;NO_MATCH;0.7142857142857143;morrigan;UNRESOLVED_OCR_TEXT;;;1
29109;R;5;29109_Screenshot_2026-03-31-17-47-40-093_com.nexters.herowars__R5.png;29109_Screenshot_2026-03-31-17-47-40-093_com.nexters.herowars__R5.png;HW_HERO_0037;Octavia;ACCEPTED;0.976455;0.109217;Octavia;0.9998375657012508;HIGH;HW_HERO_0037;Octavia;Octavia;EXACT_ALIAS;1.0;octavia;CONFIRMED;HW_HERO_0037;Octavia;0
29255;L;1;29255_IMG_6294__L1.png;29255_IMG_6294__L1.png;HW_HERO_0018;Iris;ACCEPTED;0.973204;0.095643;Iris;0.8333313570600912;MEDIUM;HW_HERO_0018;Iris;Iris;EXACT_ALIAS;1.0;iris;CONFIRMED;HW_HERO_0018;Iris;0
29255;L;2;29255_IMG_6294__L2.png;29255_IMG_6294__L2.png;HW_HERO_0024;Julius;ACCEPTED;0.964703;0.11703;Julius;0.9999985886571049;HIGH;HW_HERO_0024;Julius;Julius;EXACT_ALIAS;1.0;julius;CONFIRMED;HW_HERO_0024;Julius;0
29255;L;3;29255_IMG_6294__L3.png;29255_IMG_6294__L3.png;HW_HERO_0047;Soleil;ACCEPTED;0.965682;0.106623;Soleil;0.9998850470878168;HIGH;HW_HERO_0047;Soleil;Soleil;EXACT_ALIAS;1.0;soleil;CONFIRMED;HW_HERO_0047;Soleil;0
29255;L;4;29255_IMG_6294__L4.png;29255_IMG_6294__L4.png;HW_HERO_0042;Polaris;ACCEPTED;0.965653;0.107107;Polaris;0.9999860773939294;HIGH;HW_HERO_0042;Polaris;Polaris;EXACT_ALIAS;1.0;polaris;CONFIRMED;HW_HERO_0042;Polaris;0
29255;L;5;29255_IMG_6294__L5.png;29255_IMG_6294__L5.png;HW_HERO_0049;Tempus;ACCEPTED;0.960083;0.111002;Tempus;0.9999743524230539;HIGH;HW_HERO_0049;Tempus;Tempus;EXACT_ALIAS;1.0;tempus;CONFIRMED;HW_HERO_0049;Tempus;0
29255;R;1;29255_IMG_6294__R1.png;29255_IMG_6294__R1.png;HW_HERO_0014;Folio;REVIEW;0.826957;0.010567;Isaac;0.9995656025638082;HIGH;;;Ishmaël;NO_MATCH;0.5;isaac;UNRESOLVED_OCR_TEXT;;;1
29255;R;2;29255_IMG_6294__R2.png;29255_IMG_6294__R2.png;HW_HERO_0005;Cascade;ACCEPTED;0.951363;0.083407;Cascade;0.9999772011366769;HIGH;HW_HERO_0005;Cascade;Cascade;EXACT_ALIAS;1.0;cascade;CONFIRMED;HW_HERO_0005;Cascade;0
29255;R;3;29255_IMG_6294__R3.png;29255_IMG_6294__R3.png;HW_HERO_0024;Julius;ACCEPTED;0.963135;0.11306;Julius;0.9999986373241087;HIGH;HW_HERO_0024;Julius;Julius;EXACT_ALIAS;1.0;julius;CONFIRMED;HW_HERO_0024;Julius;0
29255;R;4;29255_IMG_6294__R4.png;29255_IMG_6294__R4.png;HW_HERO_0042;Polaris;ACCEPTED;0.956424;0.088665;Polaris;0.9999927007774377;HIGH;HW_HERO_0042;Polaris;Polaris;EXACT_ALIAS;1.0;polaris;CONFIRMED;HW_HERO_0042;Polaris;0
29255;R;5;29255_IMG_6294__R5.png;29255_IMG_6294__R5.png;HW_HERO_0045;Satori;REVIEW;0.889075;0.011678;Astrid et Lucas;0.7837262144586157;MEDIUM;;;Tristan;NO_MATCH;0.45454545454545453;astrid et lucas;MANUAL_REVIEW;;;1
29420;L;1;29420_IMG_2680__L1.png;29420_IMG_2680__L1.png;HW_HERO_0045;Satori;ACCEPTED;0.969411;0.057225;Satori;0.9999885632429649;HIGH;HW_HERO_0045;Satori;Satori;EXACT_ALIAS;1.0;satori;CONFIRMED;HW_HERO_0045;Satori;0
29420;L;2;29420_IMG_2680__L2.png;29420_IMG_2680__L2.png;HW_HERO_0002;Andvari;ACCEPTED;0.96739;0.16217;Andvari;0.6218675957197132;MEDIUM;HW_HERO_0002;Andvari;Andvari;EXACT_ALIAS;1.0;andvari;CONFIRMED;HW_HERO_0002;Andvari;0
29420;L;3;29420_IMG_2680__L3.png;29420_IMG_2680__L3.png;HW_HERO_0006;Céleste;ACCEPTED;0.97637;0.090636;Celeste;0.9679845107064052;HIGH;HW_HERO_0006;Céleste;Céleste;EXACT_ALIAS;1.0;celeste;CONFIRMED;HW_HERO_0006;Céleste;0
29420;L;4;29420_IMG_2680__L4.png;29420_IMG_2680__L4.png;HW_HERO_0003;Astaroth;ACCEPTED;0.962145;0.210086;Astaroth;0.9929772355617459;HIGH;HW_HERO_0003;Astaroth;Astaroth;EXACT_ALIAS;1.0;astaroth;CONFIRMED;HW_HERO_0003;Astaroth;0
29420;L;5;29420_IMG_2680__L5.png;29420_IMG_2680__L5.png;HW_HERO_0032;Martha;ACCEPTED;0.961308;0.12546;Martha;0.9999901205903328;HIGH;HW_HERO_0032;Martha;Martha;EXACT_ALIAS;1.0;martha;CONFIRMED;HW_HERO_0032;Martha;0
29420;R;1;29420_IMG_2680__R1.png;29420_IMG_2680__R1.png;HW_HERO_0018;Iris;ACCEPTED;0.951456;0.066044;Iris;0.9995673298835754;HIGH;HW_HERO_0018;Iris;Iris;EXACT_ALIAS;1.0;iris;CONFIRMED;HW_HERO_0018;Iris;0
29420;R;2;29420_IMG_2680__R2.png;29420_IMG_2680__R2.png;HW_HERO_0014;Folio;ACCEPTED;0.951042;0.118995;Folio;0.9805668623041889;HIGH;HW_HERO_0014;Folio;Folio;EXACT_ALIAS;1.0;folio;CONFIRMED;HW_HERO_0014;Folio;0
29420;R;3;29420_IMG_2680__R3.png;29420_IMG_2680__R3.png;HW_HERO_0008;Corvus;ACCEPTED;0.971639;0.121435;Corvus;0.8852791672371435;HIGH;HW_HERO_0008;Corvus;Corvus;EXACT_ALIAS;1.0;corvus;CONFIRMED;HW_HERO_0008;Corvus;0
29420;R;4;29420_IMG_2680__R4.png;29420_IMG_2680__R4.png;HW_HERO_0049;Tempus;ACCEPTED;0.959028;0.115381;Tempus;0.9999486560307164;HIGH;HW_HERO_0049;Tempus;Tempus;EXACT_ALIAS;1.0;tempus;CONFIRMED;HW_HERO_0049;Tempus;0
29420;R;5;29420_IMG_2680__R5.png;29420_IMG_2680__R5.png;HW_HERO_0037;Octavia;ACCEPTED;0.958697;0.079;Octavia;0.9998611642888402;HIGH;HW_HERO_0037;Octavia;Octavia;EXACT_ALIAS;1.0;octavia;CONFIRMED;HW_HERO_0037;Octavia;0
29768;L;1;29768_IMG_2174__L1.png;29768_IMG_2174__L1.png;HW_HERO_0040;Peech;ACCEPTED;0.958048;0.073924;Peech;0.9768688285582273;HIGH;HW_HERO_0040;Peech;Peech;EXACT_ALIAS;1.0;peech;CONFIRMED;HW_HERO_0040;Peech;0
29768;L;2;29768_IMG_2174__L2.png;29768_IMG_2174__L2.png;HW_HERO_0004;Byrna;ACCEPTED;0.960065;0.092215;Byrna;0.9999852858710833;HIGH;HW_HERO_0004;Byrna;Byrna;EXACT_ALIAS;1.0;byrna;CONFIRMED;HW_HERO_0004;Byrna;0
29768;L;3;29768_IMG_2174__L3.png;29768_IMG_2174__L3.png;HW_HERO_0048;Somna;ACCEPTED;0.923864;0.090991;Somna;0.9998361172807713;HIGH;HW_HERO_0048;Somna;Somna;EXACT_ALIAS;1.0;somna;CONFIRMED;HW_HERO_0048;Somna;0
29768;L;4;29768_IMG_2174__L4.png;29768_IMG_2174__L4.png;HW_HERO_0042;Polaris;ACCEPTED;0.960814;0.106705;Polaris;0.9236587086283572;HIGH;HW_HERO_0042;Polaris;Polaris;EXACT_ALIAS;1.0;polaris;CONFIRMED;HW_HERO_0042;Polaris;0
29768;L;5;29768_IMG_2174__L5.png;29768_IMG_2174__L5.png;HW_HERO_0012;Electra von Grave;ACCEPTED;0.945774;0.06838;Electra von Grave;0.989597456772009;HIGH;HW_HERO_0012;Electra von Grave;Electra von Grave;EXACT_ALIAS;1.0;electra von grave;CONFIRMED;HW_HERO_0012;Electra von Grave;0
29768;R;1;29768_IMG_2174__R1.png;29768_IMG_2174__R1.png;HW_HERO_0045;Satori;ACCEPTED;0.971078;0.063285;Satori;0.9999836965289276;HIGH;HW_HERO_0045;Satori;Satori;EXACT_ALIAS;1.0;satori;CONFIRMED;HW_HERO_0045;Satori;0
29768;R;2;29768_IMG_2174__R2.png;29768_IMG_2174__R2.png;HW_HERO_0005;Cascade;ACCEPTED;0.967946;0.111513;Cascade;0.9999822024827244;HIGH;HW_HERO_0005;Cascade;Cascade;EXACT_ALIAS;1.0;cascade;CONFIRMED;HW_HERO_0005;Cascade;0
29768;R;3;29768_IMG_2174__R3.png;29768_IMG_2174__R3.png;HW_HERO_0045;Satori;REVIEW;0.880955;0.022216;Helios;0.9999919699396239;HIGH;;;Folio;NO_MATCH;0.5454545454545454;helios;UNRESOLVED_OCR_TEXT;;;1
29768;R;4;29768_IMG_2174__R4.png;29768_IMG_2174__R4.png;HW_HERO_0051;Xe'Sha;REVIEW;0.853382;0.000404;Sin rostro;0.9812986042249487;HIGH;;;Astaroth;NO_MATCH;0.4444444444444444;sin rostro;UNRESOLVED_OCR_TEXT;;;1
29768;R;5;29768_IMG_2174__R5.png;29768_IMG_2174__R5.png;HW_HERO_0011;Dorian;ACCEPTED;0.965195;0.091547;Dorian;0.9999509920725159;HIGH;HW_HERO_0011;Dorian;Dorian;EXACT_ALIAS;1.0;dorian;CONFIRMED;HW_HERO_0011;Dorian;0
29823;L;1;29823_Screenshot_20260402_143739_Hero_Wars__L1.png;29823_Screenshot_20260402_143739_Hero_Wars__L1.png;HW_HERO_0014;Folio;ACCEPTED;0.978546;0.137318;Folio;0.9471226171424469;HIGH;HW_HERO_0014;Folio;Folio;EXACT_ALIAS;1.0;folio;CONFIRMED;HW_HERO_0014;Folio;0
29823;L;2;29823_Screenshot_20260402_143739_Hero_Wars__L2.png;29823_Screenshot_20260402_143739_Hero_Wars__L2.png;HW_HERO_0048;Somna;ACCEPTED;0.971219;0.119615;Somna;0.9963040063718782;HIGH;HW_HERO_0048;Somna;Somna;EXACT_ALIAS;1.0;somna;CONFIRMED;HW_HERO_0048;Somna;0
29823;L;3;29823_Screenshot_20260402_143739_Hero_Wars__L3.png;29823_Screenshot_20260402_143739_Hero_Wars__L3.png;HW_HERO_0023;Juge;ACCEPTED;0.965139;0.135429;Juge;0.9999993443489075;HIGH;HW_HERO_0023;Juge;Juge;EXACT_ALIAS;1.0;juge;CONFIRMED;HW_HERO_0023;Juge;0
29823;L;4;29823_Screenshot_20260402_143739_Hero_Wars__L4.png;29823_Screenshot_20260402_143739_Hero_Wars__L4.png;HW_HERO_0024;Julius;ACCEPTED;0.97094;0.148163;Julius;0.9999986373241087;HIGH;HW_HERO_0024;Julius;Julius;EXACT_ALIAS;1.0;julius;CONFIRMED;HW_HERO_0024;Julius;0
29823;L;5;29823_Screenshot_20260402_143739_Hero_Wars__L5.png;29823_Screenshot_20260402_143739_Hero_Wars__L5.png;HW_HERO_0042;Polaris;ACCEPTED;0.98057;0.108282;Polaris;0.9999844553386661;HIGH;HW_HERO_0042;Polaris;Polaris;EXACT_ALIAS;1.0;polaris;CONFIRMED;HW_HERO_0042;Polaris;0
29823;R;1;29823_Screenshot_20260402_143739_Hero_Wars__R1.png;29823_Screenshot_20260402_143739_Hero_Wars__R1.png;HW_HERO_0026;Kayla;ACCEPTED;0.981313;0.1197;Kayla;0.9999489802480234;HIGH;HW_HERO_0026;Kayla;Kayla;EXACT_ALIAS;1.0;kayla;CONFIRMED;HW_HERO_0026;Kayla;0
29823;R;2;29823_Screenshot_20260402_143739_Hero_Wars__R2.png;29823_Screenshot_20260402_143739_Hero_Wars__R2.png;HW_HERO_0014;Folio;ACCEPTED;0.970317;0.121919;Folio;0.9999757963106178;HIGH;HW_HERO_0014;Folio;Folio;EXACT_ALIAS;1.0;folio;CONFIRMED;HW_HERO_0014;Folio;0
29823;R;3;29823_Screenshot_20260402_143739_Hero_Wars__R3.png;29823_Screenshot_20260402_143739_Hero_Wars__R3.png;HW_HERO_0024;Julius;ACCEPTED;0.976837;0.13001;Julius;0.9999977126509446;HIGH;HW_HERO_0024;Julius;Julius;EXACT_ALIAS;1.0;julius;CONFIRMED;HW_HERO_0024;Julius;0
29823;R;4;29823_Screenshot_20260402_143739_Hero_Wars__R4.png;29823_Screenshot_20260402_143739_Hero_Wars__R4.png;HW_HERO_0042;Polaris;ACCEPTED;0.983382;0.118321;Polaris;0.9999816167399113;HIGH;HW_HERO_0042;Polaris;Polaris;EXACT_ALIAS;1.0;polaris;CONFIRMED;HW_HERO_0042;Polaris;0
29823;R;5;29823_Screenshot_20260402_143739_Hero_Wars__R5.png;29823_Screenshot_20260402_143739_Hero_Wars__R5.png;HW_HERO_0001;Aidan;ACCEPTED;0.975137;0.116206;Aidan;0.999949193497365;HIGH;HW_HERO_0001;Aidan;Aidan;EXACT_ALIAS;1.0;aidan;CONFIRMED;HW_HERO_0001;Aidan;0
29938;L;1;29938_Screenshot_20260406_103711_Hero_Wars__L1.png;29938_Screenshot_20260406_103711_Hero_Wars__L1.png;HW_HERO_0018;Iris;ACCEPTED;0.97369;0.085757;Iris;0.9995622634887695;HIGH;HW_HERO_0018;Iris;Iris;EXACT_ALIAS;1.0;iris;CONFIRMED;HW_HERO_0018;Iris;0
29938;L;2;29938_Screenshot_20260406_103711_Hero_Wars__L2.png;29938_Screenshot_20260406_103711_Hero_Wars__L2.png;HW_HERO_0012;Electra von Grave;ACCEPTED;0.976859;0.10329;Electra von Grave;0.9151571462023768;HIGH;HW_HERO_0012;Electra von Grave;Electra von Grave;EXACT_ALIAS;1.0;electra von grave;CONFIRMED;HW_HERO_0012;Electra von Grave;0
29938;L;3;29938_Screenshot_20260406_103711_Hero_Wars__L3.png;29938_Screenshot_20260406_103711_Hero_Wars__L3.png;HW_HERO_0018;Iris;REVIEW;0.84493;0.007279;Luther;0.9937602219040222;HIGH;;;Lilith;NO_MATCH;0.5;luther;UNRESOLVED_OCR_TEXT;;;1
29938;L;4;29938_Screenshot_20260406_103711_Hero_Wars__L4.png;29938_Screenshot_20260406_103711_Hero_Wars__L4.png;HW_HERO_0047;Soleil;ACCEPTED;0.944643;0.075895;Soleil;0.9999167300031965;HIGH;HW_HERO_0047;Soleil;Soleil;EXACT_ALIAS;1.0;soleil;CONFIRMED;HW_HERO_0047;Soleil;0
29938;L;5;29938_Screenshot_20260406_103711_Hero_Wars__L5.png;29938_Screenshot_20260406_103711_Hero_Wars__L5.png;HW_HERO_0048;Somna;ACCEPTED;0.975857;0.125665;Somna;0.9999150202218893;HIGH;HW_HERO_0048;Somna;Somna;EXACT_ALIAS;1.0;somna;CONFIRMED;HW_HERO_0048;Somna;0
29938;R;1;29938_Screenshot_20260406_103711_Hero_Wars__R1.png;29938_Screenshot_20260406_103711_Hero_Wars__R1.png;HW_HERO_0045;Satori;ACCEPTED;0.959118;0.072022;Satori;0.999963937615257;HIGH;HW_HERO_0045;Satori;Satori;EXACT_ALIAS;1.0;satori;CONFIRMED;HW_HERO_0045;Satori;0
29938;R;2;29938_Screenshot_20260406_103711_Hero_Wars__R2.png;29938_Screenshot_20260406_103711_Hero_Wars__R2.png;HW_HERO_0026;Kayla;ACCEPTED;0.95675;0.095169;Kayla;0.9999608155783604;HIGH;HW_HERO_0026;Kayla;Kayla;EXACT_ALIAS;1.0;kayla;CONFIRMED;HW_HERO_0026;Kayla;0
29938;R;3;29938_Screenshot_20260406_103711_Hero_Wars__R3.png;29938_Screenshot_20260406_103711_Hero_Wars__R3.png;HW_HERO_0024;Julius;ACCEPTED;0.977603;0.136514;Julius;0.9999967393105645;HIGH;HW_HERO_0024;Julius;Julius;EXACT_ALIAS;1.0;julius;CONFIRMED;HW_HERO_0024;Julius;0
29938;R;4;29938_Screenshot_20260406_103711_Hero_Wars__R4.png;29938_Screenshot_20260406_103711_Hero_Wars__R4.png;HW_HERO_0048;Somna;ACCEPTED;0.971793;0.121019;Somna;0.9999134741578048;HIGH;HW_HERO_0048;Somna;Somna;EXACT_ALIAS;1.0;somna;CONFIRMED;HW_HERO_0048;Somna;0
29938;R;5;29938_Screenshot_20260406_103711_Hero_Wars__R5.png;29938_Screenshot_20260406_103711_Hero_Wars__R5.png;HW_HERO_0001;Aidan;ACCEPTED;0.965134;0.10148;Aidan;0.9999655603683119;HIGH;HW_HERO_0001;Aidan;Aidan;EXACT_ALIAS;1.0;aidan;CONFIRMED;HW_HERO_0001;Aidan;0
30350;L;1;30350_Screenshot_20260402_175211_Hero_Wars__L1.png;30350_Screenshot_20260402_175211_Hero_Wars__L1.png;HW_HERO_0024;Julius;ACCEPTED;0.967874;0.122602;Julius;0.9999981506540464;HIGH;HW_HERO_0024;Julius;Julius;EXACT_ALIAS;1.0;julius;CONFIRMED;HW_HERO_0024;Julius;0
30350;L;2;30350_Screenshot_20260402_175211_Hero_Wars__L2.png;30350_Screenshot_20260402_175211_Hero_Wars__L2.png;HW_HERO_0008;Corvus;ACCEPTED;0.952158;0.091817;Corvus;0.9998571114268661;HIGH;HW_HERO_0008;Corvus;Corvus;EXACT_ALIAS;1.0;corvus;CONFIRMED;HW_HERO_0008;Corvus;0
30350;L;3;30350_Screenshot_20260402_175211_Hero_Wars__L3.png;30350_Screenshot_20260402_175211_Hero_Wars__L3.png;HW_HERO_0007;Champi et Gnon;ACCEPTED;0.967731;0.069602;Champi et Gnon;0.9375172613462182;HIGH;HW_HERO_0007;Champi et Gnon;Champi et Gnon;EXACT_ALIAS;1.0;champi et gnon;CONFIRMED;HW_HERO_0007;Champi et Gnon;0
30350;L;4;30350_Screenshot_20260402_175211_Hero_Wars__L4.png;30350_Screenshot_20260402_175211_Hero_Wars__L4.png;HW_HERO_0010;Dante;ACCEPTED;0.964658;0.069942;Dante;0.9999773423633286;HIGH;HW_HERO_0010;Dante;Dante;EXACT_ALIAS;1.0;dante;CONFIRMED;HW_HERO_0010;Dante;0
30350;L;5;30350_Screenshot_20260402_175211_Hero_Wars__L5.png;30350_Screenshot_20260402_175211_Hero_Wars__L5.png;HW_HERO_0018;Iris;ACCEPTED;0.904524;0.027815;Morrigan;0.9795014174520256;HIGH;;;Dorian;NO_MATCH;0.7142857142857143;morrigan;NEW_ALIAS_CANDIDATE;HW_HERO_0018;Iris;1
30350;R;1;30350_Screenshot_20260402_175211_Hero_Wars__R1.png;30350_Screenshot_20260402_175211_Hero_Wars__R1.png;HW_HERO_0016;Ginger;REVIEW;0.895385;0.0249;Aurore;0.9840759155750357;HIGH;;;Jorgen;NO_MATCH;0.5;aurore;UNRESOLVED_OCR_TEXT;;;1
30350;R;2;30350_Screenshot_20260402_175211_Hero_Wars__R2.png;30350_Screenshot_20260402_175211_Hero_Wars__R2.png;HW_HERO_0003;Astaroth;ACCEPTED;0.920848;0.131965;Astaroth;0.999920207657135;HIGH;HW_HERO_0003;Astaroth;Astaroth;EXACT_ALIAS;1.0;astaroth;CONFIRMED;HW_HERO_0003;Astaroth;0
30350;R;3;30350_Screenshot_20260402_175211_Hero_Wars__R3.png;30350_Screenshot_20260402_175211_Hero_Wars__R3.png;HW_HERO_0015;Galaad;ACCEPTED;0.944055;0.056723;Galaad;0.9999677336695204;HIGH;HW_HERO_0015;Galaad;Galaad;EXACT_ALIAS;1.0;galaad;CONFIRMED;HW_HERO_0015;Galaad;0
30350;R;4;30350_Screenshot_20260402_175211_Hero_Wars__R4.png;30350_Screenshot_20260402_175211_Hero_Wars__R4.png;HW_HERO_0018;Iris;REVIEW;0.886485;0.016311;Morrigan;0.9999934672296421;HIGH;;;Dorian;NO_MATCH;0.7142857142857143;morrigan;UNRESOLVED_OCR_TEXT;;;1
30350;R;5;30350_Screenshot_20260402_175211_Hero_Wars__R5.png;30350_Screenshot_20260402_175211_Hero_Wars__R5.png;HW_HERO_0034;Miu;REVIEW;0.849558;0.023114;Théa;0.9999236464500427;HIGH;;;;NO_MATCH;0.0;thea;UNRESOLVED_OCR_TEXT;;;1
30628;L;1;30628_Screenshot_20260408-071912__L1.png;30628_Screenshot_20260408-071912__L1.png;HW_HERO_0014;Folio;ACCEPTED;0.953576;0.131065;Folio;0.99997073165321;HIGH;HW_HERO_0014;Folio;Folio;EXACT_ALIAS;1.0;folio;CONFIRMED;HW_HERO_0014;Folio;0
30628;L;2;30628_Screenshot_20260408-071912__L2.png;30628_Screenshot_20260408-071912__L2.png;HW_HERO_0015;Galaad;REVIEW;0.832476;0.006371;Isaac;0.9998293465211795;HIGH;;;Ishmaël;NO_MATCH;0.5;isaac;UNRESOLVED_OCR_TEXT;;;1
30628;L;3;30628_Screenshot_20260408-071912__L3.png;30628_Screenshot_20260408-071912__L3.png;HW_HERO_0023;Juge;ACCEPTED;0.948457;0.105693;Juge;0.9999982714653015;HIGH;HW_HERO_0023;Juge;Juge;EXACT_ALIAS;1.0;juge;CONFIRMED;HW_HERO_0023;Juge;0
30628;L;4;30628_Screenshot_20260408-071912__L4.png;30628_Screenshot_20260408-071912__L4.png;HW_HERO_0042;Polaris;ACCEPTED;0.955892;0.089426;Polaris;0.9999798595108068;HIGH;HW_HERO_0042;Polaris;Polaris;EXACT_ALIAS;1.0;polaris;CONFIRMED;HW_HERO_0042;Polaris;0
30628;L;5;30628_Screenshot_20260408-071912__L5.png;30628_Screenshot_20260408-071912__L5.png;HW_HERO_0024;Julius;ACCEPTED;0.968329;0.116423;Julius;0.999997809984971;HIGH;HW_HERO_0024;Julius;Julius;EXACT_ALIAS;1.0;julius;CONFIRMED;HW_HERO_0024;Julius;0
30628;R;1;30628_Screenshot_20260408-071912__R1.png;30628_Screenshot_20260408-071912__R1.png;HW_HERO_0046;Sébastien;ACCEPTED;0.971316;0.121854;Sébastien;0.9981460320289199;HIGH;HW_HERO_0046;Sébastien;Sébastien;EXACT_ALIAS;1.0;sebastien;CONFIRMED;HW_HERO_0046;Sébastien;0
30628;R;2;30628_Screenshot_20260408-071912__R2.png;30628_Screenshot_20260408-071912__R2.png;HW_HERO_0024;Julius;ACCEPTED;0.963432;0.122585;Julius;0.9999971286467422;HIGH;HW_HERO_0024;Julius;Julius;EXACT_ALIAS;1.0;julius;CONFIRMED;HW_HERO_0024;Julius;0
30628;R;3;30628_Screenshot_20260408-071912__R3.png;30628_Screenshot_20260408-071912__R3.png;HW_HERO_0005;Cascade;REVIEW;0.823176;0.003394;Isaac;0.9983529250505259;HIGH;;;Ishmaël;NO_MATCH;0.5;isaac;UNRESOLVED_OCR_TEXT;;;1
30628;R;4;30628_Screenshot_20260408-071912__R4.png;30628_Screenshot_20260408-071912__R4.png;HW_HERO_0042;Polaris;ACCEPTED;0.963295;0.101684;Polaris;0.9999777868803251;HIGH;HW_HERO_0042;Polaris;Polaris;EXACT_ALIAS;1.0;polaris;CONFIRMED;HW_HERO_0042;Polaris;0
30628;R;5;30628_Screenshot_20260408-071912__R5.png;30628_Screenshot_20260408-071912__R5.png;HW_HERO_0023;Juge;ACCEPTED;0.958783;0.119224;Juge;0.9999980330467224;HIGH;HW_HERO_0023;Juge;Juge;EXACT_ALIAS;1.0;juge;CONFIRMED;HW_HERO_0023;Juge;0
30662;L;1;30662_Screenshot_20260415_165146_Hero_Wars__L1.png;30662_Screenshot_20260415_165146_Hero_Wars__L1.png;HW_HERO_0018;Iris;ACCEPTED;0.942375;0.052112;Iris;0.9995592832565308;HIGH;HW_HERO_0018;Iris;Iris;EXACT_ALIAS;1.0;iris;CONFIRMED;HW_HERO_0018;Iris;0
30662;L;2;30662_Screenshot_20260415_165146_Hero_Wars__L2.png;30662_Screenshot_20260415_165146_Hero_Wars__L2.png;HW_HERO_0034;Miu;ACCEPTED;0.945083;0.0637;Miu;0.9984296560287476;HIGH;HW_HERO_0034;Miu;Miu;EXACT_ALIAS;1.0;miu;CONFIRMED;HW_HERO_0034;Miu;0
30662;L;3;30662_Screenshot_20260415_165146_Hero_Wars__L3.png;30662_Screenshot_20260415_165146_Hero_Wars__L3.png;HW_HERO_0005;Cascade;ACCEPTED;0.919092;0.037062;Cascade;0.9980951800915298;HIGH;HW_HERO_0005;Cascade;Cascade;EXACT_ALIAS;1.0;cascade;CONFIRMED;HW_HERO_0005;Cascade;0
30662;L;4;30662_Screenshot_20260415_165146_Hero_Wars__L4.png;30662_Screenshot_20260415_165146_Hero_Wars__L4.png;HW_HERO_0014;Folio;ACCEPTED;0.956281;0.086105;Folio;0.9999828335137793;HIGH;HW_HERO_0014;Folio;Folio;EXACT_ALIAS;1.0;folio;CONFIRMED;HW_HERO_0014;Folio;0
30662;L;5;30662_Screenshot_20260415_165146_Hero_Wars__L5.png;30662_Screenshot_20260415_165146_Hero_Wars__L5.png;HW_HERO_0024;Julius;ACCEPTED;0.956545;0.122962;Julius;0.999997809984971;HIGH;HW_HERO_0024;Julius;Julius;EXACT_ALIAS;1.0;julius;CONFIRMED;HW_HERO_0024;Julius;0
30662;R;1;30662_Screenshot_20260415_165146_Hero_Wars__R1.png;30662_Screenshot_20260415_165146_Hero_Wars__R1.png;HW_HERO_0039;Oya;ACCEPTED;0.943677;0.084618;Oya;0.9988480874473741;HIGH;HW_HERO_0039;Oya;Oya;EXACT_ALIAS;1.0;oya;CONFIRMED;HW_HERO_0039;Oya;0
30662;R;2;30662_Screenshot_20260415_165146_Hero_Wars__R2.png;30662_Screenshot_20260415_165146_Hero_Wars__R2.png;HW_HERO_0031;Lilith;REVIEW;0.868486;0.017462;Jhu;0.9999805912298881;HIGH;HW_HERO_0021;Jhu;Jhu;EXACT_ALIAS;1.0;jhu;CONFLICT;;;1
30662;R;3;30662_Screenshot_20260415_165146_Hero_Wars__R3.png;30662_Screenshot_20260415_165146_Hero_Wars__R3.png;HW_HERO_0024;Julius;ACCEPTED;0.975605;0.146859;Julius;0.9999971286467422;HIGH;HW_HERO_0024;Julius;Julius;EXACT_ALIAS;1.0;julius;CONFIRMED;HW_HERO_0024;Julius;0
30662;R;4;30662_Screenshot_20260415_165146_Hero_Wars__R4.png;30662_Screenshot_20260415_165146_Hero_Wars__R4.png;HW_HERO_0017;Guus;ACCEPTED;0.961831;0.138804;Guus;0.9998846650123596;HIGH;HW_HERO_0017;Guus;Guus;EXACT_ALIAS;1.0;guus;CONFIRMED;HW_HERO_0017;Guus;0
30662;R;5;30662_Screenshot_20260415_165146_Hero_Wars__R5.png;30662_Screenshot_20260415_165146_Hero_Wars__R5.png;HW_HERO_0048;Somna;ACCEPTED;0.959605;0.124916;Somna;0.9998790874871373;HIGH;HW_HERO_0048;Somna;Somna;EXACT_ALIAS;1.0;somna;CONFIRMED;HW_HERO_0048;Somna;0
30777;L;1;30777_Screenshot_20260416-001522__L1.png;30777_Screenshot_20260416-001522__L1.png;HW_HERO_0015;Galaad;REVIEW;0.866105;0.011514;Drayne;0.9999303569941854;HIGH;;;Dante;NO_MATCH;0.7272727272727273;drayne;UNRESOLVED_OCR_TEXT;;;1
30777;L;2;30777_Screenshot_20260416-001522__L2.png;30777_Screenshot_20260416-001522__L2.png;HW_HERO_0010;Dante;ACCEPTED;0.961348;0.105058;Dante;0.9999627348195597;HIGH;HW_HERO_0010;Dante;Dante;EXACT_ALIAS;1.0;dante;CONFIRMED;HW_HERO_0010;Dante;0
30777;L;3;30777_Screenshot_20260416-001522__L3.png;30777_Screenshot_20260416-001522__L3.png;HW_HERO_0004;Byrna;ACCEPTED;0.965536;0.111204;Byrna;0.999942796014784;HIGH;HW_HERO_0004;Byrna;Byrna;EXACT_ALIAS;1.0;byrna;CONFIRMED;HW_HERO_0004;Byrna;0
30777;L;4;30777_Screenshot_20260416-001522__L4.png;30777_Screenshot_20260416-001522__L4.png;HW_HERO_0037;Octavia;ACCEPTED;0.958084;0.098762;Octavia;0.9998626185371344;HIGH;HW_HERO_0037;Octavia;Octavia;EXACT_ALIAS;1.0;octavia;CONFIRMED;HW_HERO_0037;Octavia;0
30777;L;5;30777_Screenshot_20260416-001522__L5.png;30777_Screenshot_20260416-001522__L5.png;HW_HERO_0047;Soleil;ACCEPTED;0.966837;0.099505;Soleil;0.9999510894075643;HIGH;HW_HERO_0047;Soleil;Soleil;EXACT_ALIAS;1.0;soleil;CONFIRMED;HW_HERO_0047;Soleil;0
30777;R;1;30777_Screenshot_20260416-001522__R1.png;30777_Screenshot_20260416-001522__R1.png;HW_HERO_0045;Satori;ACCEPTED;0.968989;0.055967;Satori;0.9999835991945926;HIGH;HW_HERO_0045;Satori;Satori;EXACT_ALIAS;1.0;satori;CONFIRMED;HW_HERO_0045;Satori;0
30777;R;2;30777_Screenshot_20260416-001522__R2.png;30777_Screenshot_20260416-001522__R2.png;HW_HERO_0006;Céleste;ACCEPTED;0.980876;0.085375;Céleste;0.9993895543296097;HIGH;HW_HERO_0006;Céleste;Céleste;EXACT_ALIAS;1.0;celeste;CONFIRMED;HW_HERO_0006;Céleste;0
30777;R;3;30777_Screenshot_20260416-001522__R3.png;30777_Screenshot_20260416-001522__R3.png;HW_HERO_0042;Polaris;REVIEW;0.866998;0.002916;Amira;0.9999821937682789;HIGH;;;Aidan;NO_MATCH;0.6;amira;UNRESOLVED_OCR_TEXT;;;1
30777;R;4;30777_Screenshot_20260416-001522__R4.png;30777_Screenshot_20260416-001522__R4.png;HW_HERO_0003;Astaroth;ACCEPTED;0.960397;0.192805;Astaroth;0.9999813710210839;HIGH;HW_HERO_0003;Astaroth;Astaroth;EXACT_ALIAS;1.0;astaroth;CONFIRMED;HW_HERO_0003;Astaroth;0
30777;R;5;30777_Screenshot_20260416-001522__R5.png;30777_Screenshot_20260416-001522__R5.png;HW_HERO_0014;Folio;ACCEPTED;0.958068;0.128271;Folio;0.999992642938736;HIGH;HW_HERO_0014;Folio;Folio;EXACT_ALIAS;1.0;folio;CONFIRMED;HW_HERO_0014;Folio;0
30832;L;1;30832_Screenshot_20260417_170710_com_nexters_herowars_MessagingUnityPlayerActivity__L1.png;30832_Screenshot_20260417_170710_com_nexters_herowars_MessagingUnityPlayerActivity__L1.png;HW_HERO_0026;Kayla;ACCEPTED;0.966106;0.11517;Kayla;0.9999547912906603;HIGH;HW_HERO_0026;Kayla;Kayla;EXACT_ALIAS;1.0;kayla;CONFIRMED;HW_HERO_0026;Kayla;0
30832;L;2;30832_Screenshot_20260417_170710_com_nexters_herowars_MessagingUnityPlayerActivity__L2.png;30832_Screenshot_20260417_170710_com_nexters_herowars_MessagingUnityPlayerActivity__L2.png;HW_HERO_0010;Dante;ACCEPTED;0.976688;0.088901;Dante;0.9573691540790998;HIGH;HW_HERO_0010;Dante;Dante;EXACT_ALIAS;1.0;dante;CONFIRMED;HW_HERO_0010;Dante;0
30832;L;3;30832_Screenshot_20260417_170710_com_nexters_herowars_MessagingUnityPlayerActivity__L3.png;30832_Screenshot_20260417_170710_com_nexters_herowars_MessagingUnityPlayerActivity__L3.png;HW_HERO_0037;Octavia;ACCEPTED;0.982501;0.119699;Octavia;0.9996654346217059;HIGH;HW_HERO_0037;Octavia;Octavia;EXACT_ALIAS;1.0;octavia;CONFIRMED;HW_HERO_0037;Octavia;0
30832;L;4;30832_Screenshot_20260417_170710_com_nexters_herowars_MessagingUnityPlayerActivity__L4.png;30832_Screenshot_20260417_170710_com_nexters_herowars_MessagingUnityPlayerActivity__L4.png;HW_HERO_0001;Aidan;ACCEPTED;0.972379;0.109119;Aidan;0.9914953280168828;HIGH;HW_HERO_0001;Aidan;Aidan;EXACT_ALIAS;1.0;aidan;CONFIRMED;HW_HERO_0001;Aidan;0
30832;L;5;30832_Screenshot_20260417_170710_com_nexters_herowars_MessagingUnityPlayerActivity__L5.png;30832_Screenshot_20260417_170710_com_nexters_herowars_MessagingUnityPlayerActivity__L5.png;HW_HERO_0017;Guus;ACCEPTED;0.970499;0.132703;Guus;0.9998695254325867;HIGH;HW_HERO_0017;Guus;Guus;EXACT_ALIAS;1.0;guus;CONFIRMED;HW_HERO_0017;Guus;0
30832;R;1;30832_Screenshot_20260417_170710_com_nexters_herowars_MessagingUnityPlayerActivity__R1.png;30832_Screenshot_20260417_170710_com_nexters_herowars_MessagingUnityPlayerActivity__R1.png;HW_HERO_0018;Iris;ACCEPTED;0.978774;0.084187;Iris;0.9995228052139282;HIGH;HW_HERO_0018;Iris;Iris;EXACT_ALIAS;1.0;iris;CONFIRMED;HW_HERO_0018;Iris;0
30832;R;2;30832_Screenshot_20260417_170710_com_nexters_herowars_MessagingUnityPlayerActivity__R2.png;30832_Screenshot_20260417_170710_com_nexters_herowars_MessagingUnityPlayerActivity__R2.png;HW_HERO_0010;Dante;ACCEPTED;0.945254;0.057871;Dante;0.9999480206259201;HIGH;HW_HERO_0010;Dante;Dante;EXACT_ALIAS;1.0;dante;CONFIRMED;HW_HERO_0010;Dante;0
30832;R;3;30832_Screenshot_20260417_170710_com_nexters_herowars_MessagingUnityPlayerActivity__R3.png;30832_Screenshot_20260417_170710_com_nexters_herowars_MessagingUnityPlayerActivity__R3.png;HW_HERO_0030;Lian;REVIEW;0.890015;0.027174;Astrid et Lucas;0.7783281079047393;MEDIUM;;;Tristan;NO_MATCH;0.45454545454545453;astrid et lucas;MANUAL_REVIEW;;;1
30832;R;4;30832_Screenshot_20260417_170710_com_nexters_herowars_MessagingUnityPlayerActivity__R4.png;30832_Screenshot_20260417_170710_com_nexters_herowars_MessagingUnityPlayerActivity__R4.png;HW_HERO_0036;Nébula;ACCEPTED;0.955896;0.09283;Nébula;0.9998939533679332;HIGH;HW_HERO_0036;Nébula;Nébula;EXACT_ALIAS;1.0;nebula;CONFIRMED;HW_HERO_0036;Nébula;0
30832;R;5;30832_Screenshot_20260417_170710_com_nexters_herowars_MessagingUnityPlayerActivity__R5.png;30832_Screenshot_20260417_170710_com_nexters_herowars_MessagingUnityPlayerActivity__R5.png;HW_HERO_0037;Octavia;ACCEPTED;0.972799;0.1094;Octavia;0.9996936882066324;HIGH;HW_HERO_0037;Octavia;Octavia;EXACT_ALIAS;1.0;octavia;CONFIRMED;HW_HERO_0037;Octavia;0
30870;L;1;30870_6348B6DC-BE02-4EE8-A71C-43873F087A6A__L1.png;30870_6348B6DC-BE02-4EE8-A71C-43873F087A6A__L1.png;HW_HERO_0014;Folio;ACCEPTED;0.957943;0.126001;Folio;0.7960846481658997;MEDIUM;HW_HERO_0014;Folio;Folio;EXACT_ALIAS;1.0;folio;CONFIRMED;HW_HERO_0014;Folio;0
30870;L;2;30870_6348B6DC-BE02-4EE8-A71C-43873F087A6A__L2.png;30870_6348B6DC-BE02-4EE8-A71C-43873F087A6A__L2.png;HW_HERO_0045;Satori;ACCEPTED;0.983181;0.069048;Satori;0.9999879792375617;HIGH;HW_HERO_0045;Satori;Satori;EXACT_ALIAS;1.0;satori;CONFIRMED;HW_HERO_0045;Satori;0
30870;L;3;30870_6348B6DC-BE02-4EE8-A71C-43873F087A6A__L3.png;30870_6348B6DC-BE02-4EE8-A71C-43873F087A6A__L3.png;HW_HERO_0047;Soleil;ACCEPTED;0.977142;0.112639;Soleil;0.9998859231161599;HIGH;HW_HERO_0047;Soleil;Soleil;EXACT_ALIAS;1.0;soleil;CONFIRMED;HW_HERO_0047;Soleil;0
30870;L;4;30870_6348B6DC-BE02-4EE8-A71C-43873F087A6A__L4.png;30870_6348B6DC-BE02-4EE8-A71C-43873F087A6A__L4.png;HW_HERO_0012;Electra von Grave;ACCEPTED;0.944179;0.078375;Electra von Grave;0.8442149739597952;MEDIUM;HW_HERO_0012;Electra von Grave;Electra von Grave;EXACT_ALIAS;1.0;electra von grave;CONFIRMED;HW_HERO_0012;Electra von Grave;0
30870;L;5;30870_6348B6DC-BE02-4EE8-A71C-43873F087A6A__L5.png;30870_6348B6DC-BE02-4EE8-A71C-43873F087A6A__L5.png;HW_HERO_0003;Astaroth;ACCEPTED;0.954926;0.18233;Astaroth;0.9999868922945296;HIGH;HW_HERO_0003;Astaroth;Astaroth;EXACT_ALIAS;1.0;astaroth;CONFIRMED;HW_HERO_0003;Astaroth;0
30870;R;1;30870_6348B6DC-BE02-4EE8-A71C-43873F087A6A__R1.png;30870_6348B6DC-BE02-4EE8-A71C-43873F087A6A__R1.png;HW_HERO_0052;Yasmine;ACCEPTED;0.967725;0.083275;Yasmine;0.9999963053339395;HIGH;HW_HERO_0052;Yasmine;Yasmine;EXACT_ALIAS;1.0;yasmine;CONFIRMED;HW_HERO_0052;Yasmine;0
30870;R;2;30870_6348B6DC-BE02-4EE8-A71C-43873F087A6A__R2.png;30870_6348B6DC-BE02-4EE8-A71C-43873F087A6A__R2.png;HW_HERO_0004;Byrna;ACCEPTED;0.95856;0.094406;Byrna;0.9999767026174136;HIGH;HW_HERO_0004;Byrna;Byrna;EXACT_ALIAS;1.0;byrna;CONFIRMED;HW_HERO_0004;Byrna;0
30870;R;3;30870_6348B6DC-BE02-4EE8-A71C-43873F087A6A__R3.png;30870_6348B6DC-BE02-4EE8-A71C-43873F087A6A__R3.png;HW_HERO_0048;Somna;ACCEPTED;0.904935;0.091844;Somna;0.999927175474516;HIGH;HW_HERO_0048;Somna;Somna;EXACT_ALIAS;1.0;somna;CONFIRMED;HW_HERO_0048;Somna;0
30870;R;4;30870_6348B6DC-BE02-4EE8-A71C-43873F087A6A__R4.png;30870_6348B6DC-BE02-4EE8-A71C-43873F087A6A__R4.png;HW_HERO_0037;Octavia;ACCEPTED;0.956062;0.096998;Octavia;0.9998927177194112;HIGH;HW_HERO_0037;Octavia;Octavia;EXACT_ALIAS;1.0;octavia;CONFIRMED;HW_HERO_0037;Octavia;0
30870;R;5;30870_6348B6DC-BE02-4EE8-A71C-43873F087A6A__R5.png;30870_6348B6DC-BE02-4EE8-A71C-43873F087A6A__R5.png;HW_HERO_0017;Guus;ACCEPTED;0.967234;0.181805;Guus;0.9999663829803467;HIGH;HW_HERO_0017;Guus;Guus;EXACT_ALIAS;1.0;guus;CONFIRMED;HW_HERO_0017;Guus;0
31071;L;1;31071_Screenshot_2026-04-20-21-53-46-223_com.nexters.herowars__L1.png;31071_Screenshot_2026-04-20-21-53-46-223_com.nexters.herowars__L1.png;HW_HERO_0004;Byrna;ACCEPTED;0.974347;0.125628;Byrna;0.9999658269294663;HIGH;HW_HERO_0004;Byrna;Byrna;EXACT_ALIAS;1.0;byrna;CONFIRMED;HW_HERO_0004;Byrna;0
31071;L;2;31071_Screenshot_2026-04-20-21-53-46-223_com.nexters.herowars__L2.png;31071_Screenshot_2026-04-20-21-53-46-223_com.nexters.herowars__L2.png;HW_HERO_0014;Folio;ACCEPTED;0.97235;0.130782;Folio;0.9999840063804045;HIGH;HW_HERO_0014;Folio;Folio;EXACT_ALIAS;1.0;folio;CONFIRMED;HW_HERO_0014;Folio;0
31071;L;3;31071_Screenshot_2026-04-20-21-53-46-223_com.nexters.herowars__L3.png;31071_Screenshot_2026-04-20-21-53-46-223_com.nexters.herowars__L3.png;HW_HERO_0042;Polaris;ACCEPTED;0.978413;0.098809;Polaris;0.8198019352770086;MEDIUM;HW_HERO_0042;Polaris;Polaris;EXACT_ALIAS;1.0;polaris;CONFIRMED;HW_HERO_0042;Polaris;0
31071;L;4;31071_Screenshot_2026-04-20-21-53-46-223_com.nexters.herowars__L4.png;31071_Screenshot_2026-04-20-21-53-46-223_com.nexters.herowars__L4.png;HW_HERO_0012;Electra von Grave;ACCEPTED;0.979057;0.085655;Electra von Grave;0.9963895868345951;HIGH;HW_HERO_0012;Electra von Grave;Electra von Grave;EXACT_ALIAS;1.0;electra von grave;CONFIRMED;HW_HERO_0012;Electra von Grave;0
31071;L;5;31071_Screenshot_2026-04-20-21-53-46-223_com.nexters.herowars__L5.png;31071_Screenshot_2026-04-20-21-53-46-223_com.nexters.herowars__L5.png;HW_HERO_0003;Astaroth;ACCEPTED;0.908556;0.122774;Astaroth;0.9999651864521184;HIGH;HW_HERO_0003;Astaroth;Astaroth;EXACT_ALIAS;1.0;astaroth;CONFIRMED;HW_HERO_0003;Astaroth;0
31071;R;1;31071_Screenshot_2026-04-20-21-53-46-223_com.nexters.herowars__R1.png;31071_Screenshot_2026-04-20-21-53-46-223_com.nexters.herowars__R1.png;HW_HERO_0042;Polaris;REVIEW;0.879017;0.000564;Drayne;0.999888551200154;HIGH;;;Dante;NO_MATCH;0.7272727272727273;drayne;UNRESOLVED_OCR_TEXT;;;1
31071;R;2;31071_Screenshot_2026-04-20-21-53-46-223_com.nexters.herowars__R2.png;31071_Screenshot_2026-04-20-21-53-46-223_com.nexters.herowars__R2.png;HW_HERO_0004;Byrna;ACCEPTED;0.977965;0.116475;Byrna;0.9999916833215783;HIGH;HW_HERO_0004;Byrna;Byrna;EXACT_ALIAS;1.0;byrna;CONFIRMED;HW_HERO_0004;Byrna;0
31071;R;3;31071_Screenshot_2026-04-20-21-53-46-223_com.nexters.herowars__R3.png;31071_Screenshot_2026-04-20-21-53-46-223_com.nexters.herowars__R3.png;HW_HERO_0010;Dante;ACCEPTED;0.969167;0.091646;Dante;0.9999644941236104;HIGH;HW_HERO_0010;Dante;Dante;EXACT_ALIAS;1.0;dante;CONFIRMED;HW_HERO_0010;Dante;0
31071;R;4;31071_Screenshot_2026-04-20-21-53-46-223_com.nexters.herowars__R4.png;31071_Screenshot_2026-04-20-21-53-46-223_com.nexters.herowars__R4.png;HW_HERO_0037;Octavia;ACCEPTED;0.971104;0.104612;Octavia;0.9999186712704454;HIGH;HW_HERO_0037;Octavia;Octavia;EXACT_ALIAS;1.0;octavia;CONFIRMED;HW_HERO_0037;Octavia;0
31071;R;5;31071_Screenshot_2026-04-20-21-53-46-223_com.nexters.herowars__R5.png;31071_Screenshot_2026-04-20-21-53-46-223_com.nexters.herowars__R5.png;HW_HERO_0011;Dorian;ACCEPTED;0.936318;0.097193;Dorian;0.9999694856934728;HIGH;HW_HERO_0011;Dorian;Dorian;EXACT_ALIAS;1.0;dorian;CONFIRMED;HW_HERO_0011;Dorian;0
31160;L;1;31160_8228970C-9E2C-4853-87EC-FB1A1F31C4E5__L1.png;31160_8228970C-9E2C-4853-87EC-FB1A1F31C4E5__L1.png;HW_HERO_0045;Satori;ACCEPTED;0.96864;0.060892;Satori;0.8866670478038321;HIGH;HW_HERO_0045;Satori;Satori;EXACT_ALIAS;1.0;satori;CONFIRMED;HW_HERO_0045;Satori;0
31160;L;2;31160_8228970C-9E2C-4853-87EC-FB1A1F31C4E5__L2.png;31160_8228970C-9E2C-4853-87EC-FB1A1F31C4E5__L2.png;HW_HERO_0051;Xe'Sha;ACCEPTED;0.971598;0.085104;Xe'Sha;0.9840475632729618;HIGH;HW_HERO_0051;Xe'Sha;Xe'Sha;EXACT_ALIAS;1.0;xe sha;CONFIRMED;HW_HERO_0051;Xe'Sha;0
31160;L;3;31160_8228970C-9E2C-4853-87EC-FB1A1F31C4E5__L3.png;31160_8228970C-9E2C-4853-87EC-FB1A1F31C4E5__L3.png;HW_HERO_0012;Electra von Grave;ACCEPTED;0.94734;0.082688;Electra von Grave;0.8957504336508337;HIGH;HW_HERO_0012;Electra von Grave;Electra von Grave;EXACT_ALIAS;1.0;electra von grave;CONFIRMED;HW_HERO_0012;Electra von Grave;0
31160;L;4;31160_8228970C-9E2C-4853-87EC-FB1A1F31C4E5__L4.png;31160_8228970C-9E2C-4853-87EC-FB1A1F31C4E5__L4.png;HW_HERO_0003;Astaroth;ACCEPTED;0.971276;0.209927;Astaroth;0.9869314119923723;HIGH;HW_HERO_0003;Astaroth;Astaroth;EXACT_ALIAS;1.0;astaroth;CONFIRMED;HW_HERO_0003;Astaroth;0
31160;L;5;31160_8228970C-9E2C-4853-87EC-FB1A1F31C4E5__L5.png;31160_8228970C-9E2C-4853-87EC-FB1A1F31C4E5__L5.png;HW_HERO_0001;Aidan;ACCEPTED;0.971739;0.10527;Aidan;0.9999726508921631;HIGH;HW_HERO_0001;Aidan;Aidan;EXACT_ALIAS;1.0;aidan;CONFIRMED;HW_HERO_0001;Aidan;0
31160;R;1;31160_8228970C-9E2C-4853-87EC-FB1A1F31C4E5__R1.png;31160_8228970C-9E2C-4853-87EC-FB1A1F31C4E5__R1.png;HW_HERO_0045;Satori;ACCEPTED;0.985343;0.073938;Satori;0.8635122094199433;HIGH;HW_HERO_0045;Satori;Satori;EXACT_ALIAS;1.0;satori;CONFIRMED;HW_HERO_0045;Satori;0
31160;R;2;31160_8228970C-9E2C-4853-87EC-FB1A1F31C4E5__R2.png;31160_8228970C-9E2C-4853-87EC-FB1A1F31C4E5__R2.png;HW_HERO_0004;Byrna;ACCEPTED;0.962628;0.106023;Byrna;0.9999769158660573;HIGH;HW_HERO_0004;Byrna;Byrna;EXACT_ALIAS;1.0;byrna;CONFIRMED;HW_HERO_0004;Byrna;0
31160;R;3;31160_8228970C-9E2C-4853-87EC-FB1A1F31C4E5__R3.png;31160_8228970C-9E2C-4853-87EC-FB1A1F31C4E5__R3.png;HW_HERO_0048;Somna;ACCEPTED;0.927407;0.10707;Somna;0.9999177924740236;HIGH;HW_HERO_0048;Somna;Somna;EXACT_ALIAS;1.0;somna;CONFIRMED;HW_HERO_0048;Somna;0
31160;R;4;31160_8228970C-9E2C-4853-87EC-FB1A1F31C4E5__R4.png;31160_8228970C-9E2C-4853-87EC-FB1A1F31C4E5__R4.png;HW_HERO_0017;Guus;ACCEPTED;0.961752;0.159158;Guus;0.9999464750289917;HIGH;HW_HERO_0017;Guus;Guus;EXACT_ALIAS;1.0;guus;CONFIRMED;HW_HERO_0017;Guus;0
31160;R;5;31160_8228970C-9E2C-4853-87EC-FB1A1F31C4E5__R5.png;31160_8228970C-9E2C-4853-87EC-FB1A1F31C4E5__R5.png;HW_HERO_0001;Aidan;ACCEPTED;0.964077;0.087949;Aidan;0.9999823003925323;HIGH;HW_HERO_0001;Aidan;Aidan;EXACT_ALIAS;1.0;aidan;CONFIRMED;HW_HERO_0001;Aidan;0
31279;L;1;31279_Screenshot_20260426_104904_Hero_Wars__L1.png;31279_Screenshot_20260426_104904_Hero_Wars__L1.png;HW_HERO_0014;Folio;ACCEPTED;0.973058;0.122767;Folio;0.9635677906085067;HIGH;HW_HERO_0014;Folio;Folio;EXACT_ALIAS;1.0;folio;CONFIRMED;HW_HERO_0014;Folio;0
31279;L;2;31279_Screenshot_20260426_104904_Hero_Wars__L2.png;31279_Screenshot_20260426_104904_Hero_Wars__L2.png;HW_HERO_0004;Byrna;ACCEPTED;0.979341;0.120631;Byrna;0.9999889110936235;HIGH;HW_HERO_0004;Byrna;Byrna;EXACT_ALIAS;1.0;byrna;CONFIRMED;HW_HERO_0004;Byrna;0
31279;L;3;31279_Screenshot_20260426_104904_Hero_Wars__L3.png;31279_Screenshot_20260426_104904_Hero_Wars__L3.png;HW_HERO_0042;Polaris;ACCEPTED;0.984163;0.108703;Polaris;0.9999864829076125;HIGH;HW_HERO_0042;Polaris;Polaris;EXACT_ALIAS;1.0;polaris;CONFIRMED;HW_HERO_0042;Polaris;0
31279;L;4;31279_Screenshot_20260426_104904_Hero_Wars__L4.png;31279_Screenshot_20260426_104904_Hero_Wars__L4.png;HW_HERO_0003;Astaroth;ACCEPTED;0.914789;0.111755;Astaroth;0.8460857173150442;MEDIUM;HW_HERO_0003;Astaroth;Astaroth;EXACT_ALIAS;1.0;astaroth;CONFIRMED;HW_HERO_0003;Astaroth;0
31279;L;5;31279_Screenshot_20260426_104904_Hero_Wars__L5.png;31279_Screenshot_20260426_104904_Hero_Wars__L5.png;HW_HERO_0012;Electra von Grave;ACCEPTED;0.974531;0.11366;Electra von Grave;0.8366666851129458;MEDIUM;HW_HERO_0012;Electra von Grave;Electra von Grave;EXACT_ALIAS;1.0;electra von grave;CONFIRMED;HW_HERO_0012;Electra von Grave;0
31279;R;1;31279_Screenshot_20260426_104904_Hero_Wars__R1.png;31279_Screenshot_20260426_104904_Hero_Wars__R1.png;HW_HERO_0052;Yasmine;ACCEPTED;0.962921;0.069866;Yasmine;0.9999947283409861;HIGH;HW_HERO_0052;Yasmine;Yasmine;EXACT_ALIAS;1.0;yasmine;CONFIRMED;HW_HERO_0052;Yasmine;0
31279;R;2;31279_Screenshot_20260426_104904_Hero_Wars__R2.png;31279_Screenshot_20260426_104904_Hero_Wars__R2.png;HW_HERO_0004;Byrna;ACCEPTED;0.976809;0.121351;Byrna;0.9603188499567981;HIGH;HW_HERO_0004;Byrna;Byrna;EXACT_ALIAS;1.0;byrna;CONFIRMED;HW_HERO_0004;Byrna;0
31279;R;3;31279_Screenshot_20260426_104904_Hero_Wars__R3.png;31279_Screenshot_20260426_104904_Hero_Wars__R3.png;HW_HERO_0037;Octavia;ACCEPTED;0.982323;0.120223;Octavia;0.9998470731862141;HIGH;HW_HERO_0037;Octavia;Octavia;EXACT_ALIAS;1.0;octavia;CONFIRMED;HW_HERO_0037;Octavia;0
31279;R;4;31279_Screenshot_20260426_104904_Hero_Wars__R4.png;31279_Screenshot_20260426_104904_Hero_Wars__R4.png;HW_HERO_0017;Guus;ACCEPTED;0.970185;0.14756;Guus;0.9999370574951172;HIGH;HW_HERO_0017;Guus;Guus;EXACT_ALIAS;1.0;guus;CONFIRMED;HW_HERO_0017;Guus;0
31279;R;5;31279_Screenshot_20260426_104904_Hero_Wars__R5.png;31279_Screenshot_20260426_104904_Hero_Wars__R5.png;HW_HERO_0001;Aidan;ACCEPTED;0.968697;0.102226;Aidan;0.9999724909556003;HIGH;HW_HERO_0001;Aidan;Aidan;EXACT_ALIAS;1.0;aidan;CONFIRMED;HW_HERO_0001;Aidan;0
31318;L;1;31318_Screenshot_2026-04-26-12-52-45-89_b7069e849b44f49c61683e78ed778d97__L1.png;31318_Screenshot_2026-04-26-12-52-45-89_b7069e849b44f49c61683e78ed778d97__L1.png;HW_HERO_0018;Iris;ACCEPTED;0.973286;0.082171;Iris;0.4799829679862146;LOW;HW_HERO_0018;Iris;Iris;EXACT_ALIAS;1.0;iris;CONFIRMED;HW_HERO_0018;Iris;0
31318;L;2;31318_Screenshot_2026-04-26-12-52-45-89_b7069e849b44f49c61683e78ed778d97__L2.png;31318_Screenshot_2026-04-26-12-52-45-89_b7069e849b44f49c61683e78ed778d97__L2.png;HW_HERO_0047;Soleil;ACCEPTED;0.950079;0.082793;Soleil;0.9999198447476735;HIGH;HW_HERO_0047;Soleil;Soleil;EXACT_ALIAS;1.0;soleil;CONFIRMED;HW_HERO_0047;Soleil;0
31318;L;3;31318_Screenshot_2026-04-26-12-52-45-89_b7069e849b44f49c61683e78ed778d97__L3.png;31318_Screenshot_2026-04-26-12-52-45-89_b7069e849b44f49c61683e78ed778d97__L3.png;HW_HERO_0002;Andvari;REVIEW;0.89552;0.086885;Andvari;0.9999293500121401;HIGH;HW_HERO_0002;Andvari;Andvari;EXACT_ALIAS;1.0;andvari;RESCUED_BY_OCR;HW_HERO_0002;Andvari;0
31318;L;4;31318_Screenshot_2026-04-26-12-52-45-89_b7069e849b44f49c61683e78ed778d97__L4.png;31318_Screenshot_2026-04-26-12-52-45-89_b7069e849b44f49c61683e78ed778d97__L4.png;HW_HERO_0049;Tempus;ACCEPTED;0.970608;0.100974;Tempus;0.9999144912792565;HIGH;HW_HERO_0049;Tempus;Tempus;EXACT_ALIAS;1.0;tempus;CONFIRMED;HW_HERO_0049;Tempus;0
31318;L;5;31318_Screenshot_2026-04-26-12-52-45-89_b7069e849b44f49c61683e78ed778d97__L5.png;31318_Screenshot_2026-04-26-12-52-45-89_b7069e849b44f49c61683e78ed778d97__L5.png;HW_HERO_0018;Iris;REVIEW;0.891962;0.011047;Amira;0.9999660934906123;HIGH;;;Aidan;NO_MATCH;0.6;amira;UNRESOLVED_OCR_TEXT;;;1
31318;R;1;31318_Screenshot_2026-04-26-12-52-45-89_b7069e849b44f49c61683e78ed778d97__R1.png;31318_Screenshot_2026-04-26-12-52-45-89_b7069e849b44f49c61683e78ed778d97__R1.png;HW_HERO_0010;Dante;REVIEW;0.836232;0.003936;Sanface;0.9999800847966451;HIGH;;;Dante;NO_MATCH;0.5;sanface;UNRESOLVED_OCR_TEXT;;;1
31318;R;2;31318_Screenshot_2026-04-26-12-52-45-89_b7069e849b44f49c61683e78ed778d97__R2.png;31318_Screenshot_2026-04-26-12-52-45-89_b7069e849b44f49c61683e78ed778d97__R2.png;HW_HERO_0049;Tempus;REVIEW;0.823042;0.023935;Phobos;0.9999757637736367;HIGH;HW_HERO_0041;Phobos;Phobos;EXACT_ALIAS;1.0;phobos;CONFLICT;;;1
31318;R;3;31318_Screenshot_2026-04-26-12-52-45-89_b7069e849b44f49c61683e78ed778d97__R3.png;31318_Screenshot_2026-04-26-12-52-45-89_b7069e849b44f49c61683e78ed778d97__R3.png;HW_HERO_0037;Octavia;REVIEW;0.828023;0.004018;Coupe-chou;0.9999578916148437;HIGH;;;Peech;NO_MATCH;0.5333333333333333;coupe chou;UNRESOLVED_OCR_TEXT;;;1
31318;R;4;31318_Screenshot_2026-04-26-12-52-45-89_b7069e849b44f49c61683e78ed778d97__R4.png;31318_Screenshot_2026-04-26-12-52-45-89_b7069e849b44f49c61683e78ed778d97__R4.png;HW_HERO_0022;Jorgen;REVIEW;0.890618;0.036312;Jorgen;0.999995473967752;HIGH;HW_HERO_0022;Jorgen;Jorgen;EXACT_ALIAS;1.0;jorgen;RESCUED_BY_OCR;HW_HERO_0022;Jorgen;0
31318;R;5;31318_Screenshot_2026-04-26-12-52-45-89_b7069e849b44f49c61683e78ed778d97__R5.png;31318_Screenshot_2026-04-26-12-52-45-89_b7069e849b44f49c61683e78ed778d97__R5.png;HW_HERO_0040;Peech;ACCEPTED;0.949884;0.069677;Peech;0.8635863541917613;HIGH;HW_HERO_0040;Peech;Peech;EXACT_ALIAS;1.0;peech;CONFIRMED;HW_HERO_0040;Peech;0
31348;L;1;31348_IMG_4450__L1.png;31348_IMG_4450__L1.png;HW_HERO_0014;Folio;ACCEPTED;0.962163;0.124979;Folio;0.999980114595069;HIGH;HW_HERO_0014;Folio;Folio;EXACT_ALIAS;1.0;folio;CONFIRMED;HW_HERO_0014;Folio;0
31348;L;2;31348_IMG_4450__L2.png;31348_IMG_4450__L2.png;HW_HERO_0052;Yasmine;ACCEPTED;0.967181;0.08255;Yasmine;0.9998116383855656;HIGH;HW_HERO_0052;Yasmine;Yasmine;EXACT_ALIAS;1.0;yasmine;CONFIRMED;HW_HERO_0052;Yasmine;0
31348;L;3;31348_IMG_4450__L3.png;31348_IMG_4450__L3.png;HW_HERO_0024;Julius;ACCEPTED;0.958088;0.108996;Julius;0.9999979073189952;HIGH;HW_HERO_0024;Julius;Julius;EXACT_ALIAS;1.0;julius;CONFIRMED;HW_HERO_0024;Julius;0
31348;L;4;31348_IMG_4450__L4.png;31348_IMG_4450__L4.png;HW_HERO_0039;Oya;ACCEPTED;0.950016;0.083643;Oya;0.9998047445668341;HIGH;HW_HERO_0039;Oya;Oya;EXACT_ALIAS;1.0;oya;CONFIRMED;HW_HERO_0039;Oya;0
31348;L;5;31348_IMG_4450__L5.png;31348_IMG_4450__L5.png;HW_HERO_0029;Leonel;ACCEPTED;0.934822;0.128298;Leonel;0.9975190434769988;HIGH;HW_HERO_0029;Leonel;Leonel;EXACT_ALIAS;1.0;leonel;CONFIRMED;HW_HERO_0029;Leonel;0
31348;R;1;31348_IMG_4450__R1.png;31348_IMG_4450__R1.png;HW_HERO_0045;Satori;ACCEPTED;0.98111;0.071632;Satori;0.9999687556835765;HIGH;HW_HERO_0045;Satori;Satori;EXACT_ALIAS;1.0;satori;CONFIRMED;HW_HERO_0045;Satori;0
31348;R;2;31348_IMG_4450__R2.png;31348_IMG_4450__R2.png;HW_HERO_0048;Somna;ACCEPTED;0.96294;0.121167;Somna;0.9998939617385565;HIGH;HW_HERO_0048;Somna;Somna;EXACT_ALIAS;1.0;somna;CONFIRMED;HW_HERO_0048;Somna;0
31348;R;3;31348_IMG_4450__R3.png;31348_IMG_4450__R3.png;HW_HERO_0024;Julius;ACCEPTED;0.967614;0.131922;Julius;0.9999981019870372;HIGH;HW_HERO_0024;Julius;Julius;EXACT_ALIAS;1.0;julius;CONFIRMED;HW_HERO_0024;Julius;0
31348;R;4;31348_IMG_4450__R4.png;31348_IMG_4450__R4.png;HW_HERO_0044;Rufus;ACCEPTED;0.974433;0.087697;Rufus;0.9999939757401635;HIGH;HW_HERO_0044;Rufus;Rufus;EXACT_ALIAS;1.0;rufus;CONFIRMED;HW_HERO_0044;Rufus;0
31348;R;5;31348_IMG_4450__R5.png;31348_IMG_4450__R5.png;HW_HERO_0014;Folio;ACCEPTED;0.967455;0.1336;Folio;0.9999899773352521;HIGH;HW_HERO_0014;Folio;Folio;EXACT_ALIAS;1.0;folio;CONFIRMED;HW_HERO_0014;Folio;0
31365;L;1;31365_IMG_4415__L1.png;31365_IMG_4415__L1.png;HW_HERO_0018;Iris;ACCEPTED;0.968171;0.079828;Iris;0.9988131523132324;HIGH;HW_HERO_0018;Iris;Iris;EXACT_ALIAS;1.0;iris;CONFIRMED;HW_HERO_0018;Iris;0
31365;L;2;31365_IMG_4415__L2.png;31365_IMG_4415__L2.png;HW_HERO_0038;Orion;ACCEPTED;0.972311;0.140064;Orion;0.999921151162894;HIGH;HW_HERO_0038;Orion;Orion;EXACT_ALIAS;1.0;orion;CONFIRMED;HW_HERO_0038;Orion;0
31365;L;3;31365_IMG_4415__L3.png;31365_IMG_4415__L3.png;HW_HERO_0012;Electra von Grave;ACCEPTED;0.970816;0.08979;Electra von Grave;0.9061425264180694;HIGH;HW_HERO_0012;Electra von Grave;Electra von Grave;EXACT_ALIAS;1.0;electra von grave;CONFIRMED;HW_HERO_0012;Electra von Grave;0
31365;L;4;31365_IMG_4415__L4.png;31365_IMG_4415__L4.png;HW_HERO_0047;Soleil;ACCEPTED;0.956405;0.111094;Soleil;0.999837059938391;HIGH;HW_HERO_0047;Soleil;Soleil;EXACT_ALIAS;1.0;soleil;CONFIRMED;HW_HERO_0047;Soleil;0
31365;L;5;31365_IMG_4415__L5.png;31365_IMG_4415__L5.png;HW_HERO_0036;Nébula;ACCEPTED;0.96419;0.093671;Nebula;0.9997366551307082;HIGH;HW_HERO_0036;Nébula;Nébula;EXACT_ALIAS;1.0;nebula;CONFIRMED;HW_HERO_0036;Nébula;0
31365;R;1;31365_IMG_4415__R1.png;31365_IMG_4415__R1.png;HW_HERO_0048;Somna;ACCEPTED;0.951263;0.115108;Somna;0.999404276173078;HIGH;HW_HERO_0048;Somna;Somna;EXACT_ALIAS;1.0;somna;CONFIRMED;HW_HERO_0048;Somna;0
31365;R;2;31365_IMG_4415__R2.png;31365_IMG_4415__R2.png;HW_HERO_0012;Electra von Grave;ACCEPTED;0.968279;0.081905;Electra von Grave;0.9998786650179885;HIGH;HW_HERO_0012;Electra von Grave;Electra von Grave;EXACT_ALIAS;1.0;electra von grave;CONFIRMED;HW_HERO_0012;Electra von Grave;0
31365;R;3;31365_IMG_4415__R3.png;31365_IMG_4415__R3.png;HW_HERO_0044;Rufus;ACCEPTED;0.971628;0.092511;Rufus;0.9999965880303531;HIGH;HW_HERO_0044;Rufus;Rufus;EXACT_ALIAS;1.0;rufus;CONFIRMED;HW_HERO_0044;Rufus;0
31365;R;4;31365_IMG_4415__R4.png;31365_IMG_4415__R4.png;HW_HERO_0014;Folio;ACCEPTED;0.961282;0.132082;Folio;0.9999916833215783;HIGH;HW_HERO_0014;Folio;Folio;EXACT_ALIAS;1.0;folio;CONFIRMED;HW_HERO_0014;Folio;0
31365;R;5;31365_IMG_4415__R5.png;31365_IMG_4415__R5.png;HW_HERO_0042;Polaris;ACCEPTED;0.959979;0.095818;Polaris;0.8297399123642296;MEDIUM;HW_HERO_0042;Polaris;Polaris;EXACT_ALIAS;1.0;polaris;CONFIRMED;HW_HERO_0042;Polaris;0
31523;L;1;31523_Screenshot_20260413_183359_Hero_Wars__L1.png;31523_Screenshot_20260413_183359_Hero_Wars__L1.png;HW_HERO_0007;Champi et Gnon;ACCEPTED;0.960831;0.069984;Champi et Gnon;0.999288753058691;HIGH;HW_HERO_0007;Champi et Gnon;Champi et Gnon;EXACT_ALIAS;1.0;champi et gnon;CONFIRMED;HW_HERO_0007;Champi et Gnon;0
31523;L;2;31523_Screenshot_20260413_183359_Hero_Wars__L2.png;31523_Screenshot_20260413_183359_Hero_Wars__L2.png;HW_HERO_0051;Xe'Sha;ACCEPTED;0.981306;0.088996;Xe'Sha;0.9977441264276653;HIGH;HW_HERO_0051;Xe'Sha;Xe'Sha;EXACT_ALIAS;1.0;xe sha;CONFIRMED;HW_HERO_0051;Xe'Sha;0
31523;L;3;31523_Screenshot_20260413_183359_Hero_Wars__L3.png;31523_Screenshot_20260413_183359_Hero_Wars__L3.png;HW_HERO_0004;Byrna;ACCEPTED;0.977899;0.118349;Byrna;0.9999260559125032;HIGH;HW_HERO_0004;Byrna;Byrna;EXACT_ALIAS;1.0;byrna;CONFIRMED;HW_HERO_0004;Byrna;0
31523;L;4;31523_Screenshot_20260413_183359_Hero_Wars__L4.png;31523_Screenshot_20260413_183359_Hero_Wars__L4.png;HW_HERO_0048;Somna;ACCEPTED;0.970641;0.130365;Somna;0.5994025090811261;LOW;HW_HERO_0048;Somna;Somna;EXACT_ALIAS;1.0;somna;CONFIRMED;HW_HERO_0048;Somna;0
31523;L;5;31523_Screenshot_20260413_183359_Hero_Wars__L5.png;31523_Screenshot_20260413_183359_Hero_Wars__L5.png;HW_HERO_0049;Tempus;ACCEPTED;0.968748;0.107864;Tempus;0.9999815551730648;HIGH;HW_HERO_0049;Tempus;Tempus;EXACT_ALIAS;1.0;tempus;CONFIRMED;HW_HERO_0049;Tempus;0
31523;R;1;31523_Screenshot_20260413_183359_Hero_Wars__R1.png;31523_Screenshot_20260413_183359_Hero_Wars__R1.png;HW_HERO_0026;Kayla;ACCEPTED;0.976328;0.099844;Kayla;0.9999538849815206;HIGH;HW_HERO_0026;Kayla;Kayla;EXACT_ALIAS;1.0;kayla;CONFIRMED;HW_HERO_0026;Kayla;0
31523;R;2;31523_Screenshot_20260413_183359_Hero_Wars__R2.png;31523_Screenshot_20260413_183359_Hero_Wars__R2.png;HW_HERO_0049;Tempus;ACCEPTED;0.967698;0.11616;Tempus;0.9999444706194248;HIGH;HW_HERO_0049;Tempus;Tempus;EXACT_ALIAS;1.0;tempus;CONFIRMED;HW_HERO_0049;Tempus;0
31523;R;3;31523_Screenshot_20260413_183359_Hero_Wars__R3.png;31523_Screenshot_20260413_183359_Hero_Wars__R3.png;HW_HERO_0017;Guus;ACCEPTED;0.976548;0.143945;Guus;0.9998658895492554;HIGH;HW_HERO_0017;Guus;Guus;EXACT_ALIAS;1.0;guus;CONFIRMED;HW_HERO_0017;Guus;0
31523;R;4;31523_Screenshot_20260413_183359_Hero_Wars__R4.png;31523_Screenshot_20260413_183359_Hero_Wars__R4.png;HW_HERO_0003;Astaroth;ACCEPTED;0.917555;0.129117;Astaroth;0.9975395559169663;HIGH;HW_HERO_0003;Astaroth;Astaroth;EXACT_ALIAS;1.0;astaroth;CONFIRMED;HW_HERO_0003;Astaroth;0
31523;R;5;31523_Screenshot_20260413_183359_Hero_Wars__R5.png;31523_Screenshot_20260413_183359_Hero_Wars__R5.png;HW_HERO_0001;Aidan;ACCEPTED;0.974672;0.113126;Aidan;0.9999791549764921;HIGH;HW_HERO_0001;Aidan;Aidan;EXACT_ALIAS;1.0;aidan;CONFIRMED;HW_HERO_0001;Aidan;0
31663;L;1;31663_Screenshot_20260421-063807__L1.png;31663_Screenshot_20260421-063807__L1.png;HW_HERO_0012;Electra von Grave;ACCEPTED;0.956475;0.078149;Electra von Grave;0.8931510909779983;HIGH;HW_HERO_0012;Electra von Grave;Electra von Grave;EXACT_ALIAS;1.0;electra von grave;CONFIRMED;HW_HERO_0012;Electra von Grave;0
31663;L;2;31663_Screenshot_20260421-063807__L2.png;31663_Screenshot_20260421-063807__L2.png;HW_HERO_0051;Xe'Sha;ACCEPTED;0.970651;0.077009;Xe'Sha;0.7092625321496842;MEDIUM;HW_HERO_0051;Xe'Sha;Xe'Sha;EXACT_ALIAS;1.0;xe sha;CONFIRMED;HW_HERO_0051;Xe'Sha;0
31663;L;3;31663_Screenshot_20260421-063807__L3.png;31663_Screenshot_20260421-063807__L3.png;HW_HERO_0048;Somna;ACCEPTED;0.919451;0.100012;Somna;0.9998840455738456;HIGH;HW_HERO_0048;Somna;Somna;EXACT_ALIAS;1.0;somna;CONFIRMED;HW_HERO_0048;Somna;0
31663;L;4;31663_Screenshot_20260421-063807__L4.png;31663_Screenshot_20260421-063807__L4.png;HW_HERO_0037;Octavia;ACCEPTED;0.960145;0.093223;Octavia;0.999881588265441;HIGH;HW_HERO_0037;Octavia;Octavia;EXACT_ALIAS;1.0;octavia;CONFIRMED;HW_HERO_0037;Octavia;0
31663;L;5;31663_Screenshot_20260421-063807__L5.png;31663_Screenshot_20260421-063807__L5.png;HW_HERO_0049;Tempus;ACCEPTED;0.961668;0.125653;Tempus;0.9999702643705635;HIGH;HW_HERO_0049;Tempus;Tempus;EXACT_ALIAS;1.0;tempus;CONFIRMED;HW_HERO_0049;Tempus;0
31663;R;1;31663_Screenshot_20260421-063807__R1.png;31663_Screenshot_20260421-063807__R1.png;HW_HERO_0052;Yasmine;ACCEPTED;0.968598;0.086271;Yasmine;0.9999964405047267;HIGH;HW_HERO_0052;Yasmine;Yasmine;EXACT_ALIAS;1.0;yasmine;CONFIRMED;HW_HERO_0052;Yasmine;0
31663;R;2;31663_Screenshot_20260421-063807__R2.png;31663_Screenshot_20260421-063807__R2.png;HW_HERO_0012;Electra von Grave;ACCEPTED;0.95119;0.07918;Electra von Grave;0.9723490283532489;HIGH;HW_HERO_0012;Electra von Grave;Electra von Grave;EXACT_ALIAS;1.0;electra von grave;CONFIRMED;HW_HERO_0012;Electra von Grave;0
31663;R;3;31663_Screenshot_20260421-063807__R3.png;31663_Screenshot_20260421-063807__R3.png;HW_HERO_0010;Dante;ACCEPTED;0.975611;0.091322;Dante;0.9999690789748745;HIGH;HW_HERO_0010;Dante;Dante;EXACT_ALIAS;1.0;dante;CONFIRMED;HW_HERO_0010;Dante;0
31663;R;4;31663_Screenshot_20260421-063807__R4.png;31663_Screenshot_20260421-063807__R4.png;HW_HERO_0037;Octavia;ACCEPTED;0.956827;0.093988;Octavia;0.999714236106462;HIGH;HW_HERO_0037;Octavia;Octavia;EXACT_ALIAS;1.0;octavia;CONFIRMED;HW_HERO_0037;Octavia;0
31663;R;5;31663_Screenshot_20260421-063807__R5.png;31663_Screenshot_20260421-063807__R5.png;HW_HERO_0017;Guus;ACCEPTED;0.953603;0.153654;Guus;0.99985271692276;HIGH;HW_HERO_0017;Guus;Guus;EXACT_ALIAS;1.0;guus;CONFIRMED;HW_HERO_0017;Guus;0
32240;L;1;32240_Screenshot_20260413_000732_Hero_Wars__L1.png;32240_Screenshot_20260413_000732_Hero_Wars__L1.png;HW_HERO_0018;Iris;ACCEPTED;0.977564;0.087028;Iris;0.9995715618133545;HIGH;HW_HERO_0018;Iris;Iris;EXACT_ALIAS;1.0;iris;CONFIRMED;HW_HERO_0018;Iris;0
32240;L;2;32240_Screenshot_20260413_000732_Hero_Wars__L2.png;32240_Screenshot_20260413_000732_Hero_Wars__L2.png;HW_HERO_0005;Cascade;ACCEPTED;0.923963;0.047336;Cascade;0.9999076770844081;HIGH;HW_HERO_0005;Cascade;Cascade;EXACT_ALIAS;1.0;cascade;CONFIRMED;HW_HERO_0005;Cascade;0
32240;L;3;32240_Screenshot_20260413_000732_Hero_Wars__L3.png;32240_Screenshot_20260413_000732_Hero_Wars__L3.png;HW_HERO_0010;Dante;ACCEPTED;0.954055;0.060264;Dante;0.9999727575165366;HIGH;HW_HERO_0010;Dante;Dante;EXACT_ALIAS;1.0;dante;CONFIRMED;HW_HERO_0010;Dante;0
32240;L;4;32240_Screenshot_20260413_000732_Hero_Wars__L4.png;32240_Screenshot_20260413_000732_Hero_Wars__L4.png;HW_HERO_0037;Octavia;ACCEPTED;0.975048;0.095786;Octavia;0.8904500285222644;HIGH;HW_HERO_0037;Octavia;Octavia;EXACT_ALIAS;1.0;octavia;CONFIRMED;HW_HERO_0037;Octavia;0
32240;L;5;32240_Screenshot_20260413_000732_Hero_Wars__L5.png;32240_Screenshot_20260413_000732_Hero_Wars__L5.png;HW_HERO_0036;Nébula;ACCEPTED;0.960174;0.08537;Nebula;0.9999034923148414;HIGH;HW_HERO_0036;Nébula;Nébula;EXACT_ALIAS;1.0;nebula;CONFIRMED;HW_HERO_0036;Nébula;0
32240;R;1;32240_Screenshot_20260413_000732_Hero_Wars__R1.png;32240_Screenshot_20260413_000732_Hero_Wars__R1.png;HW_HERO_0018;Iris;REVIEW;0.879732;0.002677;Lara Croft;0.9935147249487757;HIGH;;;Astaroth;NO_MATCH;0.4444444444444444;lara croft;UNRESOLVED_OCR_TEXT;;;1
32240;R;2;32240_Screenshot_20260413_000732_Hero_Wars__R2.png;32240_Screenshot_20260413_000732_Hero_Wars__R2.png;HW_HERO_0039;Oya;ACCEPTED;0.963374;0.111375;Oya;0.9994165889112477;HIGH;HW_HERO_0039;Oya;Oya;EXACT_ALIAS;1.0;oya;CONFIRMED;HW_HERO_0039;Oya;0
32240;R;3;32240_Screenshot_20260413_000732_Hero_Wars__R3.png;32240_Screenshot_20260413_000732_Hero_Wars__R3.png;HW_HERO_0050;Tristan;ACCEPTED;0.934978;0.071955;Tristan;0.999984725681269;HIGH;HW_HERO_0050;Tristan;Tristan;EXACT_ALIAS;1.0;tristan;CONFIRMED;HW_HERO_0050;Tristan;0
32240;R;4;32240_Screenshot_20260413_000732_Hero_Wars__R4.png;32240_Screenshot_20260413_000732_Hero_Wars__R4.png;HW_HERO_0013;Fafnir;ACCEPTED;0.945276;0.11776;Fafnir;0.9999926026115734;HIGH;HW_HERO_0013;Fafnir;Fafnir;EXACT_ALIAS;1.0;fafnir;CONFIRMED;HW_HERO_0013;Fafnir;0
32240;R;5;32240_Screenshot_20260413_000732_Hero_Wars__R5.png;32240_Screenshot_20260413_000732_Hero_Wars__R5.png;HW_HERO_0024;Julius;ACCEPTED;0.977941;0.15773;Julius;0.9999960093051398;HIGH;HW_HERO_0024;Julius;Julius;EXACT_ALIAS;1.0;julius;CONFIRMED;HW_HERO_0024;Julius;0
32603;L;1;32603_Screenshot_20260430_135907_com_nexters_herowars_MessagingUnityPlayerActivity__L1.png;32603_Screenshot_20260430_135907_com_nexters_herowars_MessagingUnityPlayerActivity__L1.png;HW_HERO_0014;Folio;ACCEPTED;0.97175;0.114135;Folio;0.9999821404561515;HIGH;HW_HERO_0014;Folio;Folio;EXACT_ALIAS;1.0;folio;CONFIRMED;HW_HERO_0014;Folio;0
32603;L;2;32603_Screenshot_20260430_135907_com_nexters_herowars_MessagingUnityPlayerActivity__L2.png;32603_Screenshot_20260430_135907_com_nexters_herowars_MessagingUnityPlayerActivity__L2.png;HW_HERO_0042;Polaris;ACCEPTED;0.983822;0.103817;Polaris;0.7580314774785014;MEDIUM;HW_HERO_0042;Polaris;Polaris;EXACT_ALIAS;1.0;polaris;CONFIRMED;HW_HERO_0042;Polaris;0
32603;L;3;32603_Screenshot_20260430_135907_com_nexters_herowars_MessagingUnityPlayerActivity__L3.png;32603_Screenshot_20260430_135907_com_nexters_herowars_MessagingUnityPlayerActivity__L3.png;HW_HERO_0024;Julius;ACCEPTED;0.973689;0.138664;Julius;0.9999976153169164;HIGH;HW_HERO_0024;Julius;Julius;EXACT_ALIAS;1.0;julius;CONFIRMED;HW_HERO_0024;Julius;0
32603;L;4;32603_Screenshot_20260430_135907_com_nexters_herowars_MessagingUnityPlayerActivity__L4.png;32603_Screenshot_20260430_135907_com_nexters_herowars_MessagingUnityPlayerActivity__L4.png;HW_HERO_0012;Electra von Grave;ACCEPTED;0.974381;0.091811;Electra von Grave;0.735407162548028;MEDIUM;HW_HERO_0012;Electra von Grave;Electra von Grave;EXACT_ALIAS;1.0;electra von grave;CONFIRMED;HW_HERO_0012;Electra von Grave;0
32603;L;5;32603_Screenshot_20260430_135907_com_nexters_herowars_MessagingUnityPlayerActivity__L5.png;32603_Screenshot_20260430_135907_com_nexters_herowars_MessagingUnityPlayerActivity__L5.png;HW_HERO_0004;Byrna;ACCEPTED;0.982104;0.128003;Byrna;0.9999839530682888;HIGH;HW_HERO_0004;Byrna;Byrna;EXACT_ALIAS;1.0;byrna;CONFIRMED;HW_HERO_0004;Byrna;0
32603;R;1;32603_Screenshot_20260430_135907_com_nexters_herowars_MessagingUnityPlayerActivity__R1.png;32603_Screenshot_20260430_135907_com_nexters_herowars_MessagingUnityPlayerActivity__R1.png;HW_HERO_0052;Yasmine;ACCEPTED;0.967771;0.097054;Yasmine;0.9999945931701243;HIGH;HW_HERO_0052;Yasmine;Yasmine;EXACT_ALIAS;1.0;yasmine;CONFIRMED;HW_HERO_0052;Yasmine;0
32603;R;2;32603_Screenshot_20260430_135907_com_nexters_herowars_MessagingUnityPlayerActivity__R2.png;32603_Screenshot_20260430_135907_com_nexters_herowars_MessagingUnityPlayerActivity__R2.png;HW_HERO_0010;Dante;ACCEPTED;0.943301;0.05149;Dante;0.9999619351357796;HIGH;HW_HERO_0010;Dante;Dante;EXACT_ALIAS;1.0;dante;CONFIRMED;HW_HERO_0010;Dante;0
32603;R;3;32603_Screenshot_20260430_135907_com_nexters_herowars_MessagingUnityPlayerActivity__R3.png;32603_Screenshot_20260430_135907_com_nexters_herowars_MessagingUnityPlayerActivity__R3.png;HW_HERO_0037;Octavia;ACCEPTED;0.98463;0.111526;Octavia;0.9996290695802849;HIGH;HW_HERO_0037;Octavia;Octavia;EXACT_ALIAS;1.0;octavia;CONFIRMED;HW_HERO_0037;Octavia;0
32603;R;4;32603_Screenshot_20260430_135907_com_nexters_herowars_MessagingUnityPlayerActivity__R4.png;32603_Screenshot_20260430_135907_com_nexters_herowars_MessagingUnityPlayerActivity__R4.png;HW_HERO_0017;Guus;ACCEPTED;0.972857;0.157611;Guus;0.9999720454216003;HIGH;HW_HERO_0017;Guus;Guus;EXACT_ALIAS;1.0;guus;CONFIRMED;HW_HERO_0017;Guus;0
32603;R;5;32603_Screenshot_20260430_135907_com_nexters_herowars_MessagingUnityPlayerActivity__R5.png;32603_Screenshot_20260430_135907_com_nexters_herowars_MessagingUnityPlayerActivity__R5.png;HW_HERO_0036;Nébula;ACCEPTED;0.968383;0.097365;Nébula;0.9998695705586474;HIGH;HW_HERO_0036;Nébula;Nébula;EXACT_ALIAS;1.0;nebula;CONFIRMED;HW_HERO_0036;Nébula;0
32626;L;1;32626_Screenshot_20260501-151301__L1.png;32626_Screenshot_20260501-151301__L1.png;HW_HERO_0008;Corvus;ACCEPTED;0.966502;0.12097;Corvus;0.9999152699659722;HIGH;HW_HERO_0008;Corvus;Corvus;EXACT_ALIAS;1.0;corvus;CONFIRMED;HW_HERO_0008;Corvus;0
32626;L;2;32626_Screenshot_20260501-151301__L2.png;32626_Screenshot_20260501-151301__L2.png;HW_HERO_0004;Byrna;ACCEPTED;0.971009;0.105383;Byrna;0.999964227562414;HIGH;HW_HERO_0004;Byrna;Byrna;EXACT_ALIAS;1.0;byrna;CONFIRMED;HW_HERO_0004;Byrna;0
32626;L;3;32626_Screenshot_20260501-151301__L3.png;32626_Screenshot_20260501-151301__L3.png;HW_HERO_0014;Folio;ACCEPTED;0.952551;0.119949;Folio;0.9999635345032644;HIGH;HW_HERO_0014;Folio;Folio;EXACT_ALIAS;1.0;folio;CONFIRMED;HW_HERO_0014;Folio;0
32626;L;4;32626_Screenshot_20260501-151301__L4.png;32626_Screenshot_20260501-151301__L4.png;HW_HERO_0012;Electra von Grave;ACCEPTED;0.949154;0.069725;Electra von Grave;0.7016686744625701;MEDIUM;HW_HERO_0012;Electra von Grave;Electra von Grave;EXACT_ALIAS;1.0;electra von grave;CONFIRMED;HW_HERO_0012;Electra von Grave;0
32626;L;5;32626_Screenshot_20260501-151301__L5.png;32626_Screenshot_20260501-151301__L5.png;HW_HERO_0001;Aidan;ACCEPTED;0.967062;0.091949;Aidan;0.9999449285095142;HIGH;HW_HERO_0001;Aidan;Aidan;EXACT_ALIAS;1.0;aidan;CONFIRMED;HW_HERO_0001;Aidan;0
32626;R;1;32626_Screenshot_20260501-151301__R1.png;32626_Screenshot_20260501-151301__R1.png;HW_HERO_0018;Iris;ACCEPTED;0.958331;0.081568;Iris;0.9993433952331543;HIGH;HW_HERO_0018;Iris;Iris;EXACT_ALIAS;1.0;iris;CONFIRMED;HW_HERO_0018;Iris;0
32626;R;2;32626_Screenshot_20260501-151301__R2.png;32626_Screenshot_20260501-151301__R2.png;HW_HERO_0008;Corvus;ACCEPTED;0.971065;0.124818;Corvus;0.9999261715656798;HIGH;HW_HERO_0008;Corvus;Corvus;EXACT_ALIAS;1.0;corvus;CONFIRMED;HW_HERO_0008;Corvus;0
32626;R;3;32626_Screenshot_20260501-151301__R3.png;32626_Screenshot_20260501-151301__R3.png;HW_HERO_0010;Dante;ACCEPTED;0.962253;0.093793;Dante;0.9999729174530942;HIGH;HW_HERO_0010;Dante;Dante;EXACT_ALIAS;1.0;dante;CONFIRMED;HW_HERO_0010;Dante;0
32626;R;4;32626_Screenshot_20260501-151301__R4.png;32626_Screenshot_20260501-151301__R4.png;HW_HERO_0037;Octavia;ACCEPTED;0.954773;0.087458;Octavia;0.9998171988579686;HIGH;HW_HERO_0037;Octavia;Octavia;EXACT_ALIAS;1.0;octavia;CONFIRMED;HW_HERO_0037;Octavia;0
32626;R;5;32626_Screenshot_20260501-151301__R5.png;32626_Screenshot_20260501-151301__R5.png;HW_HERO_0001;Aidan;REVIEW;0.890861;0.002589;Morrigan;0.9999795586919329;HIGH;;;Dorian;NO_MATCH;0.7142857142857143;morrigan;UNRESOLVED_OCR_TEXT;;;1
32722;L;1;32722_Screenshot_20260503_210314_Hero_Wars__L1.png;32722_Screenshot_20260503_210314_Hero_Wars__L1.png;HW_HERO_0018;Iris;ACCEPTED;0.965909;0.079183;Iris;0.9995509386062622;HIGH;HW_HERO_0018;Iris;Iris;EXACT_ALIAS;1.0;iris;CONFIRMED;HW_HERO_0018;Iris;0
32722;L;2;32722_Screenshot_20260503_210314_Hero_Wars__L2.png;32722_Screenshot_20260503_210314_Hero_Wars__L2.png;HW_HERO_0010;Dante;ACCEPTED;0.943179;0.050016;Dante;0.9999791016643458;HIGH;HW_HERO_0010;Dante;Dante;EXACT_ALIAS;1.0;dante;CONFIRMED;HW_HERO_0010;Dante;0
32722;L;3;32722_Screenshot_20260503_210314_Hero_Wars__L3.png;32722_Screenshot_20260503_210314_Hero_Wars__L3.png;HW_HERO_0037;Octavia;ACCEPTED;0.96729;0.092304;Octavia;0.999200173184698;HIGH;HW_HERO_0037;Octavia;Octavia;EXACT_ALIAS;1.0;octavia;CONFIRMED;HW_HERO_0037;Octavia;0
32722;L;4;32722_Screenshot_20260503_210314_Hero_Wars__L4.png;32722_Screenshot_20260503_210314_Hero_Wars__L4.png;HW_HERO_0008;Corvus;ACCEPTED;0.917446;0.075409;Corvus;0.9999234948360828;HIGH;HW_HERO_0008;Corvus;Corvus;EXACT_ALIAS;1.0;corvus;CONFIRMED;HW_HERO_0008;Corvus;0
32722;L;5;32722_Screenshot_20260503_210314_Hero_Wars__L5.png;32722_Screenshot_20260503_210314_Hero_Wars__L5.png;HW_HERO_0042;Polaris;ACCEPTED;0.980587;0.109433;Polaris;0.9999805353682726;HIGH;HW_HERO_0042;Polaris;Polaris;EXACT_ALIAS;1.0;polaris;CONFIRMED;HW_HERO_0042;Polaris;0
32722;R;1;32722_Screenshot_20260503_210314_Hero_Wars__R1.png;32722_Screenshot_20260503_210314_Hero_Wars__R1.png;HW_HERO_0027;Keira;ACCEPTED;0.925602;0.072282;Keira;0.9999891243419601;HIGH;HW_HERO_0027;Keira;Keira;EXACT_ALIAS;1.0;keira;CONFIRMED;HW_HERO_0027;Keira;0
32722;R;2;32722_Screenshot_20260503_210314_Hero_Wars__R2.png;32722_Screenshot_20260503_210314_Hero_Wars__R2.png;HW_HERO_0015;Galaad;ACCEPTED;0.939771;0.063114;Galaad;0.9037566660515938;HIGH;HW_HERO_0015;Galaad;Galaad;EXACT_ALIAS;1.0;galaad;CONFIRMED;HW_HERO_0015;Galaad;0
32722;R;3;32722_Screenshot_20260503_210314_Hero_Wars__R3.png;32722_Screenshot_20260503_210314_Hero_Wars__R3.png;HW_HERO_0039;Oya;ACCEPTED;0.938956;0.078216;Oya;0.9974988184544933;HIGH;HW_HERO_0039;Oya;Oya;EXACT_ALIAS;1.0;oya;CONFIRMED;HW_HERO_0039;Oya;0
32722;R;4;32722_Screenshot_20260503_210314_Hero_Wars__R4.png;32722_Screenshot_20260503_210314_Hero_Wars__R4.png;HW_HERO_0046;Sébastien;ACCEPTED;0.94521;0.102143;Sébastien;0.9997764405634038;HIGH;HW_HERO_0046;Sébastien;Sébastien;EXACT_ALIAS;1.0;sebastien;CONFIRMED;HW_HERO_0046;Sébastien;0
32722;R;5;32722_Screenshot_20260503_210314_Hero_Wars__R5.png;32722_Screenshot_20260503_210314_Hero_Wars__R5.png;HW_HERO_0020;Jet;ACCEPTED;0.911942;0.118297;Jet;0.9999959392956953;HIGH;HW_HERO_0020;Jet;Jet;EXACT_ALIAS;1.0;jet;CONFIRMED;HW_HERO_0020;Jet;0
32881;L;1;32881_Screenshot_2026-05-09-01-12-28-301_com.nexters.herowars__L1.png;32881_Screenshot_2026-05-09-01-12-28-301_com.nexters.herowars__L1.png;HW_HERO_0014;Folio;ACCEPTED;0.971455;0.111119;Folio;0.9999892309661262;HIGH;HW_HERO_0014;Folio;Folio;EXACT_ALIAS;1.0;folio;CONFIRMED;HW_HERO_0014;Folio;0
32881;L;2;32881_Screenshot_2026-05-09-01-12-28-301_com.nexters.herowars__L2.png;32881_Screenshot_2026-05-09-01-12-28-301_com.nexters.herowars__L2.png;HW_HERO_0023;Juge;ACCEPTED;0.972868;0.137328;Juge;0.9999982118606567;HIGH;HW_HERO_0023;Juge;Juge;EXACT_ALIAS;1.0;juge;CONFIRMED;HW_HERO_0023;Juge;0
32881;L;3;32881_Screenshot_2026-05-09-01-12-28-301_com.nexters.herowars__L3.png;32881_Screenshot_2026-05-09-01-12-28-301_com.nexters.herowars__L3.png;HW_HERO_0004;Byrna;ACCEPTED;0.982704;0.132105;Byrna;0.9999714780239657;HIGH;HW_HERO_0004;Byrna;Byrna;EXACT_ALIAS;1.0;byrna;CONFIRMED;HW_HERO_0004;Byrna;0
32881;L;4;32881_Screenshot_2026-05-09-01-12-28-301_com.nexters.herowars__L4.png;32881_Screenshot_2026-05-09-01-12-28-301_com.nexters.herowars__L4.png;HW_HERO_0042;Polaris;ACCEPTED;0.97841;0.099991;Polaris;0.999983283853781;HIGH;HW_HERO_0042;Polaris;Polaris;EXACT_ALIAS;1.0;polaris;CONFIRMED;HW_HERO_0042;Polaris;0
32881;L;5;32881_Screenshot_2026-05-09-01-12-28-301_com.nexters.herowars__L5.png;32881_Screenshot_2026-05-09-01-12-28-301_com.nexters.herowars__L5.png;HW_HERO_0024;Julius;ACCEPTED;0.975179;0.142303;Julius;0.9999974693158696;HIGH;HW_HERO_0024;Julius;Julius;EXACT_ALIAS;1.0;julius;CONFIRMED;HW_HERO_0024;Julius;0
32881;R;1;32881_Screenshot_2026-05-09-01-12-28-301_com.nexters.herowars__R1.png;32881_Screenshot_2026-05-09-01-12-28-301_com.nexters.herowars__R1.png;HW_HERO_0018;Iris;ACCEPTED;0.978866;0.099854;Iris;0.9988452196121216;HIGH;HW_HERO_0018;Iris;Iris;EXACT_ALIAS;1.0;iris;CONFIRMED;HW_HERO_0018;Iris;0
32881;R;2;32881_Screenshot_2026-05-09-01-12-28-301_com.nexters.herowars__R2.png;32881_Screenshot_2026-05-09-01-12-28-301_com.nexters.herowars__R2.png;HW_HERO_0004;Byrna;ACCEPTED;0.977696;0.124238;Byrna;0.9999923230663622;HIGH;HW_HERO_0004;Byrna;Byrna;EXACT_ALIAS;1.0;byrna;CONFIRMED;HW_HERO_0004;Byrna;0
32881;R;3;32881_Screenshot_2026-05-09-01-12-28-301_com.nexters.herowars__R3.png;32881_Screenshot_2026-05-09-01-12-28-301_com.nexters.herowars__R3.png;HW_HERO_0012;Electra von Grave;ACCEPTED;0.973774;0.080302;Electra von Grave;0.9691253469705702;HIGH;HW_HERO_0012;Electra von Grave;Electra von Grave;EXACT_ALIAS;1.0;electra von grave;CONFIRMED;HW_HERO_0012;Electra von Grave;0
32881;R;4;32881_Screenshot_2026-05-09-01-12-28-301_com.nexters.herowars__R4.png;32881_Screenshot_2026-05-09-01-12-28-301_com.nexters.herowars__R4.png;HW_HERO_0049;Tempus;ACCEPTED;0.967958;0.102295;Tempus;0.9999783918045635;HIGH;HW_HERO_0049;Tempus;Tempus;EXACT_ALIAS;1.0;tempus;CONFIRMED;HW_HERO_0049;Tempus;0
32881;R;5;32881_Screenshot_2026-05-09-01-12-28-301_com.nexters.herowars__R5.png;32881_Screenshot_2026-05-09-01-12-28-301_com.nexters.herowars__R5.png;HW_HERO_0034;Miu;ACCEPTED;0.966692;0.076627;Miu;0.9999894008781519;HIGH;HW_HERO_0034;Miu;Miu;EXACT_ALIAS;1.0;miu;CONFIRMED;HW_HERO_0034;Miu;0
32900;L;1;32900_Screenshot_20260505-133413__L1.png;32900_Screenshot_20260505-133413__L1.png;HW_HERO_0018;Iris;ACCEPTED;0.961429;0.074139;Iris;0.999637246131897;HIGH;HW_HERO_0018;Iris;Iris;EXACT_ALIAS;1.0;iris;CONFIRMED;HW_HERO_0018;Iris;0
32900;L;2;32900_Screenshot_20260505-133413__L2.png;32900_Screenshot_20260505-133413__L2.png;HW_HERO_0004;Byrna;ACCEPTED;0.968024;0.111113;Byrna;0.856006217316555;HIGH;HW_HERO_0004;Byrna;Byrna;EXACT_ALIAS;1.0;byrna;CONFIRMED;HW_HERO_0004;Byrna;0
32900;L;3;32900_Screenshot_20260505-133413__L3.png;32900_Screenshot_20260505-133413__L3.png;HW_HERO_0042;Polaris;ACCEPTED;0.957769;0.089386;Polaris;0.9916798022312735;HIGH;HW_HERO_0042;Polaris;Polaris;EXACT_ALIAS;1.0;polaris;CONFIRMED;HW_HERO_0042;Polaris;0
32900;L;4;32900_Screenshot_20260505-133413__L4.png;32900_Screenshot_20260505-133413__L4.png;HW_HERO_0034;Miu;ACCEPTED;0.953002;0.080078;Miu;0.9999894008781519;HIGH;HW_HERO_0034;Miu;Miu;EXACT_ALIAS;1.0;miu;CONFIRMED;HW_HERO_0034;Miu;0
32900;L;5;32900_Screenshot_20260505-133413__L5.png;32900_Screenshot_20260505-133413__L5.png;HW_HERO_0012;Electra von Grave;ACCEPTED;0.951568;0.068655;Electra von Grave;0.7454732803559119;MEDIUM;HW_HERO_0012;Electra von Grave;Electra von Grave;EXACT_ALIAS;1.0;electra von grave;CONFIRMED;HW_HERO_0012;Electra von Grave;0
32900;R;1;32900_Screenshot_20260505-133413__R1.png;32900_Screenshot_20260505-133413__R1.png;HW_HERO_0052;Yasmine;ACCEPTED;0.971635;0.089478;Yasmine;0.9999964855616544;HIGH;HW_HERO_0052;Yasmine;Yasmine;EXACT_ALIAS;1.0;yasmine;CONFIRMED;HW_HERO_0052;Yasmine;0
32900;R;2;32900_Screenshot_20260505-133413__R2.png;32900_Screenshot_20260505-133413__R2.png;HW_HERO_0014;Folio;ACCEPTED;0.956762;0.127546;Folio;0.9999897640869371;HIGH;HW_HERO_0014;Folio;Folio;EXACT_ALIAS;1.0;folio;CONFIRMED;HW_HERO_0014;Folio;0
32900;R;3;32900_Screenshot_20260505-133413__R3.png;32900_Screenshot_20260505-133413__R3.png;HW_HERO_0042;Polaris;ACCEPTED;0.95373;0.086314;Polaris;0.999962332222351;HIGH;HW_HERO_0042;Polaris;Polaris;EXACT_ALIAS;1.0;polaris;CONFIRMED;HW_HERO_0042;Polaris;0
32900;R;4;32900_Screenshot_20260505-133413__R4.png;32900_Screenshot_20260505-133413__R4.png;HW_HERO_0039;Oya;ACCEPTED;0.933486;0.076736;Oya;0.9991133047444128;HIGH;HW_HERO_0039;Oya;Oya;EXACT_ALIAS;1.0;oya;CONFIRMED;HW_HERO_0039;Oya;0
32900;R;5;32900_Screenshot_20260505-133413__R5.png;32900_Screenshot_20260505-133413__R5.png;HW_HERO_0037;Octavia;ACCEPTED;0.96139;0.091357;Octavia;0.676880928887368;MEDIUM;HW_HERO_0037;Octavia;Octavia;EXACT_ALIAS;1.0;octavia;CONFIRMED;HW_HERO_0037;Octavia;0
33018;L;1;33018_Screenshot_20260503_010810_Hero_Wars__L1.png;33018_Screenshot_20260503_010810_Hero_Wars__L1.png;HW_HERO_0014;Folio;REVIEW;0.829205;0.007078;Isaac;0.9998722634490728;HIGH;;;Ishmaël;NO_MATCH;0.5;isaac;UNRESOLVED_OCR_TEXT;;;1
33018;L;2;33018_Screenshot_20260503_010810_Hero_Wars__L2.png;33018_Screenshot_20260503_010810_Hero_Wars__L2.png;HW_HERO_0024;Julius;ACCEPTED;0.966899;0.130139;Julius;0.9999975666499012;HIGH;HW_HERO_0024;Julius;Julius;EXACT_ALIAS;1.0;julius;CONFIRMED;HW_HERO_0024;Julius;0
33018;L;3;33018_Screenshot_20260503_010810_Hero_Wars__L3.png;33018_Screenshot_20260503_010810_Hero_Wars__L3.png;HW_HERO_0046;Sébastien;ACCEPTED;0.952392;0.09289;Sébastien;0.9978487043473732;HIGH;HW_HERO_0046;Sébastien;Sébastien;EXACT_ALIAS;1.0;sebastien;CONFIRMED;HW_HERO_0046;Sébastien;0
33018;L;4;33018_Screenshot_20260503_010810_Hero_Wars__L4.png;33018_Screenshot_20260503_010810_Hero_Wars__L4.png;HW_HERO_0052;Yasmine;ACCEPTED;0.969177;0.091681;Yasmine;0.9111364381678657;HIGH;HW_HERO_0052;Yasmine;Yasmine;EXACT_ALIAS;1.0;yasmine;CONFIRMED;HW_HERO_0052;Yasmine;0
33018;L;5;33018_Screenshot_20260503_010810_Hero_Wars__L5.png;33018_Screenshot_20260503_010810_Hero_Wars__L5.png;HW_HERO_0023;Juge;ACCEPTED;0.969385;0.137611;Juge;0.9999988675117493;HIGH;HW_HERO_0023;Juge;Juge;EXACT_ALIAS;1.0;juge;CONFIRMED;HW_HERO_0023;Juge;0
33018;R;1;33018_Screenshot_20260503_010810_Hero_Wars__R1.png;33018_Screenshot_20260503_010810_Hero_Wars__R1.png;HW_HERO_0030;Lian;ACCEPTED;0.9622;0.068582;Lian;0.9982783198356628;HIGH;HW_HERO_0030;Lian;Lian;EXACT_ALIAS;1.0;lian;CONFIRMED;HW_HERO_0030;Lian;0
33018;R;2;33018_Screenshot_20260503_010810_Hero_Wars__R2.png;33018_Screenshot_20260503_010810_Hero_Wars__R2.png;HW_HERO_0045;Satori;ACCEPTED;0.969361;0.074116;Satori;0.9999811171683296;HIGH;HW_HERO_0045;Satori;Satori;EXACT_ALIAS;1.0;satori;CONFIRMED;HW_HERO_0045;Satori;0
33018;R;3;33018_Screenshot_20260503_010810_Hero_Wars__R3.png;33018_Screenshot_20260503_010810_Hero_Wars__R3.png;HW_HERO_0006;Céleste;ACCEPTED;0.952058;0.049979;Céleste;0.9998876711703406;HIGH;HW_HERO_0006;Céleste;Céleste;EXACT_ALIAS;1.0;celeste;CONFIRMED;HW_HERO_0006;Céleste;0
33018;R;4;33018_Screenshot_20260503_010810_Hero_Wars__R4.png;33018_Screenshot_20260503_010810_Hero_Wars__R4.png;HW_HERO_0018;Iris;REVIEW;0.886159;0.01218;Amira;0.9999680660428322;HIGH;;;Aidan;NO_MATCH;0.6;amira;UNRESOLVED_OCR_TEXT;;;1
33018;R;5;33018_Screenshot_20260503_010810_Hero_Wars__R5.png;33018_Screenshot_20260503_010810_Hero_Wars__R5.png;HW_HERO_0003;Astaroth;ACCEPTED;0.917502;0.132617;Astaroth;0.9999733630447925;HIGH;HW_HERO_0003;Astaroth;Astaroth;EXACT_ALIAS;1.0;astaroth;CONFIRMED;HW_HERO_0003;Astaroth;0
33468;L;1;33468_IMG_4582__L1.png;33468_IMG_4582__L1.png;HW_HERO_0007;Champi et Gnon;ACCEPTED;0.947254;0.053466;Mushy and Shroor;0.9948059209673202;HIGH;;;Satori;NO_MATCH;0.36363636363636365;mushy and shroor;NEW_ALIAS_CANDIDATE;HW_HERO_0007;Champi et Gnon;1
33468;L;2;33468_IMG_4582__L2.png;33468_IMG_4582__L2.png;HW_HERO_0014;Folio;ACCEPTED;0.959598;0.135942;Folio;0.9999880047881341;HIGH;HW_HERO_0014;Folio;Folio;EXACT_ALIAS;1.0;folio;CONFIRMED;HW_HERO_0014;Folio;0
33468;L;3;33468_IMG_4582__L3.png;33468_IMG_4582__L3.png;HW_HERO_0004;Byrna;ACCEPTED;0.964777;0.104387;Byrna;0.9586043540727222;HIGH;HW_HERO_0004;Byrna;Byrna;EXACT_ALIAS;1.0;byrna;CONFIRMED;HW_HERO_0004;Byrna;0
33468;L;4;33468_IMG_4582__L4.png;33468_IMG_4582__L4.png;HW_HERO_0048;Somna;ACCEPTED;0.953573;0.12404;Somna;0.9997277844778398;HIGH;HW_HERO_0048;Somna;Somna;EXACT_ALIAS;1.0;somna;CONFIRMED;HW_HERO_0048;Somna;0
33468;L;5;33468_IMG_4582__L5.png;33468_IMG_4582__L5.png;HW_HERO_0017;Guus;ACCEPTED;0.956966;0.156748;Guus;0.999898374080658;HIGH;HW_HERO_0017;Guus;Guus;EXACT_ALIAS;1.0;guus;CONFIRMED;HW_HERO_0017;Guus;0
33468;R;1;33468_IMG_4582__R1.png;33468_IMG_4582__R1.png;HW_HERO_0012;Electra von Grave;ACCEPTED;0.961293;0.086178;Electra von Grave;0.9883841193933205;HIGH;HW_HERO_0012;Electra von Grave;Electra von Grave;EXACT_ALIAS;1.0;electra von grave;CONFIRMED;HW_HERO_0012;Electra von Grave;0
33468;R;2;33468_IMG_4582__R2.png;33468_IMG_4582__R2.png;HW_HERO_0026;Kayla;ACCEPTED;0.947017;0.066025;Kayla;0.99992067135028;HIGH;HW_HERO_0026;Kayla;Kayla;EXACT_ALIAS;1.0;kayla;CONFIRMED;HW_HERO_0026;Kayla;0
33468;R;3;33468_IMG_4582__R3.png;33468_IMG_4582__R3.png;HW_HERO_0030;Lian;ACCEPTED;0.965011;0.065027;Lian;0.9869759678840637;HIGH;HW_HERO_0030;Lian;Lian;EXACT_ALIAS;1.0;lian;CONFIRMED;HW_HERO_0030;Lian;0
33468;R;4;33468_IMG_4582__R4.png;33468_IMG_4582__R4.png;HW_HERO_0004;Byrna;ACCEPTED;0.969259;0.107148;Byrna;0.9998584554177359;HIGH;HW_HERO_0004;Byrna;Byrna;EXACT_ALIAS;1.0;byrna;CONFIRMED;HW_HERO_0004;Byrna;0
33468;R;5;33468_IMG_4582__R5.png;33468_IMG_4582__R5.png;HW_HERO_0001;Aidan;ACCEPTED;0.968614;0.102144;Aidan;0.9999845395015441;HIGH;HW_HERO_0001;Aidan;Aidan;EXACT_ALIAS;1.0;aidan;CONFIRMED;HW_HERO_0001;Aidan;0
33680;L;1;33680_Screenshot_20260519_145831_com_nexters_herowars_MessagingUnityPlayerActivity__L1.png;33680_Screenshot_20260519_145831_com_nexters_herowars_MessagingUnityPlayerActivity__L1.png;HW_HERO_0051;Xe'Sha;ACCEPTED;0.978639;0.104822;Xe'Sha;0.8085461042488764;MEDIUM;HW_HERO_0051;Xe'Sha;Xe'Sha;EXACT_ALIAS;1.0;xe sha;CONFIRMED;HW_HERO_0051;Xe'Sha;0
33680;L;2;33680_Screenshot_20260519_145831_com_nexters_herowars_MessagingUnityPlayerActivity__L2.png;33680_Screenshot_20260519_145831_com_nexters_herowars_MessagingUnityPlayerActivity__L2.png;HW_HERO_0007;Champi et Gnon;ACCEPTED;0.966572;0.072182;Champi et Gnon;0.9992400500403671;HIGH;HW_HERO_0007;Champi et Gnon;Champi et Gnon;EXACT_ALIAS;1.0;champi et gnon;CONFIRMED;HW_HERO_0007;Champi et Gnon;0
33680;L;3;33680_Screenshot_20260519_145831_com_nexters_herowars_MessagingUnityPlayerActivity__L3.png;33680_Screenshot_20260519_145831_com_nexters_herowars_MessagingUnityPlayerActivity__L3.png;HW_HERO_0004;Byrna;ACCEPTED;0.975241;0.122339;Byrna;0.9999178457865557;HIGH;HW_HERO_0004;Byrna;Byrna;EXACT_ALIAS;1.0;byrna;CONFIRMED;HW_HERO_0004;Byrna;0
33680;L;4;33680_Screenshot_20260519_145831_com_nexters_herowars_MessagingUnityPlayerActivity__L4.png;33680_Screenshot_20260519_145831_com_nexters_herowars_MessagingUnityPlayerActivity__L4.png;HW_HERO_0049;Tempus;REVIEW;0.855734;0.016235;Alvanor;0.7050370975793675;MEDIUM;;;Andvari;NO_MATCH;0.5714285714285714;alvanor;MANUAL_REVIEW;;;1
33680;L;5;33680_Screenshot_20260519_145831_com_nexters_herowars_MessagingUnityPlayerActivity__L5.png;33680_Screenshot_20260519_145831_com_nexters_herowars_MessagingUnityPlayerActivity__L5.png;HW_HERO_0048;Somna;ACCEPTED;0.97504;0.12761;Somna;0.9999242432879785;HIGH;HW_HERO_0048;Somna;Somna;EXACT_ALIAS;1.0;somna;CONFIRMED;HW_HERO_0048;Somna;0
33680;R;1;33680_Screenshot_20260519_145831_com_nexters_herowars_MessagingUnityPlayerActivity__R1.png;33680_Screenshot_20260519_145831_com_nexters_herowars_MessagingUnityPlayerActivity__R1.png;HW_HERO_0026;Kayla;ACCEPTED;0.968494;0.100844;Kayla;0.9999584698385263;HIGH;HW_HERO_0026;Kayla;Kayla;EXACT_ALIAS;1.0;kayla;CONFIRMED;HW_HERO_0026;Kayla;0
33680;R;2;33680_Screenshot_20260519_145831_com_nexters_herowars_MessagingUnityPlayerActivity__R2.png;33680_Screenshot_20260519_145831_com_nexters_herowars_MessagingUnityPlayerActivity__R2.png;HW_HERO_0048;Somna;ACCEPTED;0.968223;0.131097;Somna;0.9988082291287481;HIGH;HW_HERO_0048;Somna;Somna;EXACT_ALIAS;1.0;somna;CONFIRMED;HW_HERO_0048;Somna;0
33680;R;3;33680_Screenshot_20260519_145831_com_nexters_herowars_MessagingUnityPlayerActivity__R3.png;33680_Screenshot_20260519_145831_com_nexters_herowars_MessagingUnityPlayerActivity__R3.png;HW_HERO_0039;Oya;ACCEPTED;0.945104;0.075686;Oya;0.9993987645177086;HIGH;HW_HERO_0039;Oya;Oya;EXACT_ALIAS;1.0;oya;CONFIRMED;HW_HERO_0039;Oya;0
33680;R;4;33680_Screenshot_20260519_145831_com_nexters_herowars_MessagingUnityPlayerActivity__R4.png;33680_Screenshot_20260519_145831_com_nexters_herowars_MessagingUnityPlayerActivity__R4.png;HW_HERO_0017;Guus;ACCEPTED;0.974231;0.141206;Guus;0.9032500380632503;HIGH;HW_HERO_0017;Guus;Guus;EXACT_ALIAS;1.0;guus;CONFIRMED;HW_HERO_0017;Guus;0
33680;R;5;33680_Screenshot_20260519_145831_com_nexters_herowars_MessagingUnityPlayerActivity__R5.png;33680_Screenshot_20260519_145831_com_nexters_herowars_MessagingUnityPlayerActivity__R5.png;HW_HERO_0001;Aidan;ACCEPTED;0.970936;0.117406;Aidan;0.9925082598545083;HIGH;HW_HERO_0001;Aidan;Aidan;EXACT_ALIAS;1.0;aidan;CONFIRMED;HW_HERO_0001;Aidan;0
33728;L;1;33728_Screenshot_20260521_072748_Hero_Wars__L1.png;33728_Screenshot_20260521_072748_Hero_Wars__L1.png;HW_HERO_0018;Iris;ACCEPTED;0.974112;0.081417;Iris;0.9995627403259277;HIGH;HW_HERO_0018;Iris;Iris;EXACT_ALIAS;1.0;iris;CONFIRMED;HW_HERO_0018;Iris;0
33728;L;2;33728_Screenshot_20260521_072748_Hero_Wars__L2.png;33728_Screenshot_20260521_072748_Hero_Wars__L2.png;HW_HERO_0008;Corvus;ACCEPTED;0.93762;0.075066;Corvus;0.9999273882604186;HIGH;HW_HERO_0008;Corvus;Corvus;EXACT_ALIAS;1.0;corvus;CONFIRMED;HW_HERO_0008;Corvus;0
33728;L;3;33728_Screenshot_20260521_072748_Hero_Wars__L3.png;33728_Screenshot_20260521_072748_Hero_Wars__L3.png;HW_HERO_0001;Aidan;REVIEW;0.894753;0.000738;Morrigan;0.6867553986999448;MEDIUM;;;Dorian;NO_MATCH;0.7142857142857143;morrigan;MANUAL_REVIEW;;;1
33728;L;4;33728_Screenshot_20260521_072748_Hero_Wars__L4.png;33728_Screenshot_20260521_072748_Hero_Wars__L4.png;HW_HERO_0048;Somna;ACCEPTED;0.968606;0.116445;Somna;0.9998381431762902;HIGH;HW_HERO_0048;Somna;Somna;EXACT_ALIAS;1.0;somna;CONFIRMED;HW_HERO_0048;Somna;0
33728;L;5;33728_Screenshot_20260521_072748_Hero_Wars__L5.png;33728_Screenshot_20260521_072748_Hero_Wars__L5.png;HW_HERO_0049;Tempus;ACCEPTED;0.969899;0.103983;Tempus;0.9999786351406819;HIGH;HW_HERO_0049;Tempus;Tempus;EXACT_ALIAS;1.0;tempus;CONFIRMED;HW_HERO_0049;Tempus;0
33728;R;1;33728_Screenshot_20260521_072748_Hero_Wars__R1.png;33728_Screenshot_20260521_072748_Hero_Wars__R1.png;HW_HERO_0045;Satori;ACCEPTED;0.958509;0.072222;Satori;0.8501997745673852;HIGH;HW_HERO_0045;Satori;Satori;EXACT_ALIAS;1.0;satori;CONFIRMED;HW_HERO_0045;Satori;0
33728;R;2;33728_Screenshot_20260521_072748_Hero_Wars__R2.png;33728_Screenshot_20260521_072748_Hero_Wars__R2.png;HW_HERO_0033;Maya;REVIEW;0.891206;0.027771;Maya;0.9999386668205261;HIGH;HW_HERO_0033;Maya;Maya;EXACT_ALIAS;1.0;maya;RESCUED_BY_OCR;HW_HERO_0033;Maya;0
33728;R;3;33728_Screenshot_20260521_072748_Hero_Wars__R3.png;33728_Screenshot_20260521_072748_Hero_Wars__R3.png;HW_HERO_0049;Tempus;UNKNOWN;0.802523;0.009602;Phobos;0.9999891472482919;HIGH;HW_HERO_0041;Phobos;Phobos;EXACT_ALIAS;1.0;phobos;CONFLICT;;;1
33728;R;4;33728_Screenshot_20260521_072748_Hero_Wars__R4.png;33728_Screenshot_20260521_072748_Hero_Wars__R4.png;HW_HERO_0022;Jorgen;ACCEPTED;0.901063;0.047255;Jorgen;0.9999980533200276;HIGH;HW_HERO_0022;Jorgen;Jorgen;EXACT_ALIAS;1.0;jorgen;CONFIRMED;HW_HERO_0022;Jorgen;0
33728;R;5;33728_Screenshot_20260521_072748_Hero_Wars__R5.png;33728_Screenshot_20260521_072748_Hero_Wars__R5.png;HW_HERO_0003;Astaroth;ACCEPTED;0.902593;0.104783;Astaroth;0.9999794743975207;HIGH;HW_HERO_0003;Astaroth;Astaroth;EXACT_ALIAS;1.0;astaroth;CONFIRMED;HW_HERO_0003;Astaroth;0
33735;L;1;33735_D346AA12-727A-4E1E-8812-69A8F0C29CAB__L1.png;33735_D346AA12-727A-4E1E-8812-69A8F0C29CAB__L1.png;HW_HERO_0040;Peech;ACCEPTED;0.968758;0.095433;Peech;0.8707292167571301;HIGH;HW_HERO_0040;Peech;Peech;EXACT_ALIAS;1.0;peech;CONFIRMED;HW_HERO_0040;Peech;0
33735;L;2;33735_D346AA12-727A-4E1E-8812-69A8F0C29CAB__L2.png;33735_D346AA12-727A-4E1E-8812-69A8F0C29CAB__L2.png;HW_HERO_0026;Kayla;ACCEPTED;0.959253;0.066589;Kayla;0.9999560707857513;HIGH;HW_HERO_0026;Kayla;Kayla;EXACT_ALIAS;1.0;kayla;CONFIRMED;HW_HERO_0026;Kayla;0
33735;L;3;33735_D346AA12-727A-4E1E-8812-69A8F0C29CAB__L3.png;33735_D346AA12-727A-4E1E-8812-69A8F0C29CAB__L3.png;HW_HERO_0024;Julius;ACCEPTED;0.957617;0.109273;Julius;0.9999978586519834;HIGH;HW_HERO_0024;Julius;Julius;EXACT_ALIAS;1.0;julius;CONFIRMED;HW_HERO_0024;Julius;0
33735;L;4;33735_D346AA12-727A-4E1E-8812-69A8F0C29CAB__L4.png;33735_D346AA12-727A-4E1E-8812-69A8F0C29CAB__L4.png;HW_HERO_0050;Tristan;ACCEPTED;0.962239;0.106872;Tristan;0.9442952615021992;HIGH;HW_HERO_0050;Tristan;Tristan;EXACT_ALIAS;1.0;tristan;CONFIRMED;HW_HERO_0050;Tristan;0
33735;L;5;33735_D346AA12-727A-4E1E-8812-69A8F0C29CAB__L5.png;33735_D346AA12-727A-4E1E-8812-69A8F0C29CAB__L5.png;HW_HERO_0001;Aidan;ACCEPTED;0.975804;0.104859;Aidan;0.9999741969454478;HIGH;HW_HERO_0001;Aidan;Aidan;EXACT_ALIAS;1.0;aidan;CONFIRMED;HW_HERO_0001;Aidan;0
33735;R;1;33735_D346AA12-727A-4E1E-8812-69A8F0C29CAB__R1.png;33735_D346AA12-727A-4E1E-8812-69A8F0C29CAB__R1.png;HW_HERO_0026;Kayla;ACCEPTED;0.96469;0.05528;Kayla;0.9999595893962553;HIGH;HW_HERO_0026;Kayla;Kayla;EXACT_ALIAS;1.0;kayla;CONFIRMED;HW_HERO_0026;Kayla;0
33735;R;2;33735_D346AA12-727A-4E1E-8812-69A8F0C29CAB__R2.png;33735_D346AA12-727A-4E1E-8812-69A8F0C29CAB__R2.png;HW_HERO_0024;Julius;ACCEPTED;0.957171;0.132368;Julius;0.999997809984971;HIGH;HW_HERO_0024;Julius;Julius;EXACT_ALIAS;1.0;julius;CONFIRMED;HW_HERO_0024;Julius;0
33735;R;3;33735_D346AA12-727A-4E1E-8812-69A8F0C29CAB__R3.png;33735_D346AA12-727A-4E1E-8812-69A8F0C29CAB__R3.png;HW_HERO_0049;Tempus;ACCEPTED;0.955196;0.12762;Tempus;0.9999817498418221;HIGH;HW_HERO_0049;Tempus;Tempus;EXACT_ALIAS;1.0;tempus;CONFIRMED;HW_HERO_0049;Tempus;0
33735;R;4;33735_D346AA12-727A-4E1E-8812-69A8F0C29CAB__R4.png;33735_D346AA12-727A-4E1E-8812-69A8F0C29CAB__R4.png;HW_HERO_0001;Aidan;ACCEPTED;0.968879;0.092752;Aidan;0.9999559641611679;HIGH;HW_HERO_0001;Aidan;Aidan;EXACT_ALIAS;1.0;aidan;CONFIRMED;HW_HERO_0001;Aidan;0
33735;R;5;33735_D346AA12-727A-4E1E-8812-69A8F0C29CAB__R5.png;33735_D346AA12-727A-4E1E-8812-69A8F0C29CAB__R5.png;HW_HERO_0014;Folio;ACCEPTED;0.944174;0.115439;Folio;0.9999911502008884;HIGH;HW_HERO_0014;Folio;Folio;EXACT_ALIAS;1.0;folio;CONFIRMED;HW_HERO_0014;Folio;0
33849;L;1;33849_Hero_Wars_2026-05-17-07-45-45__L1.png;33849_Hero_Wars_2026-05-17-07-45-45__L1.png;HW_HERO_0026;Kayla;ACCEPTED;0.984012;0.126004;Kayla;0.9999556442874094;HIGH;HW_HERO_0026;Kayla;Kayla;EXACT_ALIAS;1.0;kayla;CONFIRMED;HW_HERO_0026;Kayla;0
33849;L;2;33849_Hero_Wars_2026-05-17-07-45-45__L2.png;33849_Hero_Wars_2026-05-17-07-45-45__L2.png;HW_HERO_0010;Dante;ACCEPTED;0.955396;0.066727;Dante;0.9999481805629449;HIGH;HW_HERO_0010;Dante;Dante;EXACT_ALIAS;1.0;dante;CONFIRMED;HW_HERO_0010;Dante;0
33849;L;3;33849_Hero_Wars_2026-05-17-07-45-45__L3.png;33849_Hero_Wars_2026-05-17-07-45-45__L3.png;HW_HERO_0009;Crow;REVIEW;0.87569;0.01517;Drayne;0.9999515274152554;HIGH;;;Dante;NO_MATCH;0.7272727272727273;drayne;UNRESOLVED_OCR_TEXT;;;1
33849;L;4;33849_Hero_Wars_2026-05-17-07-45-45__L4.png;33849_Hero_Wars_2026-05-17-07-45-45__L4.png;HW_HERO_0003;Astaroth;ACCEPTED;0.908725;0.131905;Astaroth;0.9999868080003734;HIGH;HW_HERO_0003;Astaroth;Astaroth;EXACT_ALIAS;1.0;astaroth;CONFIRMED;HW_HERO_0003;Astaroth;0
33849;L;5;33849_Hero_Wars_2026-05-17-07-45-45__L5.png;33849_Hero_Wars_2026-05-17-07-45-45__L5.png;HW_HERO_0001;Aidan;ACCEPTED;0.98609;0.13846;Aidan;0.9839102429004282;HIGH;HW_HERO_0001;Aidan;Aidan;EXACT_ALIAS;1.0;aidan;CONFIRMED;HW_HERO_0001;Aidan;0
33849;R;1;33849_Hero_Wars_2026-05-17-07-45-45__R1.png;33849_Hero_Wars_2026-05-17-07-45-45__R1.png;HW_HERO_0014;Folio;ACCEPTED;0.984607;0.132029;Folio;0.9999783019821106;HIGH;HW_HERO_0014;Folio;Folio;EXACT_ALIAS;1.0;folio;CONFIRMED;HW_HERO_0014;Folio;0
33849;R;2;33849_Hero_Wars_2026-05-17-07-45-45__R2.png;33849_Hero_Wars_2026-05-17-07-45-45__R2.png;HW_HERO_0026;Kayla;ACCEPTED;0.963047;0.107435;Kayla;0.9999610821396641;HIGH;HW_HERO_0026;Kayla;Kayla;EXACT_ALIAS;1.0;kayla;CONFIRMED;HW_HERO_0026;Kayla;0
33849;R;3;33849_Hero_Wars_2026-05-17-07-45-45__R3.png;33849_Hero_Wars_2026-05-17-07-45-45__R3.png;HW_HERO_0024;Julius;ACCEPTED;0.97309;0.12969;Julius;0.99999669064354;HIGH;HW_HERO_0024;Julius;Julius;EXACT_ALIAS;1.0;julius;CONFIRMED;HW_HERO_0024;Julius;0
33849;R;4;33849_Hero_Wars_2026-05-17-07-45-45__R4.png;33849_Hero_Wars_2026-05-17-07-45-45__R4.png;HW_HERO_0042;Polaris;ACCEPTED;0.980573;0.110792;Polaris;0.9450716336938463;HIGH;HW_HERO_0042;Polaris;Polaris;EXACT_ALIAS;1.0;polaris;CONFIRMED;HW_HERO_0042;Polaris;0
33849;R;5;33849_Hero_Wars_2026-05-17-07-45-45__R5.png;33849_Hero_Wars_2026-05-17-07-45-45__R5.png;HW_HERO_0001;Aidan;ACCEPTED;0.97359;0.116041;Aidan;0.9999542581676486;HIGH;HW_HERO_0001;Aidan;Aidan;EXACT_ALIAS;1.0;aidan;CONFIRMED;HW_HERO_0001;Aidan;0
33961;L;1;33961_Screenshot_2026-05-23-00-53-53-522_com.nexters.herowars__L1.png;33961_Screenshot_2026-05-23-00-53-53-522_com.nexters.herowars__L1.png;HW_HERO_0051;Xe'Sha;ACCEPTED;0.971843;0.096047;Xe'Sha;0.99971845256227;HIGH;HW_HERO_0051;Xe'Sha;Xe'Sha;EXACT_ALIAS;1.0;xe sha;CONFIRMED;HW_HERO_0051;Xe'Sha;0
33961;L;2;33961_Screenshot_2026-05-23-00-53-53-522_com.nexters.herowars__L2.png;33961_Screenshot_2026-05-23-00-53-53-522_com.nexters.herowars__L2.png;HW_HERO_0008;Corvus;ACCEPTED;0.947914;0.076511;Corvus;0.9999820418449423;HIGH;HW_HERO_0008;Corvus;Corvus;EXACT_ALIAS;1.0;corvus;CONFIRMED;HW_HERO_0008;Corvus;0
33961;L;3;33961_Screenshot_2026-05-23-00-53-53-522_com.nexters.herowars__L3.png;33961_Screenshot_2026-05-23-00-53-53-522_com.nexters.herowars__L3.png;HW_HERO_0042;Polaris;REVIEW;0.862241;0.013053;Peppy;0.9997146159767352;HIGH;;;Peech;NO_MATCH;0.4;peppy;UNRESOLVED_OCR_TEXT;;;1
33961;L;4;33961_Screenshot_2026-05-23-00-53-53-522_com.nexters.herowars__L4.png;33961_Screenshot_2026-05-23-00-53-53-522_com.nexters.herowars__L4.png;HW_HERO_0007;Champi et Gnon;ACCEPTED;0.965555;0.071558;Champi et Gnon;0.8775121566260587;HIGH;HW_HERO_0007;Champi et Gnon;Champi et Gnon;EXACT_ALIAS;1.0;champi et gnon;CONFIRMED;HW_HERO_0007;Champi et Gnon;0
33961;L;5;33961_Screenshot_2026-05-23-00-53-53-522_com.nexters.herowars__L5.png;33961_Screenshot_2026-05-23-00-53-53-522_com.nexters.herowars__L5.png;HW_HERO_0018;Iris;REVIEW;0.899498;0.027084;Morrigan;0.9797818456229719;HIGH;;;Dorian;NO_MATCH;0.7142857142857143;morrigan;UNRESOLVED_OCR_TEXT;;;1
33961;R;1;33961_Screenshot_2026-05-23-00-53-53-522_com.nexters.herowars__R1.png;33961_Screenshot_2026-05-23-00-53-53-522_com.nexters.herowars__R1.png;HW_HERO_0039;Oya;REVIEW;0.866856;0.002068;Trompelamort;0.9999770464977643;HIGH;;;Martha;NO_MATCH;0.4444444444444444;trompelamort;UNRESOLVED_OCR_TEXT;;;1
33961;R;2;33961_Screenshot_2026-05-23-00-53-53-522_com.nexters.herowars__R2.png;33961_Screenshot_2026-05-23-00-53-53-522_com.nexters.herowars__R2.png;HW_HERO_0044;Rufus;ACCEPTED;0.964233;0.098964;Rufus;0.9999946154847741;HIGH;HW_HERO_0044;Rufus;Rufus;EXACT_ALIAS;1.0;rufus;CONFIRMED;HW_HERO_0044;Rufus;0
33961;R;3;33961_Screenshot_2026-05-23-00-53-53-522_com.nexters.herowars__R3.png;33961_Screenshot_2026-05-23-00-53-53-522_com.nexters.herowars__R3.png;HW_HERO_0023;Juge;ACCEPTED;0.971214;0.136314;Juge;0.9999978542327881;HIGH;HW_HERO_0023;Juge;Juge;EXACT_ALIAS;1.0;juge;CONFIRMED;HW_HERO_0023;Juge;0
33961;R;4;33961_Screenshot_2026-05-23-00-53-53-522_com.nexters.herowars__R4.png;33961_Screenshot_2026-05-23-00-53-53-522_com.nexters.herowars__R4.png;HW_HERO_0010;Dante;ACCEPTED;0.959044;0.05266;Dante;0.9942476340513945;HIGH;HW_HERO_0010;Dante;Dante;EXACT_ALIAS;1.0;dante;CONFIRMED;HW_HERO_0010;Dante;0
33961;R;5;33961_Screenshot_2026-05-23-00-53-53-522_com.nexters.herowars__R5.png;33961_Screenshot_2026-05-23-00-53-53-522_com.nexters.herowars__R5.png;HW_HERO_0003;Astaroth;ACCEPTED;0.918669;0.126567;Astaroth;0.8643788559699958;HIGH;HW_HERO_0003;Astaroth;Astaroth;EXACT_ALIAS;1.0;astaroth;CONFIRMED;HW_HERO_0003;Astaroth;0
34145;L;1;34145_Screenshot_20260519_184844_Hero_Wars__L1.png;34145_Screenshot_20260519_184844_Hero_Wars__L1.png;HW_HERO_0018;Iris;ACCEPTED;0.978244;0.093411;Iris;0.9910003508130707;HIGH;HW_HERO_0018;Iris;Iris;EXACT_ALIAS;1.0;iris;CONFIRMED;HW_HERO_0018;Iris;0
34145;L;2;34145_Screenshot_20260519_184844_Hero_Wars__L2.png;34145_Screenshot_20260519_184844_Hero_Wars__L2.png;HW_HERO_0008;Corvus;ACCEPTED;0.949084;0.092544;Corvus;0.9998762867948994;HIGH;HW_HERO_0008;Corvus;Corvus;EXACT_ALIAS;1.0;corvus;CONFIRMED;HW_HERO_0008;Corvus;0
34145;L;3;34145_Screenshot_20260519_184844_Hero_Wars__L3.png;34145_Screenshot_20260519_184844_Hero_Wars__L3.png;HW_HERO_0018;Iris;REVIEW;0.893737;0.012648;Morrigan;0.9999833097902971;HIGH;;;Dorian;NO_MATCH;0.7142857142857143;morrigan;UNRESOLVED_OCR_TEXT;;;1
34145;L;4;34145_Screenshot_20260519_184844_Hero_Wars__L4.png;34145_Screenshot_20260519_184844_Hero_Wars__L4.png;HW_HERO_0012;Electra von Grave;ACCEPTED;0.974688;0.08282;Electra von Grave;0.9856982517857996;HIGH;HW_HERO_0012;Electra von Grave;Electra von Grave;EXACT_ALIAS;1.0;electra von grave;CONFIRMED;HW_HERO_0012;Electra von Grave;0
34145;L;5;34145_Screenshot_20260519_184844_Hero_Wars__L5.png;34145_Screenshot_20260519_184844_Hero_Wars__L5.png;HW_HERO_0048;Somna;ACCEPTED;0.965803;0.118433;Somna;0.999865119528334;HIGH;HW_HERO_0048;Somna;Somna;EXACT_ALIAS;1.0;somna;CONFIRMED;HW_HERO_0048;Somna;0
34145;R;1;34145_Screenshot_20260519_184844_Hero_Wars__R1.png;34145_Screenshot_20260519_184844_Hero_Wars__R1.png;HW_HERO_0045;Satori;ACCEPTED;0.967729;0.071394;Satori;0.9999747417611905;HIGH;HW_HERO_0045;Satori;Satori;EXACT_ALIAS;1.0;satori;CONFIRMED;HW_HERO_0045;Satori;0
34145;R;2;34145_Screenshot_20260519_184844_Hero_Wars__R2.png;34145_Screenshot_20260519_184844_Hero_Wars__R2.png;HW_HERO_0026;Kayla;ACCEPTED;0.977485;0.113457;Kayla;0.9999319202833086;HIGH;HW_HERO_0026;Kayla;Kayla;EXACT_ALIAS;1.0;kayla;CONFIRMED;HW_HERO_0026;Kayla;0
34145;R;3;34145_Screenshot_20260519_184844_Hero_Wars__R3.png;34145_Screenshot_20260519_184844_Hero_Wars__R3.png;HW_HERO_0014;Folio;ACCEPTED;0.97505;0.123259;Folio;0.9999404502699603;HIGH;HW_HERO_0014;Folio;Folio;EXACT_ALIAS;1.0;folio;CONFIRMED;HW_HERO_0014;Folio;0
34145;R;4;34145_Screenshot_20260519_184844_Hero_Wars__R4.png;34145_Screenshot_20260519_184844_Hero_Wars__R4.png;HW_HERO_0003;Astaroth;ACCEPTED;0.91802;0.137497;Astaroth;0.9999781678337548;HIGH;HW_HERO_0003;Astaroth;Astaroth;EXACT_ALIAS;1.0;astaroth;CONFIRMED;HW_HERO_0003;Astaroth;0
34145;R;5;34145_Screenshot_20260519_184844_Hero_Wars__R5.png;34145_Screenshot_20260519_184844_Hero_Wars__R5.png;HW_HERO_0001;Aidan;ACCEPTED;0.96661;0.122198;Aidan;0.9999794215372189;HIGH;HW_HERO_0001;Aidan;Aidan;EXACT_ALIAS;1.0;aidan;CONFIRMED;HW_HERO_0001;Aidan;0
34333;L;1;34333_Screenshot_2026-05-28-22-15-21-583_com.nexters.herowars__L1.png;34333_Screenshot_2026-05-28-22-15-21-583_com.nexters.herowars__L1.png;HW_HERO_0014;Folio;ACCEPTED;0.970193;0.11554;Folio;0.9999896041506974;HIGH;HW_HERO_0014;Folio;Folio;EXACT_ALIAS;1.0;folio;CONFIRMED;HW_HERO_0014;Folio;0
34333;L;2;34333_Screenshot_2026-05-28-22-15-21-583_com.nexters.herowars__L2.png;34333_Screenshot_2026-05-28-22-15-21-583_com.nexters.herowars__L2.png;HW_HERO_0017;Guus;REVIEW;0.83487;0.042233;Cornélius;0.996136891589296;HIGH;;;Corvus;NO_MATCH;0.6666666666666666;cornelius;UNRESOLVED_OCR_TEXT;;;1
34333;L;3;34333_Screenshot_2026-05-28-22-15-21-583_com.nexters.herowars__L3.png;34333_Screenshot_2026-05-28-22-15-21-583_com.nexters.herowars__L3.png;HW_HERO_0024;Julius;ACCEPTED;0.97258;0.126367;Julius;0.9999985886571049;HIGH;HW_HERO_0024;Julius;Julius;EXACT_ALIAS;1.0;julius;CONFIRMED;HW_HERO_0024;Julius;0
34333;L;4;34333_Screenshot_2026-05-28-22-15-21-583_com.nexters.herowars__L4.png;34333_Screenshot_2026-05-28-22-15-21-583_com.nexters.herowars__L4.png;HW_HERO_0004;Byrna;ACCEPTED;0.981749;0.122087;Byrna;0.9999477007518613;HIGH;HW_HERO_0004;Byrna;Byrna;EXACT_ALIAS;1.0;byrna;CONFIRMED;HW_HERO_0004;Byrna;0
34333;L;5;34333_Screenshot_2026-05-28-22-15-21-583_com.nexters.herowars__L5.png;34333_Screenshot_2026-05-28-22-15-21-583_com.nexters.herowars__L5.png;HW_HERO_0023;Juge;ACCEPTED;0.973743;0.142814;Juge;0.9999987483024597;HIGH;HW_HERO_0023;Juge;Juge;EXACT_ALIAS;1.0;juge;CONFIRMED;HW_HERO_0023;Juge;0
34333;R;1;34333_Screenshot_2026-05-28-22-15-21-583_com.nexters.herowars__R1.png;34333_Screenshot_2026-05-28-22-15-21-583_com.nexters.herowars__R1.png;HW_HERO_0014;Folio;ACCEPTED;0.954478;0.096866;Folio;0.9999900839594075;HIGH;HW_HERO_0014;Folio;Folio;EXACT_ALIAS;1.0;folio;CONFIRMED;HW_HERO_0014;Folio;0
34333;R;2;34333_Screenshot_2026-05-28-22-15-21-583_com.nexters.herowars__R2.png;34333_Screenshot_2026-05-28-22-15-21-583_com.nexters.herowars__R2.png;HW_HERO_0004;Byrna;ACCEPTED;0.985259;0.124547;Byrna;0.9999932826834474;HIGH;HW_HERO_0004;Byrna;Byrna;EXACT_ALIAS;1.0;byrna;CONFIRMED;HW_HERO_0004;Byrna;0
34333;R;3;34333_Screenshot_2026-05-28-22-15-21-583_com.nexters.herowars__R3.png;34333_Screenshot_2026-05-28-22-15-21-583_com.nexters.herowars__R3.png;HW_HERO_0030;Lian;ACCEPTED;0.971221;0.074204;Lian;0.9965018630027771;HIGH;HW_HERO_0030;Lian;Lian;EXACT_ALIAS;1.0;lian;CONFIRMED;HW_HERO_0030;Lian;0
34333;R;4;34333_Screenshot_2026-05-28-22-15-21-583_com.nexters.herowars__R4.png;34333_Screenshot_2026-05-28-22-15-21-583_com.nexters.herowars__R4.png;HW_HERO_0012;Electra von Grave;ACCEPTED;0.979721;0.089539;Electra von Grave;0.9209685797747161;HIGH;HW_HERO_0012;Electra von Grave;Electra von Grave;EXACT_ALIAS;1.0;electra von grave;CONFIRMED;HW_HERO_0012;Electra von Grave;0
34333;R;5;34333_Screenshot_2026-05-28-22-15-21-583_com.nexters.herowars__R5.png;34333_Screenshot_2026-05-28-22-15-21-583_com.nexters.herowars__R5.png;HW_HERO_0001;Aidan;ACCEPTED;0.983236;0.124737;Aidan;0.9999736105114765;HIGH;HW_HERO_0001;Aidan;Aidan;EXACT_ALIAS;1.0;aidan;CONFIRMED;HW_HERO_0001;Aidan;0
34344;L;1;34344_Screenshot_2026-05-27-13-04-24-888_com.nexters.herowars__L1.png;34344_Screenshot_2026-05-27-13-04-24-888_com.nexters.herowars__L1.png;HW_HERO_0007;Champi et Gnon;ACCEPTED;0.968968;0.077341;Champi et Gnon;0.9194200873216071;HIGH;HW_HERO_0007;Champi et Gnon;Champi et Gnon;EXACT_ALIAS;1.0;champi et gnon;CONFIRMED;HW_HERO_0007;Champi et Gnon;0
34344;L;2;34344_Screenshot_2026-05-27-13-04-24-888_com.nexters.herowars__L2.png;34344_Screenshot_2026-05-27-13-04-24-888_com.nexters.herowars__L2.png;HW_HERO_0004;Byrna;ACCEPTED;0.9796;0.116294;Byrna;0.9999762761201099;HIGH;HW_HERO_0004;Byrna;Byrna;EXACT_ALIAS;1.0;byrna;CONFIRMED;HW_HERO_0004;Byrna;0
34344;L;3;34344_Screenshot_2026-05-27-13-04-24-888_com.nexters.herowars__L3.png;34344_Screenshot_2026-05-27-13-04-24-888_com.nexters.herowars__L3.png;HW_HERO_0001;Aidan;ACCEPTED;0.986392;0.120697;Aidan;0.999974570130681;HIGH;HW_HERO_0001;Aidan;Aidan;EXACT_ALIAS;1.0;aidan;CONFIRMED;HW_HERO_0001;Aidan;0
34344;L;4;34344_Screenshot_2026-05-27-13-04-24-888_com.nexters.herowars__L4.png;34344_Screenshot_2026-05-27-13-04-24-888_com.nexters.herowars__L4.png;HW_HERO_0048;Somna;ACCEPTED;0.959936;0.117266;Somna;0.995332526106852;HIGH;HW_HERO_0048;Somna;Somna;EXACT_ALIAS;1.0;somna;CONFIRMED;HW_HERO_0048;Somna;0
34344;L;5;34344_Screenshot_2026-05-27-13-04-24-888_com.nexters.herowars__L5.png;34344_Screenshot_2026-05-27-13-04-24-888_com.nexters.herowars__L5.png;HW_HERO_0017;Guus;ACCEPTED;0.977292;0.146072;Guus;0.9998924732208252;HIGH;HW_HERO_0017;Guus;Guus;EXACT_ALIAS;1.0;guus;CONFIRMED;HW_HERO_0017;Guus;0
34344;R;1;34344_Screenshot_2026-05-27-13-04-24-888_com.nexters.herowars__R1.png;34344_Screenshot_2026-05-27-13-04-24-888_com.nexters.herowars__R1.png;HW_HERO_0018;Iris;ACCEPTED;0.983134;0.08777;Iris;0.9991744756698608;HIGH;HW_HERO_0018;Iris;Iris;EXACT_ALIAS;1.0;iris;CONFIRMED;HW_HERO_0018;Iris;0
34344;R;2;34344_Screenshot_2026-05-27-13-04-24-888_com.nexters.herowars__R2.png;34344_Screenshot_2026-05-27-13-04-24-888_com.nexters.herowars__R2.png;HW_HERO_0026;Kayla;ACCEPTED;0.978178;0.113794;Kayla;0.6830617256150132;MEDIUM;HW_HERO_0026;Kayla;Kayla;EXACT_ALIAS;1.0;kayla;CONFIRMED;HW_HERO_0026;Kayla;0
34344;R;3;34344_Screenshot_2026-05-27-13-04-24-888_com.nexters.herowars__R3.png;34344_Screenshot_2026-05-27-13-04-24-888_com.nexters.herowars__R3.png;HW_HERO_0024;Julius;ACCEPTED;0.96973;0.134982;Julius;0.9999976153169164;HIGH;HW_HERO_0024;Julius;Julius;EXACT_ALIAS;1.0;julius;CONFIRMED;HW_HERO_0024;Julius;0
34344;R;4;34344_Screenshot_2026-05-27-13-04-24-888_com.nexters.herowars__R4.png;34344_Screenshot_2026-05-27-13-04-24-888_com.nexters.herowars__R4.png;HW_HERO_0017;Guus;ACCEPTED;0.972205;0.128807;Guus;0.9999152421951294;HIGH;HW_HERO_0017;Guus;Guus;EXACT_ALIAS;1.0;guus;CONFIRMED;HW_HERO_0017;Guus;0
34344;R;5;34344_Screenshot_2026-05-27-13-04-24-888_com.nexters.herowars__R5.png;34344_Screenshot_2026-05-27-13-04-24-888_com.nexters.herowars__R5.png;HW_HERO_0049;Tempus;ACCEPTED;0.974383;0.122714;Tempus;0.9999720163935194;HIGH;HW_HERO_0049;Tempus;Tempus;EXACT_ALIAS;1.0;tempus;CONFIRMED;HW_HERO_0049;Tempus;0
34508;L;1;34508_Screenshot_20260525_012845_Hero_Wars__L1.png;34508_Screenshot_20260525_012845_Hero_Wars__L1.png;HW_HERO_0028;Kendle;REVIEW;0.882587;0.008442;Lara Croft;0.9935010440344403;HIGH;;;Astaroth;NO_MATCH;0.4444444444444444;lara croft;UNRESOLVED_OCR_TEXT;;;1
34508;L;2;34508_Screenshot_20260525_012845_Hero_Wars__L2.png;34508_Screenshot_20260525_012845_Hero_Wars__L2.png;HW_HERO_0023;Juge;ACCEPTED;0.969577;0.131627;Judge;0.999997174462734;HIGH;;;Juge;NO_MATCH;0.8888888888888888;judge;NEW_ALIAS_CANDIDATE;HW_HERO_0023;Juge;1
34508;L;3;34508_Screenshot_20260525_012845_Hero_Wars__L3.png;34508_Screenshot_20260525_012845_Hero_Wars__L3.png;HW_HERO_0024;Julius;ACCEPTED;0.981882;0.149588;Julius;0.9999967393105645;HIGH;HW_HERO_0024;Julius;Julius;EXACT_ALIAS;1.0;julius;CONFIRMED;HW_HERO_0024;Julius;0
34508;L;4;34508_Screenshot_20260525_012845_Hero_Wars__L4.png;34508_Screenshot_20260525_012845_Hero_Wars__L4.png;HW_HERO_0042;Polaris;ACCEPTED;0.980409;0.107727;Polaris;0.9999891863308095;HIGH;HW_HERO_0042;Polaris;Polaris;EXACT_ALIAS;1.0;polaris;CONFIRMED;HW_HERO_0042;Polaris;0
34508;L;5;34508_Screenshot_20260525_012845_Hero_Wars__L5.png;34508_Screenshot_20260525_012845_Hero_Wars__L5.png;HW_HERO_0014;Folio;UNKNOWN;0.813715;1.6e-05;Isaac;0.9997821643060455;HIGH;;;Ishmaël;NO_MATCH;0.5;isaac;UNRESOLVED_OCR_TEXT;;;1
34508;R;1;34508_Screenshot_20260525_012845_Hero_Wars__R1.png;34508_Screenshot_20260525_012845_Hero_Wars__R1.png;HW_HERO_0018;Iris;ACCEPTED;0.978932;0.081808;Iris;0.9992886781692505;HIGH;HW_HERO_0018;Iris;Iris;EXACT_ALIAS;1.0;iris;CONFIRMED;HW_HERO_0018;Iris;0
34508;R;2;34508_Screenshot_20260525_012845_Hero_Wars__R2.png;34508_Screenshot_20260525_012845_Hero_Wars__R2.png;HW_HERO_0042;Polaris;ACCEPTED;0.985901;0.106443;Polaris;0.9999032710448382;HIGH;HW_HERO_0042;Polaris;Polaris;EXACT_ALIAS;1.0;polaris;CONFIRMED;HW_HERO_0042;Polaris;0
34508;R;3;34508_Screenshot_20260525_012845_Hero_Wars__R3.png;34508_Screenshot_20260525_012845_Hero_Wars__R3.png;HW_HERO_0037;Octavia;ACCEPTED;0.979533;0.111613;Octavia;0.9998865447073717;HIGH;HW_HERO_0037;Octavia;Octavia;EXACT_ALIAS;1.0;octavia;CONFIRMED;HW_HERO_0037;Octavia;0
34508;R;4;34508_Screenshot_20260525_012845_Hero_Wars__R4.png;34508_Screenshot_20260525_012845_Hero_Wars__R4.png;HW_HERO_0010;Dante;ACCEPTED;0.959938;0.057471;Dante;0.9999678527939654;HIGH;HW_HERO_0010;Dante;Dante;EXACT_ALIAS;1.0;dante;CONFIRMED;HW_HERO_0010;Dante;0
34508;R;5;34508_Screenshot_20260525_012845_Hero_Wars__R5.png;34508_Screenshot_20260525_012845_Hero_Wars__R5.png;HW_HERO_0048;Somna;ACCEPTED;0.976692;0.137323;Somna;0.8484642400456689;MEDIUM;HW_HERO_0048;Somna;Somna;EXACT_ALIAS;1.0;somna;CONFIRMED;HW_HERO_0048;Somna;0
34662;L;1;34662_Screenshot_20260519_122217_Hero_Wars__L1.png;34662_Screenshot_20260519_122217_Hero_Wars__L1.png;HW_HERO_0018;Iris;ACCEPTED;0.980568;0.081508;Iris;0.9995715618133545;HIGH;HW_HERO_0018;Iris;Iris;EXACT_ALIAS;1.0;iris;CONFIRMED;HW_HERO_0018;Iris;0
34662;L;2;34662_Screenshot_20260519_122217_Hero_Wars__L2.png;34662_Screenshot_20260519_122217_Hero_Wars__L2.png;HW_HERO_0005;Cascade;ACCEPTED;0.927168;0.046389;Cascade;0.9999010985773772;HIGH;HW_HERO_0005;Cascade;Cascade;EXACT_ALIAS;1.0;cascade;CONFIRMED;HW_HERO_0005;Cascade;0
34662;L;3;34662_Screenshot_20260519_122217_Hero_Wars__L3.png;34662_Screenshot_20260519_122217_Hero_Wars__L3.png;HW_HERO_0010;Dante;ACCEPTED;0.95337;0.052262;Dante;0.9999791549764921;HIGH;HW_HERO_0010;Dante;Dante;EXACT_ALIAS;1.0;dante;CONFIRMED;HW_HERO_0010;Dante;0
34662;L;4;34662_Screenshot_20260519_122217_Hero_Wars__L4.png;34662_Screenshot_20260519_122217_Hero_Wars__L4.png;HW_HERO_0037;Octavia;ACCEPTED;0.975048;0.095786;Octavia;0.8911850037401755;HIGH;HW_HERO_0037;Octavia;Octavia;EXACT_ALIAS;1.0;octavia;CONFIRMED;HW_HERO_0037;Octavia;0
34662;L;5;34662_Screenshot_20260519_122217_Hero_Wars__L5.png;34662_Screenshot_20260519_122217_Hero_Wars__L5.png;HW_HERO_0042;Polaris;ACCEPTED;0.982604;0.092472;Polaris;0.9999894566729993;HIGH;HW_HERO_0042;Polaris;Polaris;EXACT_ALIAS;1.0;polaris;CONFIRMED;HW_HERO_0042;Polaris;0
34662;R;1;34662_Screenshot_20260519_122217_Hero_Wars__R1.png;34662_Screenshot_20260519_122217_Hero_Wars__R1.png;HW_HERO_0016;Ginger;ACCEPTED;0.940905;0.05456;Ginger;0.9999837451960943;HIGH;HW_HERO_0016;Ginger;Ginger;EXACT_ALIAS;1.0;ginger;CONFIRMED;HW_HERO_0016;Ginger;0
34662;R;2;34662_Screenshot_20260519_122217_Hero_Wars__R2.png;34662_Screenshot_20260519_122217_Hero_Wars__R2.png;HW_HERO_0024;Julius;ACCEPTED;0.975612;0.13399;Julius;0.9999964959754363;HIGH;HW_HERO_0024;Julius;Julius;EXACT_ALIAS;1.0;julius;CONFIRMED;HW_HERO_0024;Julius;0
34662;R;3;34662_Screenshot_20260519_122217_Hero_Wars__R3.png;34662_Screenshot_20260519_122217_Hero_Wars__R3.png;HW_HERO_0042;Polaris;ACCEPTED;0.97984;0.10736;Polaris;0.9999792287103723;HIGH;HW_HERO_0042;Polaris;Polaris;EXACT_ALIAS;1.0;polaris;CONFIRMED;HW_HERO_0042;Polaris;0
34662;R;4;34662_Screenshot_20260519_122217_Hero_Wars__R4.png;34662_Screenshot_20260519_122217_Hero_Wars__R4.png;HW_HERO_0052;Yasmine;ACCEPTED;0.967791;0.071374;Yasmine;0.9999968460170529;HIGH;HW_HERO_0052;Yasmine;Yasmine;EXACT_ALIAS;1.0;yasmine;CONFIRMED;HW_HERO_0052;Yasmine;0
34662;R;5;34662_Screenshot_20260519_122217_Hero_Wars__R5.png;34662_Screenshot_20260519_122217_Hero_Wars__R5.png;HW_HERO_0013;Fafnir;ACCEPTED;0.949329;0.128319;Fafnir;0.9999878332361988;HIGH;HW_HERO_0013;Fafnir;Fafnir;EXACT_ALIAS;1.0;fafnir;CONFIRMED;HW_HERO_0013;Fafnir;0
35316;L;1;35316_IMG_4656__L1.png;35316_IMG_4656__L1.png;HW_HERO_0051;Xe'Sha;ACCEPTED;0.9581;0.083062;Xe'Sha;0.9999184820472332;HIGH;HW_HERO_0051;Xe'Sha;Xe'Sha;EXACT_ALIAS;1.0;xe sha;CONFIRMED;HW_HERO_0051;Xe'Sha;0
35316;L;2;35316_IMG_4656__L2.png;35316_IMG_4656__L2.png;HW_HERO_0004;Byrna;ACCEPTED;0.956702;0.095602;Byrna;0.9999753165010985;HIGH;HW_HERO_0004;Byrna;Byrna;EXACT_ALIAS;1.0;byrna;CONFIRMED;HW_HERO_0004;Byrna;0
35316;L;3;35316_IMG_4656__L3.png;35316_IMG_4656__L3.png;HW_HERO_0049;Tempus;UNKNOWN;0.797341;0.013433;Phobos;0.999961017571312;HIGH;HW_HERO_0041;Phobos;Phobos;EXACT_ALIAS;1.0;phobos;CONFLICT;;;1
35316;L;4;35316_IMG_4656__L4.png;35316_IMG_4656__L4.png;HW_HERO_0034;Miu;ACCEPTED;0.957752;0.070551;Miu;0.9999874049413062;HIGH;HW_HERO_0034;Miu;Miu;EXACT_ALIAS;1.0;miu;CONFIRMED;HW_HERO_0034;Miu;0
35316;L;5;35316_IMG_4656__L5.png;35316_IMG_4656__L5.png;HW_HERO_0048;Somna;ACCEPTED;0.940085;0.118778;Somna;0.9998069016809916;HIGH;HW_HERO_0048;Somna;Somna;EXACT_ALIAS;1.0;somna;CONFIRMED;HW_HERO_0048;Somna;0
35316;R;1;35316_IMG_4656__R1.png;35316_IMG_4656__R1.png;HW_HERO_0014;Folio;ACCEPTED;0.965782;0.139845;Folio;0.999989924023174;HIGH;HW_HERO_0014;Folio;Folio;EXACT_ALIAS;1.0;folio;CONFIRMED;HW_HERO_0014;Folio;0
35316;R;2;35316_IMG_4656__R2.png;35316_IMG_4656__R2.png;HW_HERO_0048;Somna;ACCEPTED;0.950426;0.131355;Somna;0.9997908543834931;HIGH;HW_HERO_0048;Somna;Somna;EXACT_ALIAS;1.0;somna;CONFIRMED;HW_HERO_0048;Somna;0
35316;R;3;35316_IMG_4656__R3.png;35316_IMG_4656__R3.png;HW_HERO_0026;Kayla;ACCEPTED;0.954841;0.076223;Kayla;0.9999134208452451;HIGH;HW_HERO_0026;Kayla;Kayla;EXACT_ALIAS;1.0;kayla;CONFIRMED;HW_HERO_0026;Kayla;0
35316;R;4;35316_IMG_4656__R4.png;35316_IMG_4656__R4.png;HW_HERO_0001;Aidan;ACCEPTED;0.974845;0.119983;Aidan;0.9999839530682888;HIGH;HW_HERO_0001;Aidan;Aidan;EXACT_ALIAS;1.0;aidan;CONFIRMED;HW_HERO_0001;Aidan;0
35316;R;5;35316_IMG_4656__R5.png;35316_IMG_4656__R5.png;HW_HERO_0017;Guus;ACCEPTED;0.955745;0.147506;Guus;0.9999014139175415;HIGH;HW_HERO_0017;Guus;Guus;EXACT_ALIAS;1.0;guus;CONFIRMED;HW_HERO_0017;Guus;0
35379;L;1;35379_A31BEF3C-9F1D-4D7C-AD12-C22FFFC3AE9B__L1.png;35379_A31BEF3C-9F1D-4D7C-AD12-C22FFFC3AE9B__L1.png;HW_HERO_0018;Iris;ACCEPTED;0.959852;0.068909;Iris;0.9990132451057434;HIGH;HW_HERO_0018;Iris;Iris;EXACT_ALIAS;1.0;iris;CONFIRMED;HW_HERO_0018;Iris;0
35379;L;2;35379_A31BEF3C-9F1D-4D7C-AD12-C22FFFC3AE9B__L2.png;35379_A31BEF3C-9F1D-4D7C-AD12-C22FFFC3AE9B__L2.png;HW_HERO_0038;Orion;ACCEPTED;0.969699;0.149379;Orion;0.9999395972716817;HIGH;HW_HERO_0038;Orion;Orion;EXACT_ALIAS;1.0;orion;CONFIRMED;HW_HERO_0038;Orion;0
35379;L;3;35379_A31BEF3C-9F1D-4D7C-AD12-C22FFFC3AE9B__L3.png;35379_A31BEF3C-9F1D-4D7C-AD12-C22FFFC3AE9B__L3.png;HW_HERO_0010;Dante;REVIEW;0.854855;0.00461;Luther;0.7594535595067468;MEDIUM;;;Lilith;NO_MATCH;0.5;luther;MANUAL_REVIEW;;;1
35379;L;4;35379_A31BEF3C-9F1D-4D7C-AD12-C22FFFC3AE9B__L4.png;35379_A31BEF3C-9F1D-4D7C-AD12-C22FFFC3AE9B__L4.png;HW_HERO_0012;Electra von Grave;ACCEPTED;0.941468;0.071782;Electra von Grave;0.5254857693286814;LOW;HW_HERO_0012;Electra von Grave;Electra von Grave;EXACT_ALIAS;1.0;electra von grave;CONFIRMED;HW_HERO_0012;Electra von Grave;0
35379;L;5;35379_A31BEF3C-9F1D-4D7C-AD12-C22FFFC3AE9B__L5.png;35379_A31BEF3C-9F1D-4D7C-AD12-C22FFFC3AE9B__L5.png;HW_HERO_0047;Soleil;ACCEPTED;0.964484;0.103742;Soleil;0.9999265122402402;HIGH;HW_HERO_0047;Soleil;Soleil;EXACT_ALIAS;1.0;soleil;CONFIRMED;HW_HERO_0047;Soleil;0
35379;R;1;35379_A31BEF3C-9F1D-4D7C-AD12-C22FFFC3AE9B__R1.png;35379_A31BEF3C-9F1D-4D7C-AD12-C22FFFC3AE9B__R1.png;HW_HERO_0024;Julius;ACCEPTED;0.956779;0.132143;Julius;0.9999990753271192;HIGH;HW_HERO_0024;Julius;Julius;EXACT_ALIAS;1.0;julius;CONFIRMED;HW_HERO_0024;Julius;0
35379;R;2;35379_A31BEF3C-9F1D-4D7C-AD12-C22FFFC3AE9B__R2.png;35379_A31BEF3C-9F1D-4D7C-AD12-C22FFFC3AE9B__R2.png;HW_HERO_0042;Polaris;ACCEPTED;0.94955;0.088851;Polaris;0.9999815716827671;HIGH;HW_HERO_0042;Polaris;Polaris;EXACT_ALIAS;1.0;polaris;CONFIRMED;HW_HERO_0042;Polaris;0
35379;R;3;35379_A31BEF3C-9F1D-4D7C-AD12-C22FFFC3AE9B__R3.png;35379_A31BEF3C-9F1D-4D7C-AD12-C22FFFC3AE9B__R3.png;HW_HERO_0030;Lian;ACCEPTED;0.960573;0.057033;Lian;0.9930263161659241;HIGH;HW_HERO_0030;Lian;Lian;EXACT_ALIAS;1.0;lian;CONFIRMED;HW_HERO_0030;Lian;0
35379;R;4;35379_A31BEF3C-9F1D-4D7C-AD12-C22FFFC3AE9B__R4.png;35379_A31BEF3C-9F1D-4D7C-AD12-C22FFFC3AE9B__R4.png;HW_HERO_0004;Byrna;ACCEPTED;0.965259;0.101538;Byrna;0.9999831533865112;HIGH;HW_HERO_0004;Byrna;Byrna;EXACT_ALIAS;1.0;byrna;CONFIRMED;HW_HERO_0004;Byrna;0
35379;R;5;35379_A31BEF3C-9F1D-4D7C-AD12-C22FFFC3AE9B__R5.png;35379_A31BEF3C-9F1D-4D7C-AD12-C22FFFC3AE9B__R5.png;HW_HERO_0014;Folio;ACCEPTED;0.94897;0.126063;Folio;0.9999914700733065;HIGH;HW_HERO_0014;Folio;Folio;EXACT_ALIAS;1.0;folio;CONFIRMED;HW_HERO_0014;Folio;0
35444;L;1;35444_IMG_4662__L1.png;35444_IMG_4662__L1.png;HW_HERO_0018;Iris;ACCEPTED;0.971921;0.088827;Iris;0.5459168841411149;LOW;HW_HERO_0018;Iris;Iris;EXACT_ALIAS;1.0;iris;CONFIRMED;HW_HERO_0018;Iris;0
35444;L;2;35444_IMG_4662__L2.png;35444_IMG_4662__L2.png;HW_HERO_0024;Julius;ACCEPTED;0.968366;0.129977;Julius;0.9999979559860065;HIGH;HW_HERO_0024;Julius;Julius;EXACT_ALIAS;1.0;julius;CONFIRMED;HW_HERO_0024;Julius;0
35444;L;3;35444_IMG_4662__L3.png;35444_IMG_4662__L3.png;HW_HERO_0048;Somna;ACCEPTED;0.960412;0.1235;Somna;0.9999298944102166;HIGH;HW_HERO_0048;Somna;Somna;EXACT_ALIAS;1.0;somna;CONFIRMED;HW_HERO_0048;Somna;0
35444;L;4;35444_IMG_4662__L4.png;35444_IMG_4662__L4.png;HW_HERO_0001;Aidan;ACCEPTED;0.964886;0.100441;Aidan;0.9999761694957808;HIGH;HW_HERO_0001;Aidan;Aidan;EXACT_ALIAS;1.0;aidan;CONFIRMED;HW_HERO_0001;Aidan;0
35444;L;5;35444_IMG_4662__L5.png;35444_IMG_4662__L5.png;HW_HERO_0017;Guus;ACCEPTED;0.952691;0.147696;Guus;0.9998934864997864;HIGH;HW_HERO_0017;Guus;Guus;EXACT_ALIAS;1.0;guus;CONFIRMED;HW_HERO_0017;Guus;0
35444;R;1;35444_IMG_4662__R1.png;35444_IMG_4662__R1.png;HW_HERO_0018;Iris;ACCEPTED;0.976412;0.09334;Iris;0.8214573289907247;MEDIUM;HW_HERO_0018;Iris;Iris;EXACT_ALIAS;1.0;iris;CONFIRMED;HW_HERO_0018;Iris;0
35444;R;2;35444_IMG_4662__R2.png;35444_IMG_4662__R2.png;HW_HERO_0042;Polaris;ACCEPTED;0.949068;0.083191;Polaris;0.9999917996376568;HIGH;HW_HERO_0042;Polaris;Polaris;EXACT_ALIAS;1.0;polaris;CONFIRMED;HW_HERO_0042;Polaris;0
35444;R;3;35444_IMG_4662__R3.png;35444_IMG_4662__R3.png;HW_HERO_0009;Crow;REVIEW;0.864505;0.000648;Drayne;0.999915367301802;HIGH;;;Dante;NO_MATCH;0.7272727272727273;drayne;UNRESOLVED_OCR_TEXT;;;1
35444;R;4;35444_IMG_4662__R4.png;35444_IMG_4662__R4.png;HW_HERO_0048;Somna;ACCEPTED;0.927071;0.09345;Somna;0.9997642509894332;HIGH;HW_HERO_0048;Somna;Somna;EXACT_ALIAS;1.0;somna;CONFIRMED;HW_HERO_0048;Somna;0
35444;R;5;35444_IMG_4662__R5.png;35444_IMG_4662__R5.png;HW_HERO_0012;Electra von Grave;ACCEPTED;0.950788;0.082657;Electra von Grave;0.8691221456101328;HIGH;HW_HERO_0012;Electra von Grave;Electra von Grave;EXACT_ALIAS;1.0;electra von grave;CONFIRMED;HW_HERO_0012;Electra von Grave;0
35456;L;1;35456_8AAF3940-A958-4C51-8E39-E57D829FCBDA__L1.png;35456_8AAF3940-A958-4C51-8E39-E57D829FCBDA__L1.png;HW_HERO_0052;Yasmine;ACCEPTED;0.97002;0.08131;Yasmine;0.999988915988596;HIGH;HW_HERO_0052;Yasmine;Yasmine;EXACT_ALIAS;1.0;yasmine;CONFIRMED;HW_HERO_0052;Yasmine;0
35456;L;2;35456_8AAF3940-A958-4C51-8E39-E57D829FCBDA__L2.png;35456_8AAF3940-A958-4C51-8E39-E57D829FCBDA__L2.png;HW_HERO_0027;Keira;REVIEW;0.82198;0.000324;Isaac;0.9996436016826349;HIGH;;;Ishmaël;NO_MATCH;0.5;isaac;UNRESOLVED_OCR_TEXT;;;1
35456;L;3;35456_8AAF3940-A958-4C51-8E39-E57D829FCBDA__L3.png;35456_8AAF3940-A958-4C51-8E39-E57D829FCBDA__L3.png;HW_HERO_0046;Sébastien;ACCEPTED;0.972532;0.118511;Sebastian;0.7420976520716771;MEDIUM;;;Sébastien;NO_MATCH;0.8888888888888888;sebastian;VISUAL_ONLY;HW_HERO_0046;Sébastien;0
35456;L;4;35456_8AAF3940-A958-4C51-8E39-E57D829FCBDA__L4.png;35456_8AAF3940-A958-4C51-8E39-E57D829FCBDA__L4.png;HW_HERO_0024;Julius;ACCEPTED;0.963048;0.124164;Julius;0.9999982966550706;HIGH;HW_HERO_0024;Julius;Julius;EXACT_ALIAS;1.0;julius;CONFIRMED;HW_HERO_0024;Julius;0
35456;L;5;35456_8AAF3940-A958-4C51-8E39-E57D829FCBDA__L5.png;35456_8AAF3940-A958-4C51-8E39-E57D829FCBDA__L5.png;HW_HERO_0023;Juge;ACCEPTED;0.939393;0.100955;Judge;0.9999959482858912;HIGH;;;Juge;NO_MATCH;0.8888888888888888;judge;NEW_ALIAS_CANDIDATE;HW_HERO_0023;Juge;1
35456;R;1;35456_8AAF3940-A958-4C51-8E39-E57D829FCBDA__R1.png;35456_8AAF3940-A958-4C51-8E39-E57D829FCBDA__R1.png;HW_HERO_0045;Satori;ACCEPTED;0.97573;0.056528;Satori;0.8229147041843378;MEDIUM;HW_HERO_0045;Satori;Satori;EXACT_ALIAS;1.0;satori;CONFIRMED;HW_HERO_0045;Satori;0
35456;R;2;35456_8AAF3940-A958-4C51-8E39-E57D829FCBDA__R2.png;35456_8AAF3940-A958-4C51-8E39-E57D829FCBDA__R2.png;HW_HERO_0007;Champi et Gnon;ACCEPTED;0.947591;0.047093;Mushy and Shroom;0.9830286076841405;HIGH;;;Andvari;NO_MATCH;0.34782608695652173;mushy and shroom;NEW_ALIAS_CANDIDATE;HW_HERO_0007;Champi et Gnon;1
35456;R;3;35456_8AAF3940-A958-4C51-8E39-E57D829FCBDA__R3.png;35456_8AAF3940-A958-4C51-8E39-E57D829FCBDA__R3.png;HW_HERO_0003;Astaroth;ACCEPTED;0.960167;0.202314;Astaroth;0.999968726835851;HIGH;HW_HERO_0003;Astaroth;Astaroth;EXACT_ALIAS;1.0;astaroth;CONFIRMED;HW_HERO_0003;Astaroth;0
35456;R;4;35456_8AAF3940-A958-4C51-8E39-E57D829FCBDA__R4.png;35456_8AAF3940-A958-4C51-8E39-E57D829FCBDA__R4.png;HW_HERO_0017;Guus;ACCEPTED;0.952637;0.168991;Guus;0.9999423623085022;HIGH;HW_HERO_0017;Guus;Guus;EXACT_ALIAS;1.0;guus;CONFIRMED;HW_HERO_0017;Guus;0
35456;R;5;35456_8AAF3940-A958-4C51-8E39-E57D829FCBDA__R5.png;35456_8AAF3940-A958-4C51-8E39-E57D829FCBDA__R5.png;HW_HERO_0032;Martha;ACCEPTED;0.966052;0.119447;Martha;0.9999940139563673;HIGH;HW_HERO_0032;Martha;Martha;EXACT_ALIAS;1.0;martha;CONFIRMED;HW_HERO_0032;Martha;0
35576;L;1;35576_Screenshot_20260609_075918_Hero_Wars__L1.png;35576_Screenshot_20260609_075918_Hero_Wars__L1.png;HW_HERO_0018;Iris;ACCEPTED;0.960737;0.061117;Iris;0.9996885657310486;HIGH;HW_HERO_0018;Iris;Iris;EXACT_ALIAS;1.0;iris;CONFIRMED;HW_HERO_0018;Iris;0
35576;L;2;35576_Screenshot_20260609_075918_Hero_Wars__L2.png;35576_Screenshot_20260609_075918_Hero_Wars__L2.png;HW_HERO_0018;Iris;REVIEW;0.894881;0.001694;Morrigan;0.8857458947821623;HIGH;;;Dorian;NO_MATCH;0.7142857142857143;morrigan;UNRESOLVED_OCR_TEXT;;;1
35576;L;3;35576_Screenshot_20260609_075918_Hero_Wars__L3.png;35576_Screenshot_20260609_075918_Hero_Wars__L3.png;HW_HERO_0049;Tempus;ACCEPTED;0.962765;0.106155;Tempus;0.9999178980326309;HIGH;HW_HERO_0049;Tempus;Tempus;EXACT_ALIAS;1.0;tempus;CONFIRMED;HW_HERO_0049;Tempus;0
35576;L;4;35576_Screenshot_20260609_075918_Hero_Wars__L4.png;35576_Screenshot_20260609_075918_Hero_Wars__L4.png;HW_HERO_0012;Electra von Grave;ACCEPTED;0.977848;0.120646;Electra von Grave;0.6803853972423952;MEDIUM;HW_HERO_0012;Electra von Grave;Electra von Grave;EXACT_ALIAS;1.0;electra von grave;CONFIRMED;HW_HERO_0012;Electra von Grave;0
35576;L;5;35576_Screenshot_20260609_075918_Hero_Wars__L5.png;35576_Screenshot_20260609_075918_Hero_Wars__L5.png;HW_HERO_0001;Aidan;ACCEPTED;0.967958;0.113057;Aidan;0.9774062703996143;HIGH;HW_HERO_0001;Aidan;Aidan;EXACT_ALIAS;1.0;aidan;CONFIRMED;HW_HERO_0001;Aidan;0
35576;R;1;35576_Screenshot_20260609_075918_Hero_Wars__R1.png;35576_Screenshot_20260609_075918_Hero_Wars__R1.png;HW_HERO_0014;Folio;ACCEPTED;0.958692;0.093343;Folio;0.9999016387613284;HIGH;HW_HERO_0014;Folio;Folio;EXACT_ALIAS;1.0;folio;CONFIRMED;HW_HERO_0014;Folio;0
35576;R;2;35576_Screenshot_20260609_075918_Hero_Wars__R2.png;35576_Screenshot_20260609_075918_Hero_Wars__R2.png;HW_HERO_0049;Tempus;UNKNOWN;0.797243;0.012339;Phobos;0.99998603255233;HIGH;HW_HERO_0041;Phobos;Phobos;EXACT_ALIAS;1.0;phobos;CONFLICT;;;1
35576;R;3;35576_Screenshot_20260609_075918_Hero_Wars__R3.png;35576_Screenshot_20260609_075918_Hero_Wars__R3.png;HW_HERO_0019;Ishmaël;ACCEPTED;0.931328;0.091801;Ishmaël;0.9997880902609161;HIGH;HW_HERO_0019;Ishmaël;Ishmaël;EXACT_ALIAS;1.0;ishmael;CONFIRMED;HW_HERO_0019;Ishmaël;0
35576;R;4;35576_Screenshot_20260609_075918_Hero_Wars__R4.png;35576_Screenshot_20260609_075918_Hero_Wars__R4.png;HW_HERO_0003;Astaroth;ACCEPTED;0.915005;0.122661;Astaroth;0.9999842370271966;HIGH;HW_HERO_0003;Astaroth;Astaroth;EXACT_ALIAS;1.0;astaroth;CONFIRMED;HW_HERO_0003;Astaroth;0
35576;R;5;35576_Screenshot_20260609_075918_Hero_Wars__R5.png;35576_Screenshot_20260609_075918_Hero_Wars__R5.png;HW_HERO_0045;Satori;ACCEPTED;0.962295;0.064584;Satori;0.9999833558587458;HIGH;HW_HERO_0045;Satori;Satori;EXACT_ALIAS;1.0;satori;CONFIRMED;HW_HERO_0045;Satori;0
36111;L;1;36111_Hero_Wars_2026-06-14-06-27-11__L1.png;36111_Hero_Wars_2026-06-14-06-27-11__L1.png;HW_HERO_0018;Iris;ACCEPTED;0.979009;0.096849;Iris;0.9994781017303467;HIGH;HW_HERO_0018;Iris;Iris;EXACT_ALIAS;1.0;iris;CONFIRMED;HW_HERO_0018;Iris;0
36111;L;2;36111_Hero_Wars_2026-06-14-06-27-11__L2.png;36111_Hero_Wars_2026-06-14-06-27-11__L2.png;HW_HERO_0004;Byrna;ACCEPTED;0.976916;0.12935;Byrna;0.8442145637684021;MEDIUM;HW_HERO_0004;Byrna;Byrna;EXACT_ALIAS;1.0;byrna;CONFIRMED;HW_HERO_0004;Byrna;0
36111;L;3;36111_Hero_Wars_2026-06-14-06-27-11__L3.png;36111_Hero_Wars_2026-06-14-06-27-11__L3.png;HW_HERO_0030;Lian;ACCEPTED;0.970028;0.07005;Lian;0.9916451573371887;HIGH;HW_HERO_0030;Lian;Lian;EXACT_ALIAS;1.0;lian;CONFIRMED;HW_HERO_0030;Lian;0
36111;L;4;36111_Hero_Wars_2026-06-14-06-27-11__L4.png;36111_Hero_Wars_2026-06-14-06-27-11__L4.png;HW_HERO_0012;Electra von Grave;ACCEPTED;0.974981;0.098941;Electra von Grave;0.921653435526307;HIGH;HW_HERO_0012;Electra von Grave;Electra von Grave;EXACT_ALIAS;1.0;electra von grave;CONFIRMED;HW_HERO_0012;Electra von Grave;0
36111;L;5;36111_Hero_Wars_2026-06-14-06-27-11__L5.png;36111_Hero_Wars_2026-06-14-06-27-11__L5.png;HW_HERO_0017;Guus;ACCEPTED;0.9678;0.137922;Guus;0.9998879432678223;HIGH;HW_HERO_0017;Guus;Guus;EXACT_ALIAS;1.0;guus;CONFIRMED;HW_HERO_0017;Guus;0
36111;R;1;36111_Hero_Wars_2026-06-14-06-27-11__R1.png;36111_Hero_Wars_2026-06-14-06-27-11__R1.png;HW_HERO_0018;Iris;ACCEPTED;0.981446;0.090919;Iris;0.9991863965988159;HIGH;HW_HERO_0018;Iris;Iris;EXACT_ALIAS;1.0;iris;CONFIRMED;HW_HERO_0018;Iris;0
36111;R;2;36111_Hero_Wars_2026-06-14-06-27-11__R2.png;36111_Hero_Wars_2026-06-14-06-27-11__R2.png;HW_HERO_0008;Corvus;ACCEPTED;0.939396;0.076611;Corvus;0.9999465146579892;HIGH;HW_HERO_0008;Corvus;Corvus;EXACT_ALIAS;1.0;corvus;CONFIRMED;HW_HERO_0008;Corvus;0
36111;R;3;36111_Hero_Wars_2026-06-14-06-27-11__R3.png;36111_Hero_Wars_2026-06-14-06-27-11__R3.png;HW_HERO_0010;Dante;ACCEPTED;0.9498;0.053946;Dante;0.999963321254284;HIGH;HW_HERO_0010;Dante;Dante;EXACT_ALIAS;1.0;dante;CONFIRMED;HW_HERO_0010;Dante;0
36111;R;4;36111_Hero_Wars_2026-06-14-06-27-11__R4.png;36111_Hero_Wars_2026-06-14-06-27-11__R4.png;HW_HERO_0018;Iris;REVIEW;0.89139;0.01237;Morrigan;0.9175108880069979;HIGH;;;Dorian;NO_MATCH;0.7142857142857143;morrigan;UNRESOLVED_OCR_TEXT;;;1
36111;R;5;36111_Hero_Wars_2026-06-14-06-27-11__R5.png;36111_Hero_Wars_2026-06-14-06-27-11__R5.png;HW_HERO_0037;Octavia;ACCEPTED;0.971296;0.10892;Octavia;0.9999326842952524;HIGH;HW_HERO_0037;Octavia;Octavia;EXACT_ALIAS;1.0;octavia;CONFIRMED;HW_HERO_0037;Octavia;0
36129;L;1;36129_Hero_Wars_2026-06-15-09-10-09__L1.png;36129_Hero_Wars_2026-06-15-09-10-09__L1.png;HW_HERO_0045;Satori;ACCEPTED;0.974173;0.092519;Satori;0.9999833071915747;HIGH;HW_HERO_0045;Satori;Satori;EXACT_ALIAS;1.0;satori;CONFIRMED;HW_HERO_0045;Satori;0
36129;L;2;36129_Hero_Wars_2026-06-15-09-10-09__L2.png;36129_Hero_Wars_2026-06-15-09-10-09__L2.png;HW_HERO_0018;Iris;ACCEPTED;0.901551;0.027726;Amira;0.9999842729409785;HIGH;;;Aidan;NO_MATCH;0.6;amira;NEW_ALIAS_CANDIDATE;HW_HERO_0018;Iris;1
36129;L;3;36129_Hero_Wars_2026-06-15-09-10-09__L3.png;36129_Hero_Wars_2026-06-15-09-10-09__L3.png;HW_HERO_0014;Folio;ACCEPTED;0.971707;0.123705;Folio;0.9999791549764921;HIGH;HW_HERO_0014;Folio;Folio;EXACT_ALIAS;1.0;folio;CONFIRMED;HW_HERO_0014;Folio;0
36129;L;4;36129_Hero_Wars_2026-06-15-09-10-09__L4.png;36129_Hero_Wars_2026-06-15-09-10-09__L4.png;HW_HERO_0048;Somna;ACCEPTED;0.966793;0.113198;Somna;0.999819856786029;HIGH;HW_HERO_0048;Somna;Somna;EXACT_ALIAS;1.0;somna;CONFIRMED;HW_HERO_0048;Somna;0
36129;L;5;36129_Hero_Wars_2026-06-15-09-10-09__L5.png;36129_Hero_Wars_2026-06-15-09-10-09__L5.png;HW_HERO_0044;Rufus;ACCEPTED;0.958215;0.094818;Rufus;0.9999955217895569;HIGH;HW_HERO_0044;Rufus;Rufus;EXACT_ALIAS;1.0;rufus;CONFIRMED;HW_HERO_0044;Rufus;0
36129;R;1;36129_Hero_Wars_2026-06-15-09-10-09__R1.png;36129_Hero_Wars_2026-06-15-09-10-09__R1.png;HW_HERO_0007;Champi et Gnon;ACCEPTED;0.967088;0.085241;Champi et Gnon;0.8580351015698943;HIGH;HW_HERO_0007;Champi et Gnon;Champi et Gnon;EXACT_ALIAS;1.0;champi et gnon;CONFIRMED;HW_HERO_0007;Champi et Gnon;0
36129;R;2;36129_Hero_Wars_2026-06-15-09-10-09__R2.png;36129_Hero_Wars_2026-06-15-09-10-09__R2.png;HW_HERO_0004;Byrna;ACCEPTED;0.972359;0.123941;Byrna;0.9999539382938257;HIGH;HW_HERO_0004;Byrna;Byrna;EXACT_ALIAS;1.0;byrna;CONFIRMED;HW_HERO_0004;Byrna;0
36129;R;3;36129_Hero_Wars_2026-06-15-09-10-09__R3.png;36129_Hero_Wars_2026-06-15-09-10-09__R3.png;HW_HERO_0030;Lian;ACCEPTED;0.975043;0.069262;Lian;0.9959655404090881;HIGH;HW_HERO_0030;Lian;Lian;EXACT_ALIAS;1.0;lian;CONFIRMED;HW_HERO_0030;Lian;0
36129;R;4;36129_Hero_Wars_2026-06-15-09-10-09__R4.png;36129_Hero_Wars_2026-06-15-09-10-09__R4.png;HW_HERO_0017;Guus;ACCEPTED;0.970118;0.144855;Guus;0.999930739402771;HIGH;HW_HERO_0017;Guus;Guus;EXACT_ALIAS;1.0;guus;CONFIRMED;HW_HERO_0017;Guus;0
36129;R;5;36129_Hero_Wars_2026-06-15-09-10-09__R5.png;36129_Hero_Wars_2026-06-15-09-10-09__R5.png;HW_HERO_0001;Aidan;ACCEPTED;0.974097;0.121248;Aidan;0.9999619884480339;HIGH;HW_HERO_0001;Aidan;Aidan;EXACT_ALIAS;1.0;aidan;CONFIRMED;HW_HERO_0001;Aidan;0
36168;L;1;36168_DE167D9D-293E-4B01-913B-DFE26AC97FC6__L1.png;36168_DE167D9D-293E-4B01-913B-DFE26AC97FC6__L1.png;HW_HERO_0045;Satori;ACCEPTED;0.973116;0.076708;Satori;0.9975339559867896;HIGH;HW_HERO_0045;Satori;Satori;EXACT_ALIAS;1.0;satori;CONFIRMED;HW_HERO_0045;Satori;0
36168;L;2;36168_DE167D9D-293E-4B01-913B-DFE26AC97FC6__L2.png;36168_DE167D9D-293E-4B01-913B-DFE26AC97FC6__L2.png;HW_HERO_0008;Corvus;ACCEPTED;0.975745;0.130425;Corvus;0.9999638889478734;HIGH;HW_HERO_0008;Corvus;Corvus;EXACT_ALIAS;1.0;corvus;CONFIRMED;HW_HERO_0008;Corvus;0
36168;L;3;36168_DE167D9D-293E-4B01-913B-DFE26AC97FC6__L3.png;36168_DE167D9D-293E-4B01-913B-DFE26AC97FC6__L3.png;HW_HERO_0051;Xe'Sha;ACCEPTED;0.983191;0.113916;Xe'Sha;0.9995083875855474;HIGH;HW_HERO_0051;Xe'Sha;Xe'Sha;EXACT_ALIAS;1.0;xe sha;CONFIRMED;HW_HERO_0051;Xe'Sha;0
36168;L;4;36168_DE167D9D-293E-4B01-913B-DFE26AC97FC6__L4.png;36168_DE167D9D-293E-4B01-913B-DFE26AC97FC6__L4.png;HW_HERO_0030;Lian;ACCEPTED;0.968805;0.062229;Lian;0.5673205796641813;LOW;HW_HERO_0030;Lian;Lian;EXACT_ALIAS;1.0;lian;CONFIRMED;HW_HERO_0030;Lian;0
36168;L;5;36168_DE167D9D-293E-4B01-913B-DFE26AC97FC6__L5.png;36168_DE167D9D-293E-4B01-913B-DFE26AC97FC6__L5.png;HW_HERO_0043;Qing Mao;REVIEW;0.881083;0.004601;Amira;0.9999759562471182;HIGH;;;Aidan;NO_MATCH;0.6;amira;UNRESOLVED_OCR_TEXT;;;1
36168;R;1;36168_DE167D9D-293E-4B01-913B-DFE26AC97FC6__R1.png;36168_DE167D9D-293E-4B01-913B-DFE26AC97FC6__R1.png;HW_HERO_0008;Corvus;ACCEPTED;0.956583;0.111713;Corvus;0.999966760322582;HIGH;HW_HERO_0008;Corvus;Corvus;EXACT_ALIAS;1.0;corvus;CONFIRMED;HW_HERO_0008;Corvus;0
36168;R;2;36168_DE167D9D-293E-4B01-913B-DFE26AC97FC6__R2.png;36168_DE167D9D-293E-4B01-913B-DFE26AC97FC6__R2.png;HW_HERO_0018;Iris;ACCEPTED;0.957817;0.061858;Iris;0.9984753131866455;HIGH;HW_HERO_0018;Iris;Iris;EXACT_ALIAS;1.0;iris;CONFIRMED;HW_HERO_0018;Iris;0
36168;R;3;36168_DE167D9D-293E-4B01-913B-DFE26AC97FC6__R3.png;36168_DE167D9D-293E-4B01-913B-DFE26AC97FC6__R3.png;HW_HERO_0030;Lian;ACCEPTED;0.966399;0.064057;Lian;0.9936234354972839;HIGH;HW_HERO_0030;Lian;Lian;EXACT_ALIAS;1.0;lian;CONFIRMED;HW_HERO_0030;Lian;0
36168;R;4;36168_DE167D9D-293E-4B01-913B-DFE26AC97FC6__R4.png;36168_DE167D9D-293E-4B01-913B-DFE26AC97FC6__R4.png;HW_HERO_0049;Tempus;ACCEPTED;0.949822;0.125739;Tempus;0.9999740117521565;HIGH;HW_HERO_0049;Tempus;Tempus;EXACT_ALIAS;1.0;tempus;CONFIRMED;HW_HERO_0049;Tempus;0
36168;R;5;36168_DE167D9D-293E-4B01-913B-DFE26AC97FC6__R5.png;36168_DE167D9D-293E-4B01-913B-DFE26AC97FC6__R5.png;HW_HERO_0036;Nébula;ACCEPTED;0.961542;0.084124;Nebula;0.9999131285771764;HIGH;HW_HERO_0036;Nébula;Nébula;EXACT_ALIAS;1.0;nebula;CONFIRMED;HW_HERO_0036;Nébula;0
36184;L;1;36184_1610F51E-B3B9-4F19-A124-88CA72E57D62__L1.png;36184_1610F51E-B3B9-4F19-A124-88CA72E57D62__L1.png;HW_HERO_0052;Yasmine;ACCEPTED;0.967182;0.084141;Yasmine;0.9999820222541783;HIGH;HW_HERO_0052;Yasmine;Yasmine;EXACT_ALIAS;1.0;yasmine;CONFIRMED;HW_HERO_0052;Yasmine;0
36184;L;2;36184_1610F51E-B3B9-4F19-A124-88CA72E57D62__L2.png;36184_1610F51E-B3B9-4F19-A124-88CA72E57D62__L2.png;HW_HERO_0035;Mojo;ACCEPTED;0.941525;0.12131;Mojo;0.9999902248382568;HIGH;HW_HERO_0035;Mojo;Mojo;EXACT_ALIAS;1.0;mojo;CONFIRMED;HW_HERO_0035;Mojo;0
36184;L;3;36184_1610F51E-B3B9-4F19-A124-88CA72E57D62__L3.png;36184_1610F51E-B3B9-4F19-A124-88CA72E57D62__L3.png;HW_HERO_0042;Polaris;ACCEPTED;0.960995;0.093695;Polaris;0.9999861675080858;HIGH;HW_HERO_0042;Polaris;Polaris;EXACT_ALIAS;1.0;polaris;CONFIRMED;HW_HERO_0042;Polaris;0
36184;L;4;36184_1610F51E-B3B9-4F19-A124-88CA72E57D62__L4.png;36184_1610F51E-B3B9-4F19-A124-88CA72E57D62__L4.png;HW_HERO_0024;Julius;ACCEPTED;0.9619;0.126051;Julius;0.9999978586519834;HIGH;HW_HERO_0024;Julius;Julius;EXACT_ALIAS;1.0;julius;CONFIRMED;HW_HERO_0024;Julius;0
36184;L;5;36184_1610F51E-B3B9-4F19-A124-88CA72E57D62__L5.png;36184_1610F51E-B3B9-4F19-A124-88CA72E57D62__L5.png;HW_HERO_0013;Fafnir;ACCEPTED;0.954627;0.152338;Fafnir;0.9480590527701805;HIGH;HW_HERO_0013;Fafnir;Fafnir;EXACT_ALIAS;1.0;fafnir;CONFIRMED;HW_HERO_0013;Fafnir;0
36184;R;1;36184_1610F51E-B3B9-4F19-A124-88CA72E57D62__R1.png;36184_1610F51E-B3B9-4F19-A124-88CA72E57D62__R1.png;HW_HERO_0050;Tristan;ACCEPTED;0.940616;0.077965;Tristan;0.6446048980881197;MEDIUM;HW_HERO_0050;Tristan;Tristan;EXACT_ALIAS;1.0;tristan;CONFIRMED;HW_HERO_0050;Tristan;0
36184;R;2;36184_1610F51E-B3B9-4F19-A124-88CA72E57D62__R2.png;36184_1610F51E-B3B9-4F19-A124-88CA72E57D62__R2.png;HW_HERO_0019;Ishmaël;ACCEPTED;0.972851;0.141775;Ishmael;0.9686494190121155;HIGH;HW_HERO_0019;Ishmaël;Ishmaël;EXACT_ALIAS;1.0;ishmael;CONFIRMED;HW_HERO_0019;Ishmaël;0
36184;R;3;36184_1610F51E-B3B9-4F19-A124-88CA72E57D62__R3.png;36184_1610F51E-B3B9-4F19-A124-88CA72E57D62__R3.png;HW_HERO_0043;Qing Mao;REVIEW;0.873289;0.005512;Artemis;0.9999708931211356;HIGH;;;Tempus;NO_MATCH;0.6153846153846154;artemis;UNRESOLVED_OCR_TEXT;;;1
36184;R;4;36184_1610F51E-B3B9-4F19-A124-88CA72E57D62__R4.png;36184_1610F51E-B3B9-4F19-A124-88CA72E57D62__R4.png;HW_HERO_0017;Guus;ACCEPTED;0.955109;0.160123;Guus;0.9999571442604065;HIGH;HW_HERO_0017;Guus;Guus;EXACT_ALIAS;1.0;guus;CONFIRMED;HW_HERO_0017;Guus;0
36184;R;5;36184_1610F51E-B3B9-4F19-A124-88CA72E57D62__R5.png;36184_1610F51E-B3B9-4F19-A124-88CA72E57D62__R5.png;HW_HERO_0013;Fafnir;ACCEPTED;0.957978;0.14853;Fafnir;0.9999874925663336;HIGH;HW_HERO_0013;Fafnir;Fafnir;EXACT_ALIAS;1.0;fafnir;CONFIRMED;HW_HERO_0013;Fafnir;0
36265;L;1;36265_IMG_4806__L1.png;36265_IMG_4806__L1.png;HW_HERO_0045;Satori;ACCEPTED;0.9743;0.065816;Satori;0.9999836965289276;HIGH;HW_HERO_0045;Satori;Satori;EXACT_ALIAS;1.0;satori;CONFIRMED;HW_HERO_0045;Satori;0
36265;L;2;36265_IMG_4806__L2.png;36265_IMG_4806__L2.png;HW_HERO_0048;Somna;ACCEPTED;0.945784;0.119326;Somna;0.9999027050139411;HIGH;HW_HERO_0048;Somna;Somna;EXACT_ALIAS;1.0;somna;CONFIRMED;HW_HERO_0048;Somna;0
36265;L;3;36265_IMG_4806__L3.png;36265_IMG_4806__L3.png;HW_HERO_0049;Tempus;UNKNOWN;0.808825;0.019544;Phobos;0.9972221685623889;HIGH;HW_HERO_0041;Phobos;Phobos;EXACT_ALIAS;1.0;phobos;CONFLICT;;;1
36265;L;4;36265_IMG_4806__L4.png;36265_IMG_4806__L4.png;HW_HERO_0014;Folio;ACCEPTED;0.951726;0.110408;Folio;0.9999861388647616;HIGH;HW_HERO_0014;Folio;Folio;EXACT_ALIAS;1.0;folio;CONFIRMED;HW_HERO_0014;Folio;0
36265;L;5;36265_IMG_4806__L5.png;36265_IMG_4806__L5.png;HW_HERO_0047;Soleil;ACCEPTED;0.965958;0.106921;Soleil;0.9999130312412975;HIGH;HW_HERO_0047;Soleil;Soleil;EXACT_ALIAS;1.0;soleil;CONFIRMED;HW_HERO_0047;Soleil;0
36265;R;1;36265_IMG_4806__R1.png;36265_IMG_4806__R1.png;HW_HERO_0004;Byrna;ACCEPTED;0.972805;0.114214;Byrna;0.9999456748825433;HIGH;HW_HERO_0004;Byrna;Byrna;EXACT_ALIAS;1.0;byrna;CONFIRMED;HW_HERO_0004;Byrna;0
36265;R;2;36265_IMG_4806__R2.png;36265_IMG_4806__R2.png;HW_HERO_0042;Polaris;ACCEPTED;0.957633;0.096084;Polaris;0.9999894566729993;HIGH;HW_HERO_0042;Polaris;Polaris;EXACT_ALIAS;1.0;polaris;CONFIRMED;HW_HERO_0042;Polaris;0
36265;R;3;36265_IMG_4806__R3.png;36265_IMG_4806__R3.png;HW_HERO_0014;Folio;ACCEPTED;0.951458;0.116163;Folio;0.9999925363146127;HIGH;HW_HERO_0014;Folio;Folio;EXACT_ALIAS;1.0;folio;CONFIRMED;HW_HERO_0014;Folio;0
36265;R;4;36265_IMG_4806__R4.png;36265_IMG_4806__R4.png;HW_HERO_0044;Rufus;ACCEPTED;0.971633;0.104195;Rufus;0.9999893909023732;HIGH;HW_HERO_0044;Rufus;Rufus;EXACT_ALIAS;1.0;rufus;CONFIRMED;HW_HERO_0044;Rufus;0
36265;R;5;36265_IMG_4806__R5.png;36265_IMG_4806__R5.png;HW_HERO_0024;Julius;ACCEPTED;0.96915;0.122099;Julius;0.9992100972687833;HIGH;HW_HERO_0024;Julius;Julius;EXACT_ALIAS;1.0;julius;CONFIRMED;HW_HERO_0024;Julius;0
36312;L;1;36312_Screenshot_20260622_004058_Hero_Wars__L1.png;36312_Screenshot_20260622_004058_Hero_Wars__L1.png;HW_HERO_0018;Iris;ACCEPTED;0.976117;0.080552;Iris;0.997561514377594;HIGH;HW_HERO_0018;Iris;Iris;EXACT_ALIAS;1.0;iris;CONFIRMED;HW_HERO_0018;Iris;0
36312;L;2;36312_Screenshot_20260622_004058_Hero_Wars__L2.png;36312_Screenshot_20260622_004058_Hero_Wars__L2.png;HW_HERO_0038;Orion;ACCEPTED;0.934936;0.082315;Orion;0.9999354389038432;HIGH;HW_HERO_0038;Orion;Orion;EXACT_ALIAS;1.0;orion;CONFIRMED;HW_HERO_0038;Orion;0
36312;L;3;36312_Screenshot_20260622_004058_Hero_Wars__L3.png;36312_Screenshot_20260622_004058_Hero_Wars__L3.png;HW_HERO_0047;Soleil;ACCEPTED;0.94915;0.090578;Soleil;0.9997829886051778;HIGH;HW_HERO_0047;Soleil;Soleil;EXACT_ALIAS;1.0;soleil;CONFIRMED;HW_HERO_0047;Soleil;0
36312;L;4;36312_Screenshot_20260622_004058_Hero_Wars__L4.png;36312_Screenshot_20260622_004058_Hero_Wars__L4.png;HW_HERO_0012;Electra von Grave;ACCEPTED;0.984848;0.108128;Electra von Grave;0.9940226837972846;HIGH;HW_HERO_0012;Electra von Grave;Electra von Grave;EXACT_ALIAS;1.0;electra von grave;CONFIRMED;HW_HERO_0012;Electra von Grave;0
36312;L;5;36312_Screenshot_20260622_004058_Hero_Wars__L5.png;36312_Screenshot_20260622_004058_Hero_Wars__L5.png;HW_HERO_0036;Nébula;ACCEPTED;0.952353;0.082043;Nébula;0.999894634721962;HIGH;HW_HERO_0036;Nébula;Nébula;EXACT_ALIAS;1.0;nebula;CONFIRMED;HW_HERO_0036;Nébula;0
36312;R;1;36312_Screenshot_20260622_004058_Hero_Wars__R1.png;36312_Screenshot_20260622_004058_Hero_Wars__R1.png;HW_HERO_0004;Byrna;ACCEPTED;0.972848;0.109406;Byrna;0.9999784619185637;HIGH;HW_HERO_0004;Byrna;Byrna;EXACT_ALIAS;1.0;byrna;CONFIRMED;HW_HERO_0004;Byrna;0
36312;R;2;36312_Screenshot_20260622_004058_Hero_Wars__R2.png;36312_Screenshot_20260622_004058_Hero_Wars__R2.png;HW_HERO_0024;Julius;ACCEPTED;0.971853;0.129325;Julius;0.9990460440403143;HIGH;HW_HERO_0024;Julius;Julius;EXACT_ALIAS;1.0;julius;CONFIRMED;HW_HERO_0024;Julius;0
36312;R;3;36312_Screenshot_20260622_004058_Hero_Wars__R3.png;36312_Screenshot_20260622_004058_Hero_Wars__R3.png;HW_HERO_0023;Juge;ACCEPTED;0.975819;0.124793;Juge;0.9999985694885254;HIGH;HW_HERO_0023;Juge;Juge;EXACT_ALIAS;1.0;juge;CONFIRMED;HW_HERO_0023;Juge;0
36312;R;4;36312_Screenshot_20260622_004058_Hero_Wars__R4.png;36312_Screenshot_20260622_004058_Hero_Wars__R4.png;HW_HERO_0014;Folio;ACCEPTED;0.979387;0.131325;Folio;0.9999853391831908;HIGH;HW_HERO_0014;Folio;Folio;EXACT_ALIAS;1.0;folio;CONFIRMED;HW_HERO_0014;Folio;0
36312;R;5;36312_Screenshot_20260622_004058_Hero_Wars__R5.png;36312_Screenshot_20260622_004058_Hero_Wars__R5.png;HW_HERO_0042;Polaris;ACCEPTED;0.981153;0.11839;Polaris;0.9999622871649263;HIGH;HW_HERO_0042;Polaris;Polaris;EXACT_ALIAS;1.0;polaris;CONFIRMED;HW_HERO_0042;Polaris;0
36369;L;1;36369_Screenshot_20260616_140607_Hero_Wars__L1.png;36369_Screenshot_20260616_140607_Hero_Wars__L1.png;HW_HERO_0018;Iris;ACCEPTED;0.969336;0.079459;Iris;0.999476969242096;HIGH;HW_HERO_0018;Iris;Iris;EXACT_ALIAS;1.0;iris;CONFIRMED;HW_HERO_0018;Iris;0
36369;L;2;36369_Screenshot_20260616_140607_Hero_Wars__L2.png;36369_Screenshot_20260616_140607_Hero_Wars__L2.png;HW_HERO_0038;Orion;ACCEPTED;0.940938;0.097347;Orion;0.9998928421721545;HIGH;HW_HERO_0038;Orion;Orion;EXACT_ALIAS;1.0;orion;CONFIRMED;HW_HERO_0038;Orion;0
36369;L;3;36369_Screenshot_20260616_140607_Hero_Wars__L3.png;36369_Screenshot_20260616_140607_Hero_Wars__L3.png;HW_HERO_0049;Tempus;ACCEPTED;0.973225;0.113653;Tempus;0.999943643270215;HIGH;HW_HERO_0049;Tempus;Tempus;EXACT_ALIAS;1.0;tempus;CONFIRMED;HW_HERO_0049;Tempus;0
36369;L;4;36369_Screenshot_20260616_140607_Hero_Wars__L4.png;36369_Screenshot_20260616_140607_Hero_Wars__L4.png;HW_HERO_0044;Rufus;ACCEPTED;0.947927;0.080237;Rufus;0.999997174462734;HIGH;HW_HERO_0044;Rufus;Rufus;EXACT_ALIAS;1.0;rufus;CONFIRMED;HW_HERO_0044;Rufus;0
36369;L;5;36369_Screenshot_20260616_140607_Hero_Wars__L5.png;36369_Screenshot_20260616_140607_Hero_Wars__L5.png;HW_HERO_0048;Somna;ACCEPTED;0.975069;0.141871;Somna;0.999889163595791;HIGH;HW_HERO_0048;Somna;Somna;EXACT_ALIAS;1.0;somna;CONFIRMED;HW_HERO_0048;Somna;0
36369;R;1;36369_Screenshot_20260616_140607_Hero_Wars__R1.png;36369_Screenshot_20260616_140607_Hero_Wars__R1.png;HW_HERO_0004;Byrna;ACCEPTED;0.96901;0.111985;Byrna;0.9999857123679332;HIGH;HW_HERO_0004;Byrna;Byrna;EXACT_ALIAS;1.0;byrna;CONFIRMED;HW_HERO_0004;Byrna;0
36369;R;2;36369_Screenshot_20260616_140607_Hero_Wars__R2.png;36369_Screenshot_20260616_140607_Hero_Wars__R2.png;HW_HERO_0051;Xe'Sha;ACCEPTED;0.977519;0.105762;Xe'Sha;0.9998495677949618;HIGH;HW_HERO_0051;Xe'Sha;Xe'Sha;EXACT_ALIAS;1.0;xe sha;CONFIRMED;HW_HERO_0051;Xe'Sha;0
36369;R;3;36369_Screenshot_20260616_140607_Hero_Wars__R3.png;36369_Screenshot_20260616_140607_Hero_Wars__R3.png;HW_HERO_0050;Tristan;ACCEPTED;0.945011;0.096575;Tristan;0.9999811211112904;HIGH;HW_HERO_0050;Tristan;Tristan;EXACT_ALIAS;1.0;tristan;CONFIRMED;HW_HERO_0050;Tristan;0
36369;R;4;36369_Screenshot_20260616_140607_Hero_Wars__R4.png;36369_Screenshot_20260616_140607_Hero_Wars__R4.png;HW_HERO_0039;Oya;ACCEPTED;0.945211;0.094469;Oya;0.9994139737465954;HIGH;HW_HERO_0039;Oya;Oya;EXACT_ALIAS;1.0;oya;CONFIRMED;HW_HERO_0039;Oya;0
36369;R;5;36369_Screenshot_20260616_140607_Hero_Wars__R5.png;36369_Screenshot_20260616_140607_Hero_Wars__R5.png;HW_HERO_0007;Champi et Gnon;ACCEPTED;0.972041;0.080943;Champi et Gnon;0.8223313261525836;MEDIUM;HW_HERO_0007;Champi et Gnon;Champi et Gnon;EXACT_ALIAS;1.0;champi et gnon;CONFIRMED;HW_HERO_0007;Champi et Gnon;0
36850;L;1;36850_Screenshot_20260609_191547_Hero_Wars__L1.png;36850_Screenshot_20260609_191547_Hero_Wars__L1.png;HW_HERO_0014;Folio;ACCEPTED;0.97444;0.130901;Folio;0.9999824070167843;HIGH;HW_HERO_0014;Folio;Folio;EXACT_ALIAS;1.0;folio;CONFIRMED;HW_HERO_0014;Folio;0
36850;L;2;36850_Screenshot_20260609_191547_Hero_Wars__L2.png;36850_Screenshot_20260609_191547_Hero_Wars__L2.png;HW_HERO_0028;Kendle;REVIEW;0.88631;0.0073;Lara Croft;0.7964297886029009;MEDIUM;;;Astaroth;NO_MATCH;0.4444444444444444;lara croft;MANUAL_REVIEW;;;1
36850;L;3;36850_Screenshot_20260609_191547_Hero_Wars__L3.png;36850_Screenshot_20260609_191547_Hero_Wars__L3.png;HW_HERO_0024;Julius;ACCEPTED;0.974663;0.136575;Julius;0.999997809984971;HIGH;HW_HERO_0024;Julius;Julius;EXACT_ALIAS;1.0;julius;CONFIRMED;HW_HERO_0024;Julius;0
36850;L;4;36850_Screenshot_20260609_191547_Hero_Wars__L4.png;36850_Screenshot_20260609_191547_Hero_Wars__L4.png;HW_HERO_0042;Polaris;ACCEPTED;0.975945;0.101533;Polaris;0.9999845003957682;HIGH;HW_HERO_0042;Polaris;Polaris;EXACT_ALIAS;1.0;polaris;CONFIRMED;HW_HERO_0042;Polaris;0
36850;L;5;36850_Screenshot_20260609_191547_Hero_Wars__L5.png;36850_Screenshot_20260609_191547_Hero_Wars__L5.png;HW_HERO_0023;Juge;ACCEPTED;0.967701;0.130653;Juge;0.3461133564543284;LOW;HW_HERO_0023;Juge;Juge;EXACT_ALIAS;1.0;juge;CONFIRMED;HW_HERO_0023;Juge;0
36850;R;1;36850_Screenshot_20260609_191547_Hero_Wars__R1.png;36850_Screenshot_20260609_191547_Hero_Wars__R1.png;HW_HERO_0014;Folio;ACCEPTED;0.968839;0.12027;Folio;0.9999886978452819;HIGH;HW_HERO_0014;Folio;Folio;EXACT_ALIAS;1.0;folio;CONFIRMED;HW_HERO_0014;Folio;0
36850;R;2;36850_Screenshot_20260609_191547_Hero_Wars__R2.png;36850_Screenshot_20260609_191547_Hero_Wars__R2.png;HW_HERO_0017;Guus;ACCEPTED;0.981403;0.150437;Guus;0.9997732639312744;HIGH;HW_HERO_0017;Guus;Guus;EXACT_ALIAS;1.0;guus;CONFIRMED;HW_HERO_0017;Guus;0
36850;R;3;36850_Screenshot_20260609_191547_Hero_Wars__R3.png;36850_Screenshot_20260609_191547_Hero_Wars__R3.png;HW_HERO_0010;Dante;REVIEW;0.861374;0.012797;Sanface;0.9999793638819048;HIGH;;;Dante;NO_MATCH;0.5;sanface;UNRESOLVED_OCR_TEXT;;;1
36850;R;4;36850_Screenshot_20260609_191547_Hero_Wars__R4.png;36850_Screenshot_20260609_191547_Hero_Wars__R4.png;HW_HERO_0003;Astaroth;ACCEPTED;0.920755;0.138638;Astaroth;0.9999779149503636;HIGH;HW_HERO_0003;Astaroth;Astaroth;EXACT_ALIAS;1.0;astaroth;CONFIRMED;HW_HERO_0003;Astaroth;0
36850;R;5;36850_Screenshot_20260609_191547_Hero_Wars__R5.png;36850_Screenshot_20260609_191547_Hero_Wars__R5.png;HW_HERO_0001;Aidan;ACCEPTED;0.982957;0.126202;Aidan;0.9999785685428642;HIGH;HW_HERO_0001;Aidan;Aidan;EXACT_ALIAS;1.0;aidan;CONFIRMED;HW_HERO_0001;Aidan;0
37053;L;1;37053_Screenshot_20260622_211945_Hero_Wars__L1.png;37053_Screenshot_20260622_211945_Hero_Wars__L1.png;HW_HERO_0018;Iris;ACCEPTED;0.976337;0.077142;Iris;0.9975561499595642;HIGH;HW_HERO_0018;Iris;Iris;EXACT_ALIAS;1.0;iris;CONFIRMED;HW_HERO_0018;Iris;0
37053;L;2;37053_Screenshot_20260622_211945_Hero_Wars__L2.png;37053_Screenshot_20260622_211945_Hero_Wars__L2.png;HW_HERO_0024;Julius;ACCEPTED;0.978498;0.130309;Julius;0.9999982966550706;HIGH;HW_HERO_0024;Julius;Julius;EXACT_ALIAS;1.0;julius;CONFIRMED;HW_HERO_0024;Julius;0
37053;L;3;37053_Screenshot_20260622_211945_Hero_Wars__L3.png;37053_Screenshot_20260622_211945_Hero_Wars__L3.png;HW_HERO_0042;Polaris;ACCEPTED;0.980763;0.097543;Polaris;0.7873735237696723;MEDIUM;HW_HERO_0042;Polaris;Polaris;EXACT_ALIAS;1.0;polaris;CONFIRMED;HW_HERO_0042;Polaris;0
37053;L;4;37053_Screenshot_20260622_211945_Hero_Wars__L4.png;37053_Screenshot_20260622_211945_Hero_Wars__L4.png;HW_HERO_0047;Soleil;ACCEPTED;0.964258;0.100724;Soleil;0.999846745013283;HIGH;HW_HERO_0047;Soleil;Soleil;EXACT_ALIAS;1.0;soleil;CONFIRMED;HW_HERO_0047;Soleil;0
37053;L;5;37053_Screenshot_20260622_211945_Hero_Wars__L5.png;37053_Screenshot_20260622_211945_Hero_Wars__L5.png;HW_HERO_0023;Juge;ACCEPTED;0.97556;0.150397;Judge;0.9994366926104983;HIGH;;;Juge;NO_MATCH;0.8888888888888888;judge;NEW_ALIAS_CANDIDATE;HW_HERO_0023;Juge;1
37053;R;1;37053_Screenshot_20260622_211945_Hero_Wars__R1.png;37053_Screenshot_20260622_211945_Hero_Wars__R1.png;HW_HERO_0014;Folio;ACCEPTED;0.978437;0.13856;Folio;0.9999669464862231;HIGH;HW_HERO_0014;Folio;Folio;EXACT_ALIAS;1.0;folio;CONFIRMED;HW_HERO_0014;Folio;0
37053;R;2;37053_Screenshot_20260622_211945_Hero_Wars__R2.png;37053_Screenshot_20260622_211945_Hero_Wars__R2.png;HW_HERO_0024;Julius;ACCEPTED;0.972854;0.129714;Julius;0.9999962039732647;HIGH;HW_HERO_0024;Julius;Julius;EXACT_ALIAS;1.0;julius;CONFIRMED;HW_HERO_0024;Julius;0
37053;R;3;37053_Screenshot_20260622_211945_Hero_Wars__R3.png;37053_Screenshot_20260622_211945_Hero_Wars__R3.png;HW_HERO_0042;Polaris;ACCEPTED;0.981399;0.110695;Polaris;0.999982472825524;HIGH;HW_HERO_0042;Polaris;Polaris;EXACT_ALIAS;1.0;polaris;CONFIRMED;HW_HERO_0042;Polaris;0
37053;R;4;37053_Screenshot_20260622_211945_Hero_Wars__R4.png;37053_Screenshot_20260622_211945_Hero_Wars__R4.png;HW_HERO_0049;Tempus;ACCEPTED;0.971433;0.110363;Tempus;0.9999312816813474;HIGH;HW_HERO_0049;Tempus;Tempus;EXACT_ALIAS;1.0;tempus;CONFIRMED;HW_HERO_0049;Tempus;0
37053;R;5;37053_Screenshot_20260622_211945_Hero_Wars__R5.png;37053_Screenshot_20260622_211945_Hero_Wars__R5.png;HW_HERO_0048;Somna;ACCEPTED;0.976901;0.145234;Somna;0.9998452871197794;HIGH;HW_HERO_0048;Somna;Somna;EXACT_ALIAS;1.0;somna;CONFIRMED;HW_HERO_0048;Somna;0
37069;L;1;37069_Screenshot_20260622_210945_Hero_Wars__L1.png;37069_Screenshot_20260622_210945_Hero_Wars__L1.png;HW_HERO_0018;Iris;ACCEPTED;0.981796;0.092194;Iris;0.9996752142906189;HIGH;HW_HERO_0018;Iris;Iris;EXACT_ALIAS;1.0;iris;CONFIRMED;HW_HERO_0018;Iris;0
37069;L;2;37069_Screenshot_20260622_210945_Hero_Wars__L2.png;37069_Screenshot_20260622_210945_Hero_Wars__L2.png;HW_HERO_0010;Dante;ACCEPTED;0.952263;0.058966;Dante;0.9999295212230151;HIGH;HW_HERO_0010;Dante;Dante;EXACT_ALIAS;1.0;dante;CONFIRMED;HW_HERO_0010;Dante;0
37069;L;3;37069_Screenshot_20260622_210945_Hero_Wars__L3.png;37069_Screenshot_20260622_210945_Hero_Wars__L3.png;HW_HERO_0037;Octavia;ACCEPTED;0.979379;0.104045;Octavia;0.9997644336917874;HIGH;HW_HERO_0037;Octavia;Octavia;EXACT_ALIAS;1.0;octavia;CONFIRMED;HW_HERO_0037;Octavia;0
37069;L;4;37069_Screenshot_20260622_210945_Hero_Wars__L4.png;37069_Screenshot_20260622_210945_Hero_Wars__L4.png;HW_HERO_0042;Polaris;ACCEPTED;0.978761;0.103748;Polaris;0.9999883302470524;HIGH;HW_HERO_0042;Polaris;Polaris;EXACT_ALIAS;1.0;polaris;CONFIRMED;HW_HERO_0042;Polaris;0
37069;L;5;37069_Screenshot_20260622_210945_Hero_Wars__L5.png;37069_Screenshot_20260622_210945_Hero_Wars__L5.png;HW_HERO_0036;Nébula;ACCEPTED;0.958663;0.083909;Nebula;0.9999034923148414;HIGH;HW_HERO_0036;Nébula;Nébula;EXACT_ALIAS;1.0;nebula;CONFIRMED;HW_HERO_0036;Nébula;0
37069;R;1;37069_Screenshot_20260622_210945_Hero_Wars__R1.png;37069_Screenshot_20260622_210945_Hero_Wars__R1.png;HW_HERO_0042;Polaris;ACCEPTED;0.977386;0.103749;Polaris;0.9999583671664745;HIGH;HW_HERO_0042;Polaris;Polaris;EXACT_ALIAS;1.0;polaris;CONFIRMED;HW_HERO_0042;Polaris;0
37069;R;2;37069_Screenshot_20260622_210945_Hero_Wars__R2.png;37069_Screenshot_20260622_210945_Hero_Wars__R2.png;HW_HERO_0014;Folio;ACCEPTED;0.971617;0.126964;Folio;0.999984432877319;HIGH;HW_HERO_0014;Folio;Folio;EXACT_ALIAS;1.0;folio;CONFIRMED;HW_HERO_0014;Folio;0
37069;R;3;37069_Screenshot_20260622_210945_Hero_Wars__R3.png;37069_Screenshot_20260622_210945_Hero_Wars__R3.png;HW_HERO_0024;Julius;ACCEPTED;0.978651;0.124619;Julius;0.999997809984971;HIGH;HW_HERO_0024;Julius;Julius;EXACT_ALIAS;1.0;julius;CONFIRMED;HW_HERO_0024;Julius;0
37069;R;4;37069_Screenshot_20260622_210945_Hero_Wars__R4.png;37069_Screenshot_20260622_210945_Hero_Wars__R4.png;HW_HERO_0001;Aidan;ACCEPTED;0.975202;0.11552;Aidan;0.9999518058013631;HIGH;HW_HERO_0001;Aidan;Aidan;EXACT_ALIAS;1.0;aidan;CONFIRMED;HW_HERO_0001;Aidan;0
37069;R;5;37069_Screenshot_20260622_210945_Hero_Wars__R5.png;37069_Screenshot_20260622_210945_Hero_Wars__R5.png;HW_HERO_0017;Guus;ACCEPTED;0.96862;0.133903;Guus;0.9998626112937927;HIGH;HW_HERO_0017;Guus;Guus;EXACT_ALIAS;1.0;guus;CONFIRMED;HW_HERO_0017;Guus;0
37110;L;1;37110_IMG_7320__L1.png;37110_IMG_7320__L1.png;HW_HERO_0026;Kayla;ACCEPTED;0.974077;0.100598;Kayla;0.9998824461913536;HIGH;HW_HERO_0026;Kayla;Kayla;EXACT_ALIAS;1.0;kayla;CONFIRMED;HW_HERO_0026;Kayla;0
37110;L;2;37110_IMG_7320__L2.png;37110_IMG_7320__L2.png;HW_HERO_0037;Octavia;REVIEW;0.851033;0.014379;Coupe-chou;0.9998932756699294;HIGH;;;Peech;NO_MATCH;0.5333333333333333;coupe chou;UNRESOLVED_OCR_TEXT;;;1
37110;L;3;37110_IMG_7320__L3.png;37110_IMG_7320__L3.png;HW_HERO_0022;Jorgen;REVIEW;0.886468;0.037002;Jorgen;0.9999976639839309;HIGH;HW_HERO_0022;Jorgen;Jorgen;EXACT_ALIAS;1.0;jorgen;RESCUED_BY_OCR;HW_HERO_0022;Jorgen;0
37110;L;4;37110_IMG_7320__L4.png;37110_IMG_7320__L4.png;HW_HERO_0001;Aidan;ACCEPTED;0.978451;0.133361;Aidan;0.9999809675892679;HIGH;HW_HERO_0001;Aidan;Aidan;EXACT_ALIAS;1.0;aidan;CONFIRMED;HW_HERO_0001;Aidan;0
37110;L;5;37110_IMG_7320__L5.png;37110_IMG_7320__L5.png;HW_HERO_0013;Fafnir;ACCEPTED;0.932893;0.128345;Fafnir;0.9999157079771898;HIGH;HW_HERO_0013;Fafnir;Fafnir;EXACT_ALIAS;1.0;fafnir;CONFIRMED;HW_HERO_0013;Fafnir;0
37110;R;1;37110_IMG_7320__R1.png;37110_IMG_7320__R1.png;HW_HERO_0051;Xe'Sha;ACCEPTED;0.965334;0.09031;Xe'Sha;0.9981786543363862;HIGH;HW_HERO_0051;Xe'Sha;Xe'Sha;EXACT_ALIAS;1.0;xe sha;CONFIRMED;HW_HERO_0051;Xe'Sha;0
37110;R;2;37110_IMG_7320__R2.png;37110_IMG_7320__R2.png;HW_HERO_0037;Octavia;REVIEW;0.838261;0.017152;Coupe-chou;0.9998665841279912;HIGH;;;Peech;NO_MATCH;0.5333333333333333;coupe chou;UNRESOLVED_OCR_TEXT;;;1
37110;R;3;37110_IMG_7320__R3.png;37110_IMG_7320__R3.png;HW_HERO_0031;Lilith;REVIEW;0.898392;0.051559;Lilith;0.6814514313684826;MEDIUM;HW_HERO_0031;Lilith;Lilith;EXACT_ALIAS;1.0;lilith;AGREEMENT_REVIEW;HW_HERO_0031;Lilith;1
37110;R;4;37110_IMG_7320__R4.png;37110_IMG_7320__R4.png;HW_HERO_0011;Dorian;ACCEPTED;0.962076;0.104068;Dorian;0.9999648622954399;HIGH;HW_HERO_0011;Dorian;Dorian;EXACT_ALIAS;1.0;dorian;CONFIRMED;HW_HERO_0011;Dorian;0
37110;R;5;37110_IMG_7320__R5.png;37110_IMG_7320__R5.png;HW_HERO_0034;Miu;REVIEW;0.861786;0.020266;Peppy;0.999908302837955;HIGH;;;Peech;NO_MATCH;0.4;peppy;UNRESOLVED_OCR_TEXT;;;1
37355;L;1;37355_Screenshot_20260611_094637_Hero_Wars__L1.png;37355_Screenshot_20260611_094637_Hero_Wars__L1.png;HW_HERO_0052;Yasmine;ACCEPTED;0.963255;0.085481;Yasmine;0.9999975218708119;HIGH;HW_HERO_0052;Yasmine;Yasmine;EXACT_ALIAS;1.0;yasmine;CONFIRMED;HW_HERO_0052;Yasmine;0
37355;L;2;37355_Screenshot_20260611_094637_Hero_Wars__L2.png;37355_Screenshot_20260611_094637_Hero_Wars__L2.png;HW_HERO_0039;Oya;ACCEPTED;0.957047;0.0847;Oya;0.999604814353587;HIGH;HW_HERO_0039;Oya;Oya;EXACT_ALIAS;1.0;oya;CONFIRMED;HW_HERO_0039;Oya;0
37355;L;3;37355_Screenshot_20260611_094637_Hero_Wars__L3.png;37355_Screenshot_20260611_094637_Hero_Wars__L3.png;HW_HERO_0010;Dante;ACCEPTED;0.959958;0.060541;Dante;0.9999743035698019;HIGH;HW_HERO_0010;Dante;Dante;EXACT_ALIAS;1.0;dante;CONFIRMED;HW_HERO_0010;Dante;0
37355;L;4;37355_Screenshot_20260611_094637_Hero_Wars__L4.png;37355_Screenshot_20260611_094637_Hero_Wars__L4.png;HW_HERO_0017;Guus;ACCEPTED;0.969826;0.1493;Guus;0.9999244809150696;HIGH;HW_HERO_0017;Guus;Guus;EXACT_ALIAS;1.0;guus;CONFIRMED;HW_HERO_0017;Guus;0
37355;L;5;37355_Screenshot_20260611_094637_Hero_Wars__L5.png;37355_Screenshot_20260611_094637_Hero_Wars__L5.png;HW_HERO_0037;Octavia;ACCEPTED;0.970425;0.084364;Octavia;0.9890282561966155;HIGH;HW_HERO_0037;Octavia;Octavia;EXACT_ALIAS;1.0;octavia;CONFIRMED;HW_HERO_0037;Octavia;0
37355;R;1;37355_Screenshot_20260611_094637_Hero_Wars__R1.png;37355_Screenshot_20260611_094637_Hero_Wars__R1.png;HW_HERO_0018;Iris;ACCEPTED;0.980757;0.08037;Iris;0.9993467330932617;HIGH;HW_HERO_0018;Iris;Iris;EXACT_ALIAS;1.0;iris;CONFIRMED;HW_HERO_0018;Iris;0
37355;R;2;37355_Screenshot_20260611_094637_Hero_Wars__R2.png;37355_Screenshot_20260611_094637_Hero_Wars__R2.png;HW_HERO_0024;Julius;ACCEPTED;0.972072;0.132144;Julius;0.999997031312701;HIGH;HW_HERO_0024;Julius;Julius;EXACT_ALIAS;1.0;julius;CONFIRMED;HW_HERO_0024;Julius;0
37355;R;3;37355_Screenshot_20260611_094637_Hero_Wars__R3.png;37355_Screenshot_20260611_094637_Hero_Wars__R3.png;HW_HERO_0049;Tempus;ACCEPTED;0.978131;0.114754;Tempus;0.9999289942969648;HIGH;HW_HERO_0049;Tempus;Tempus;EXACT_ALIAS;1.0;tempus;CONFIRMED;HW_HERO_0049;Tempus;0
37355;R;4;37355_Screenshot_20260611_094637_Hero_Wars__R4.png;37355_Screenshot_20260611_094637_Hero_Wars__R4.png;HW_HERO_0048;Somna;ACCEPTED;0.961884;0.127391;Somna;0.9998918292309963;HIGH;HW_HERO_0048;Somna;Somna;EXACT_ALIAS;1.0;somna;CONFIRMED;HW_HERO_0048;Somna;0
37355;R;5;37355_Screenshot_20260611_094637_Hero_Wars__R5.png;37355_Screenshot_20260611_094637_Hero_Wars__R5.png;HW_HERO_0042;Polaris;ACCEPTED;0.977342;0.114731;Polaris;0.9998582928821057;HIGH;HW_HERO_0042;Polaris;Polaris;EXACT_ALIAS;1.0;polaris;CONFIRMED;HW_HERO_0042;Polaris;0
37629;L;1;37629_Screenshot_2026-06-28-11-49-49-469_com.nexters.herowars__L1.png;37629_Screenshot_2026-06-28-11-49-49-469_com.nexters.herowars__L1.png;HW_HERO_0018;Iris;ACCEPTED;0.976217;0.074287;Iris;0.9989174604415894;HIGH;HW_HERO_0018;Iris;Iris;EXACT_ALIAS;1.0;iris;CONFIRMED;HW_HERO_0018;Iris;0
37629;L;2;37629_Screenshot_2026-06-28-11-49-49-469_com.nexters.herowars__L2.png;37629_Screenshot_2026-06-28-11-49-49-469_com.nexters.herowars__L2.png;HW_HERO_0039;Oya;ACCEPTED;0.95355;0.09599;Oya;0.9998299340889757;HIGH;HW_HERO_0039;Oya;Oya;EXACT_ALIAS;1.0;oya;CONFIRMED;HW_HERO_0039;Oya;0
37629;L;3;37629_Screenshot_2026-06-28-11-49-49-469_com.nexters.herowars__L3.png;37629_Screenshot_2026-06-28-11-49-49-469_com.nexters.herowars__L3.png;HW_HERO_0008;Corvus;ACCEPTED;0.95067;0.084445;Corvus;0.9999587788696562;HIGH;HW_HERO_0008;Corvus;Corvus;EXACT_ALIAS;1.0;corvus;CONFIRMED;HW_HERO_0008;Corvus;0
37629;L;4;37629_Screenshot_2026-06-28-11-49-49-469_com.nexters.herowars__L4.png;37629_Screenshot_2026-06-28-11-49-49-469_com.nexters.herowars__L4.png;HW_HERO_0048;Somna;ACCEPTED;0.958529;0.110236;Somna;0.999877754667635;HIGH;HW_HERO_0048;Somna;Somna;EXACT_ALIAS;1.0;somna;CONFIRMED;HW_HERO_0048;Somna;0
37629;L;5;37629_Screenshot_2026-06-28-11-49-49-469_com.nexters.herowars__L5.png;37629_Screenshot_2026-06-28-11-49-49-469_com.nexters.herowars__L5.png;HW_HERO_0037;Octavia;ACCEPTED;0.968779;0.096084;Octavia;0.9998840664873979;HIGH;HW_HERO_0037;Octavia;Octavia;EXACT_ALIAS;1.0;octavia;CONFIRMED;HW_HERO_0037;Octavia;0
37629;R;1;37629_Screenshot_2026-06-28-11-49-49-469_com.nexters.herowars__R1.png;37629_Screenshot_2026-06-28-11-49-49-469_com.nexters.herowars__R1.png;HW_HERO_0014;Folio;ACCEPTED;0.974203;0.114811;Folio;0.9999784619185637;HIGH;HW_HERO_0014;Folio;Folio;EXACT_ALIAS;1.0;folio;CONFIRMED;HW_HERO_0014;Folio;0
37629;R;2;37629_Screenshot_2026-06-28-11-49-49-469_com.nexters.herowars__R2.png;37629_Screenshot_2026-06-28-11-49-49-469_com.nexters.herowars__R2.png;HW_HERO_0024;Julius;ACCEPTED;0.965209;0.122932;Julius;0.999998247988063;HIGH;HW_HERO_0024;Julius;Julius;EXACT_ALIAS;1.0;julius;CONFIRMED;HW_HERO_0024;Julius;0
37629;R;3;37629_Screenshot_2026-06-28-11-49-49-469_com.nexters.herowars__R3.png;37629_Screenshot_2026-06-28-11-49-49-469_com.nexters.herowars__R3.png;HW_HERO_0026;Kayla;ACCEPTED;0.966673;0.087271;Kayla;0.9982155588776468;HIGH;HW_HERO_0026;Kayla;Kayla;EXACT_ALIAS;1.0;kayla;CONFIRMED;HW_HERO_0026;Kayla;0
37629;R;4;37629_Screenshot_2026-06-28-11-49-49-469_com.nexters.herowars__R4.png;37629_Screenshot_2026-06-28-11-49-49-469_com.nexters.herowars__R4.png;HW_HERO_0042;Polaris;ACCEPTED;0.974537;0.107528;Polaris;0.9999897270151656;HIGH;HW_HERO_0042;Polaris;Polaris;EXACT_ALIAS;1.0;polaris;CONFIRMED;HW_HERO_0042;Polaris;0
37629;R;5;37629_Screenshot_2026-06-28-11-49-49-469_com.nexters.herowars__R5.png;37629_Screenshot_2026-06-28-11-49-49-469_com.nexters.herowars__R5.png;HW_HERO_0001;Aidan;ACCEPTED;0.975405;0.122783;Aidan;0.9999363985273717;HIGH;HW_HERO_0001;Aidan;Aidan;EXACT_ALIAS;1.0;aidan;CONFIRMED;HW_HERO_0001;Aidan;0
37640;L;1;37640_IMG_4894__L1.png;37640_IMG_4894__L1.png;HW_HERO_0018;Iris;ACCEPTED;0.974267;0.08844;Iris;0.9985132813453674;HIGH;HW_HERO_0018;Iris;Iris;EXACT_ALIAS;1.0;iris;CONFIRMED;HW_HERO_0018;Iris;0
37640;L;2;37640_IMG_4894__L2.png;37640_IMG_4894__L2.png;HW_HERO_0007;Champi et Gnon;ACCEPTED;0.955424;0.071515;Mushy and Shroom;0.8936576407083828;HIGH;;;Andvari;NO_MATCH;0.34782608695652173;mushy and shroom;NEW_ALIAS_CANDIDATE;HW_HERO_0007;Champi et Gnon;1
37640;L;3;37640_IMG_4894__L3.png;37640_IMG_4894__L3.png;HW_HERO_0039;Oya;ACCEPTED;0.945614;0.077918;Oya;0.999780656305519;HIGH;HW_HERO_0039;Oya;Oya;EXACT_ALIAS;1.0;oya;CONFIRMED;HW_HERO_0039;Oya;0
37640;L;4;37640_IMG_4894__L4.png;37640_IMG_4894__L4.png;HW_HERO_0049;Tempus;UNKNOWN;0.795951;0.011075;Phobos;0.9998006555487123;HIGH;HW_HERO_0041;Phobos;Phobos;EXACT_ALIAS;1.0;phobos;CONFLICT;;;1
37640;L;5;37640_IMG_4894__L5.png;37640_IMG_4894__L5.png;HW_HERO_0017;Guus;ACCEPTED;0.972677;0.172475;Guus;0.9998865127563477;HIGH;HW_HERO_0017;Guus;Guus;EXACT_ALIAS;1.0;guus;CONFIRMED;HW_HERO_0017;Guus;0
37640;R;1;37640_IMG_4894__R1.png;37640_IMG_4894__R1.png;HW_HERO_0018;Iris;ACCEPTED;0.977205;0.09476;Iris;0.9988925457000732;HIGH;HW_HERO_0018;Iris;Iris;EXACT_ALIAS;1.0;iris;CONFIRMED;HW_HERO_0018;Iris;0
37640;R;2;37640_IMG_4894__R2.png;37640_IMG_4894__R2.png;HW_HERO_0045;Satori;ACCEPTED;0.971226;0.076978;Satori;0.9999734277448432;HIGH;HW_HERO_0045;Satori;Satori;EXACT_ALIAS;1.0;satori;CONFIRMED;HW_HERO_0045;Satori;0
37640;R;3;37640_IMG_4894__R3.png;37640_IMG_4894__R3.png;HW_HERO_0048;Somna;ACCEPTED;0.949787;0.122088;Somna;0.9998166046833351;HIGH;HW_HERO_0048;Somna;Somna;EXACT_ALIAS;1.0;somna;CONFIRMED;HW_HERO_0048;Somna;0
37640;R;4;37640_IMG_4894__R4.png;37640_IMG_4894__R4.png;HW_HERO_0044;Rufus;ACCEPTED;0.962995;0.088723;Rufus;0.999988431284847;HIGH;HW_HERO_0044;Rufus;Rufus;EXACT_ALIAS;1.0;rufus;CONFIRMED;HW_HERO_0044;Rufus;0
37640;R;5;37640_IMG_4894__R5.png;37640_IMG_4894__R5.png;HW_HERO_0024;Julius;ACCEPTED;0.969008;0.129726;Julius;0.9999983939890842;HIGH;HW_HERO_0024;Julius;Julius;EXACT_ALIAS;1.0;julius;CONFIRMED;HW_HERO_0024;Julius;0
37701;L;1;37701_Screenshot_2026-07-01-09-13-21-020_com.nexters.herowars__L1.png;37701_Screenshot_2026-07-01-09-13-21-020_com.nexters.herowars__L1.png;HW_HERO_0045;Satori;ACCEPTED;0.97459;0.084255;Satori;0.9999844265363725;HIGH;HW_HERO_0045;Satori;Satori;EXACT_ALIAS;1.0;satori;CONFIRMED;HW_HERO_0045;Satori;0
37701;L;2;37701_Screenshot_2026-07-01-09-13-21-020_com.nexters.herowars__L2.png;37701_Screenshot_2026-07-01-09-13-21-020_com.nexters.herowars__L2.png;HW_HERO_0012;Electra von Grave;ACCEPTED;0.972807;0.095601;Electra von Grave;0.7469676278006129;MEDIUM;HW_HERO_0012;Electra von Grave;Electra von Grave;EXACT_ALIAS;1.0;electra von grave;CONFIRMED;HW_HERO_0012;Electra von Grave;0
37701;L;3;37701_Screenshot_2026-07-01-09-13-21-020_com.nexters.herowars__L3.png;37701_Screenshot_2026-07-01-09-13-21-020_com.nexters.herowars__L3.png;HW_HERO_0030;Lian;ACCEPTED;0.96803;0.070257;Lian;0.9957904815673828;HIGH;HW_HERO_0030;Lian;Lian;EXACT_ALIAS;1.0;lian;CONFIRMED;HW_HERO_0030;Lian;0
37701;L;4;37701_Screenshot_2026-07-01-09-13-21-020_com.nexters.herowars__L4.png;37701_Screenshot_2026-07-01-09-13-21-020_com.nexters.herowars__L4.png;HW_HERO_0004;Byrna;ACCEPTED;0.979933;0.112599;Byrna;0.9999814473984674;HIGH;HW_HERO_0004;Byrna;Byrna;EXACT_ALIAS;1.0;byrna;CONFIRMED;HW_HERO_0004;Byrna;0
37701;L;5;37701_Screenshot_2026-07-01-09-13-21-020_com.nexters.herowars__L5.png;37701_Screenshot_2026-07-01-09-13-21-020_com.nexters.herowars__L5.png;HW_HERO_0001;Aidan;ACCEPTED;0.973064;0.113534;Aidan;0.9999614553254752;HIGH;HW_HERO_0001;Aidan;Aidan;EXACT_ALIAS;1.0;aidan;CONFIRMED;HW_HERO_0001;Aidan;0
37701;R;1;37701_Screenshot_2026-07-01-09-13-21-020_com.nexters.herowars__R1.png;37701_Screenshot_2026-07-01-09-13-21-020_com.nexters.herowars__R1.png;HW_HERO_0026;Kayla;ACCEPTED;0.971069;0.109886;Kayla;0.999956603908649;HIGH;HW_HERO_0026;Kayla;Kayla;EXACT_ALIAS;1.0;kayla;CONFIRMED;HW_HERO_0026;Kayla;0
37701;R;2;37701_Screenshot_2026-07-01-09-13-21-020_com.nexters.herowars__R2.png;37701_Screenshot_2026-07-01-09-13-21-020_com.nexters.herowars__R2.png;HW_HERO_0014;Folio;ACCEPTED;0.975283;0.130861;Folio;0.999991310137099;HIGH;HW_HERO_0014;Folio;Folio;EXACT_ALIAS;1.0;folio;CONFIRMED;HW_HERO_0014;Folio;0
37701;R;3;37701_Screenshot_2026-07-01-09-13-21-020_com.nexters.herowars__R3.png;37701_Screenshot_2026-07-01-09-13-21-020_com.nexters.herowars__R3.png;HW_HERO_0024;Julius;ACCEPTED;0.971681;0.143133;Julius;0.9999979559860065;HIGH;HW_HERO_0024;Julius;Julius;EXACT_ALIAS;1.0;julius;CONFIRMED;HW_HERO_0024;Julius;0
37701;R;4;37701_Screenshot_2026-07-01-09-13-21-020_com.nexters.herowars__R4.png;37701_Screenshot_2026-07-01-09-13-21-020_com.nexters.herowars__R4.png;HW_HERO_0001;Aidan;ACCEPTED;0.970937;0.113225;Aidan;0.9999471676284036;HIGH;HW_HERO_0001;Aidan;Aidan;EXACT_ALIAS;1.0;aidan;CONFIRMED;HW_HERO_0001;Aidan;0
37701;R;5;37701_Screenshot_2026-07-01-09-13-21-020_com.nexters.herowars__R5.png;37701_Screenshot_2026-07-01-09-13-21-020_com.nexters.herowars__R5.png;HW_HERO_0017;Guus;ACCEPTED;0.971338;0.133023;Guus;0.9999746084213257;HIGH;HW_HERO_0017;Guus;Guus;EXACT_ALIAS;1.0;guus;CONFIRMED;HW_HERO_0017;Guus;0
37836;L;1;37836_Hero_Wars_2026-06-30-05-41-30__L1.png;37836_Hero_Wars_2026-06-30-05-41-30__L1.png;HW_HERO_0052;Yasmine;ACCEPTED;0.974457;0.090457;Yasmine;0.9999968009601303;HIGH;HW_HERO_0052;Yasmine;Yasmine;EXACT_ALIAS;1.0;yasmine;CONFIRMED;HW_HERO_0052;Yasmine;0
37836;L;2;37836_Hero_Wars_2026-06-30-05-41-30__L2.png;37836_Hero_Wars_2026-06-30-05-41-30__L2.png;HW_HERO_0042;Polaris;ACCEPTED;0.974555;0.103507;Polaris;0.9999353458686345;HIGH;HW_HERO_0042;Polaris;Polaris;EXACT_ALIAS;1.0;polaris;CONFIRMED;HW_HERO_0042;Polaris;0
37836;L;3;37836_Hero_Wars_2026-06-30-05-41-30__L3.png;37836_Hero_Wars_2026-06-30-05-41-30__L3.png;HW_HERO_0004;Byrna;ACCEPTED;0.975922;0.10062;Byrna;0.9999412499557685;HIGH;HW_HERO_0004;Byrna;Byrna;EXACT_ALIAS;1.0;byrna;CONFIRMED;HW_HERO_0004;Byrna;0
37836;L;4;37836_Hero_Wars_2026-06-30-05-41-30__L4.png;37836_Hero_Wars_2026-06-30-05-41-30__L4.png;HW_HERO_0017;Guus;ACCEPTED;0.962879;0.129382;Guus;0.9999262690544128;HIGH;HW_HERO_0017;Guus;Guus;EXACT_ALIAS;1.0;guus;CONFIRMED;HW_HERO_0017;Guus;0
37836;L;5;37836_Hero_Wars_2026-06-30-05-41-30__L5.png;37836_Hero_Wars_2026-06-30-05-41-30__L5.png;HW_HERO_0001;Aidan;ACCEPTED;0.972123;0.1257;Aidan;0.9999650805582128;HIGH;HW_HERO_0001;Aidan;Aidan;EXACT_ALIAS;1.0;aidan;CONFIRMED;HW_HERO_0001;Aidan;0
37836;R;1;37836_Hero_Wars_2026-06-30-05-41-30__R1.png;37836_Hero_Wars_2026-06-30-05-41-30__R1.png;HW_HERO_0018;Iris;ACCEPTED;0.977906;0.076257;Iris;0.9992372989654541;HIGH;HW_HERO_0018;Iris;Iris;EXACT_ALIAS;1.0;iris;CONFIRMED;HW_HERO_0018;Iris;0
37836;R;2;37836_Hero_Wars_2026-06-30-05-41-30__R2.png;37836_Hero_Wars_2026-06-30-05-41-30__R2.png;HW_HERO_0047;Soleil;ACCEPTED;0.972829;0.115642;Soleil;0.9999117172067248;HIGH;HW_HERO_0047;Soleil;Soleil;EXACT_ALIAS;1.0;soleil;CONFIRMED;HW_HERO_0047;Soleil;0
37836;R;3;37836_Hero_Wars_2026-06-30-05-41-30__R3.png;37836_Hero_Wars_2026-06-30-05-41-30__R3.png;HW_HERO_0012;Electra von Grave;ACCEPTED;0.970096;0.101138;Electra von Grave;0.9073716788882688;HIGH;HW_HERO_0012;Electra von Grave;Electra von Grave;EXACT_ALIAS;1.0;electra von grave;CONFIRMED;HW_HERO_0012;Electra von Grave;0
37836;R;4;37836_Hero_Wars_2026-06-30-05-41-30__R4.png;37836_Hero_Wars_2026-06-30-05-41-30__R4.png;HW_HERO_0048;Somna;ACCEPTED;0.945803;0.108792;Somna;0.9999034513906901;HIGH;HW_HERO_0048;Somna;Somna;EXACT_ALIAS;1.0;somna;CONFIRMED;HW_HERO_0048;Somna;0
37836;R;5;37836_Hero_Wars_2026-06-30-05-41-30__R5.png;37836_Hero_Wars_2026-06-30-05-41-30__R5.png;HW_HERO_0036;Nébula;ACCEPTED;0.972837;0.091812;Nébula;0.9999078237686753;HIGH;HW_HERO_0036;Nébula;Nébula;EXACT_ALIAS;1.0;nebula;CONFIRMED;HW_HERO_0036;Nébula;0
37975;L;1;37975_Screenshot_20260710_222604_Hero_Wars__L1.png;37975_Screenshot_20260710_222604_Hero_Wars__L1.png;HW_HERO_0045;Satori;ACCEPTED;0.983341;0.121542;Satori;0.9929905323685886;HIGH;HW_HERO_0045;Satori;Satori;EXACT_ALIAS;1.0;satori;CONFIRMED;HW_HERO_0045;Satori;0
37975;L;2;37975_Screenshot_20260710_222604_Hero_Wars__L2.png;37975_Screenshot_20260710_222604_Hero_Wars__L2.png;HW_HERO_0018;Iris;ACCEPTED;0.978401;0.088501;Iris;0.9989702105522156;HIGH;HW_HERO_0018;Iris;Iris;EXACT_ALIAS;1.0;iris;CONFIRMED;HW_HERO_0018;Iris;0
37975;L;3;37975_Screenshot_20260710_222604_Hero_Wars__L3.png;37975_Screenshot_20260710_222604_Hero_Wars__L3.png;HW_HERO_0004;Byrna;ACCEPTED;0.976621;0.106379;Byrna;0.9999598026453299;HIGH;HW_HERO_0004;Byrna;Byrna;EXACT_ALIAS;1.0;byrna;CONFIRMED;HW_HERO_0004;Byrna;0
37975;L;4;37975_Screenshot_20260710_222604_Hero_Wars__L4.png;37975_Screenshot_20260710_222604_Hero_Wars__L4.png;HW_HERO_0012;Electra von Grave;ACCEPTED;0.962561;0.084065;Electra von Grave;0.7978978541256061;MEDIUM;HW_HERO_0012;Electra von Grave;Electra von Grave;EXACT_ALIAS;1.0;electra von grave;CONFIRMED;HW_HERO_0012;Electra von Grave;0
37975;L;5;37975_Screenshot_20260710_222604_Hero_Wars__L5.png;37975_Screenshot_20260710_222604_Hero_Wars__L5.png;HW_HERO_0030;Lian;ACCEPTED;0.966288;0.071499;Lian;0.9863241910934448;HIGH;HW_HERO_0030;Lian;Lian;EXACT_ALIAS;1.0;lian;CONFIRMED;HW_HERO_0030;Lian;0
37975;R;1;37975_Screenshot_20260710_222604_Hero_Wars__R1.png;37975_Screenshot_20260710_222604_Hero_Wars__R1.png;HW_HERO_0052;Yasmine;ACCEPTED;0.964524;0.081988;Yasmine;0.9999936469739256;HIGH;HW_HERO_0052;Yasmine;Yasmine;EXACT_ALIAS;1.0;yasmine;CONFIRMED;HW_HERO_0052;Yasmine;0
37975;R;2;37975_Screenshot_20260710_222604_Hero_Wars__R2.png;37975_Screenshot_20260710_222604_Hero_Wars__R2.png;HW_HERO_0026;Kayla;ACCEPTED;0.973345;0.111825;Kayla;0.9999416764548356;HIGH;HW_HERO_0026;Kayla;Kayla;EXACT_ALIAS;1.0;kayla;CONFIRMED;HW_HERO_0026;Kayla;0
37975;R;3;37975_Screenshot_20260710_222604_Hero_Wars__R3.png;37975_Screenshot_20260710_222604_Hero_Wars__R3.png;HW_HERO_0017;Guus;ACCEPTED;0.973629;0.132482;Guus;0.9999004006385803;HIGH;HW_HERO_0017;Guus;Guus;EXACT_ALIAS;1.0;guus;CONFIRMED;HW_HERO_0017;Guus;0
37975;R;4;37975_Screenshot_20260710_222604_Hero_Wars__R4.png;37975_Screenshot_20260710_222604_Hero_Wars__R4.png;HW_HERO_0048;Somna;ACCEPTED;0.959922;0.125864;Somna;0.9998597349273777;HIGH;HW_HERO_0048;Somna;Somna;EXACT_ALIAS;1.0;somna;CONFIRMED;HW_HERO_0048;Somna;0
37975;R;5;37975_Screenshot_20260710_222604_Hero_Wars__R5.png;37975_Screenshot_20260710_222604_Hero_Wars__R5.png;HW_HERO_0001;Aidan;ACCEPTED;0.976145;0.118673;Aidan;0.9958772593698282;HIGH;HW_HERO_0001;Aidan;Aidan;EXACT_ALIAS;1.0;aidan;CONFIRMED;HW_HERO_0001;Aidan;0
38049;L;1;38049_Screenshot_2026-07-16-02-59-08-824_com.nexters.herowars__L1.png;38049_Screenshot_2026-07-16-02-59-08-824_com.nexters.herowars__L1.png;HW_HERO_0018;Iris;ACCEPTED;0.979908;0.089081;Iris;0.9993434548377991;HIGH;HW_HERO_0018;Iris;Iris;EXACT_ALIAS;1.0;iris;CONFIRMED;HW_HERO_0018;Iris;0
38049;L;2;38049_Screenshot_2026-07-16-02-59-08-824_com.nexters.herowars__L2.png;38049_Screenshot_2026-07-16-02-59-08-824_com.nexters.herowars__L2.png;HW_HERO_0024;Julius;ACCEPTED;0.969313;0.134124;Julius;0.9388032263323027;HIGH;HW_HERO_0024;Julius;Julius;EXACT_ALIAS;1.0;julius;CONFIRMED;HW_HERO_0024;Julius;0
38049;L;3;38049_Screenshot_2026-07-16-02-59-08-824_com.nexters.herowars__L3.png;38049_Screenshot_2026-07-16-02-59-08-824_com.nexters.herowars__L3.png;HW_HERO_0017;Guus;ACCEPTED;0.975699;0.14309;Guus;0.9999018907546997;HIGH;HW_HERO_0017;Guus;Guus;EXACT_ALIAS;1.0;guus;CONFIRMED;HW_HERO_0017;Guus;0
38049;L;4;38049_Screenshot_2026-07-16-02-59-08-824_com.nexters.herowars__L4.png;38049_Screenshot_2026-07-16-02-59-08-824_com.nexters.herowars__L4.png;HW_HERO_0001;Aidan;ACCEPTED;0.972376;0.114672;Aidan;0.7048058075864752;MEDIUM;HW_HERO_0001;Aidan;Aidan;EXACT_ALIAS;1.0;aidan;CONFIRMED;HW_HERO_0001;Aidan;0
38049;L;5;38049_Screenshot_2026-07-16-02-59-08-824_com.nexters.herowars__L5.png;38049_Screenshot_2026-07-16-02-59-08-824_com.nexters.herowars__L5.png;HW_HERO_0049;Tempus;ACCEPTED;0.967542;0.11298;Tempus;0.6700219204603598;MEDIUM;HW_HERO_0049;Tempus;Tempus;EXACT_ALIAS;1.0;tempus;CONFIRMED;HW_HERO_0049;Tempus;0
38049;R;1;38049_Screenshot_2026-07-16-02-59-08-824_com.nexters.herowars__R1.png;38049_Screenshot_2026-07-16-02-59-08-824_com.nexters.herowars__R1.png;HW_HERO_0009;Crow;REVIEW;0.88907;0.004545;Drayne;0.9999201367548566;HIGH;;;Dante;NO_MATCH;0.7272727272727273;drayne;UNRESOLVED_OCR_TEXT;;;1
38049;R;2;38049_Screenshot_2026-07-16-02-59-08-824_com.nexters.herowars__R2.png;38049_Screenshot_2026-07-16-02-59-08-824_com.nexters.herowars__R2.png;HW_HERO_0018;Iris;ACCEPTED;0.983279;0.092304;Iris;0.9746727697245674;HIGH;HW_HERO_0018;Iris;Iris;EXACT_ALIAS;1.0;iris;CONFIRMED;HW_HERO_0018;Iris;0
38049;R;3;38049_Screenshot_2026-07-16-02-59-08-824_com.nexters.herowars__R3.png;38049_Screenshot_2026-07-16-02-59-08-824_com.nexters.herowars__R3.png;HW_HERO_0004;Byrna;ACCEPTED;0.979009;0.127264;Byrna;0.9999589496489996;HIGH;HW_HERO_0004;Byrna;Byrna;EXACT_ALIAS;1.0;byrna;CONFIRMED;HW_HERO_0004;Byrna;0
38049;R;4;38049_Screenshot_2026-07-16-02-59-08-824_com.nexters.herowars__R4.png;38049_Screenshot_2026-07-16-02-59-08-824_com.nexters.herowars__R4.png;HW_HERO_0012;Electra von Grave;ACCEPTED;0.975034;0.100343;Electra von Grave;0.9522709310847989;HIGH;HW_HERO_0012;Electra von Grave;Electra von Grave;EXACT_ALIAS;1.0;electra von grave;CONFIRMED;HW_HERO_0012;Electra von Grave;0
38049;R;5;38049_Screenshot_2026-07-16-02-59-08-824_com.nexters.herowars__R5.png;38049_Screenshot_2026-07-16-02-59-08-824_com.nexters.herowars__R5.png;HW_HERO_0049;Tempus;ACCEPTED;0.96864;0.122957;Tempus;0.9999819931777569;HIGH;HW_HERO_0049;Tempus;Tempus;EXACT_ALIAS;1.0;tempus;CONFIRMED;HW_HERO_0049;Tempus;0
38059;L;1;38059_Screenshot_20260721_132012_Hero_Wars__L1.png;38059_Screenshot_20260721_132012_Hero_Wars__L1.png;HW_HERO_0018;Iris;ACCEPTED;0.978175;0.080087;Iris;0.9978662133216858;HIGH;HW_HERO_0018;Iris;Iris;EXACT_ALIAS;1.0;iris;CONFIRMED;HW_HERO_0018;Iris;0
38059;L;2;38059_Screenshot_20260721_132012_Hero_Wars__L2.png;38059_Screenshot_20260721_132012_Hero_Wars__L2.png;HW_HERO_0004;Byrna;ACCEPTED;0.97837;0.127826;Byrna;0.9999827268895325;HIGH;HW_HERO_0004;Byrna;Byrna;EXACT_ALIAS;1.0;byrna;CONFIRMED;HW_HERO_0004;Byrna;0
38059;L;3;38059_Screenshot_20260721_132012_Hero_Wars__L3.png;38059_Screenshot_20260721_132012_Hero_Wars__L3.png;HW_HERO_0042;Polaris;ACCEPTED;0.980853;0.111404;Polaris;0.9999838695962789;HIGH;HW_HERO_0042;Polaris;Polaris;EXACT_ALIAS;1.0;polaris;CONFIRMED;HW_HERO_0042;Polaris;0
38059;L;4;38059_Screenshot_20260721_132012_Hero_Wars__L4.png;38059_Screenshot_20260721_132012_Hero_Wars__L4.png;HW_HERO_0024;Julius;ACCEPTED;0.979405;0.153336;Julius;0.9999983453220777;HIGH;HW_HERO_0024;Julius;Julius;EXACT_ALIAS;1.0;julius;CONFIRMED;HW_HERO_0024;Julius;0
38059;L;5;38059_Screenshot_20260721_132012_Hero_Wars__L5.png;38059_Screenshot_20260721_132012_Hero_Wars__L5.png;HW_HERO_0001;Aidan;ACCEPTED;0.982526;0.113146;Aidan;0.9571667175476527;HIGH;HW_HERO_0001;Aidan;Aidan;EXACT_ALIAS;1.0;aidan;CONFIRMED;HW_HERO_0001;Aidan;0
38059;R;1;38059_Screenshot_20260721_132012_Hero_Wars__R1.png;38059_Screenshot_20260721_132012_Hero_Wars__R1.png;HW_HERO_0018;Iris;ACCEPTED;0.987393;0.085908;Iris;0.836001198463569;MEDIUM;HW_HERO_0018;Iris;Iris;EXACT_ALIAS;1.0;iris;CONFIRMED;HW_HERO_0018;Iris;0
38059;R;2;38059_Screenshot_20260721_132012_Hero_Wars__R2.png;38059_Screenshot_20260721_132012_Hero_Wars__R2.png;HW_HERO_0009;Crow;REVIEW;0.868568;0.002215;Drayne;0.9999450546305391;HIGH;;;Dante;NO_MATCH;0.7272727272727273;drayne;UNRESOLVED_OCR_TEXT;;;1
38059;R;3;38059_Screenshot_20260721_132012_Hero_Wars__R3.png;38059_Screenshot_20260721_132012_Hero_Wars__R3.png;HW_HERO_0012;Electra von Grave;ACCEPTED;0.978179;0.113309;Electra von Grave;0.9754811046538236;HIGH;HW_HERO_0012;Electra von Grave;Electra von Grave;EXACT_ALIAS;1.0;electra von grave;CONFIRMED;HW_HERO_0012;Electra von Grave;0
38059;R;4;38059_Screenshot_20260721_132012_Hero_Wars__R4.png;38059_Screenshot_20260721_132012_Hero_Wars__R4.png;HW_HERO_0049;Tempus;ACCEPTED;0.974301;0.114801;Tempus;0.9999286049548249;HIGH;HW_HERO_0049;Tempus;Tempus;EXACT_ALIAS;1.0;tempus;CONFIRMED;HW_HERO_0049;Tempus;0
38059;R;5;38059_Screenshot_20260721_132012_Hero_Wars__R5.png;38059_Screenshot_20260721_132012_Hero_Wars__R5.png;HW_HERO_0034;Miu;ACCEPTED;0.954402;0.0615;Miu;0.999992016244482;HIGH;HW_HERO_0034;Miu;Miu;EXACT_ALIAS;1.0;miu;CONFIRMED;HW_HERO_0034;Miu;0
38083;L;1;38083_B636B8D3-B852-4FDA-8049-4181C84F9302__L1.png;38083_B636B8D3-B852-4FDA-8049-4181C84F9302__L1.png;HW_HERO_0018;Iris;ACCEPTED;0.960492;0.077178;Iris;0.8765764645667227;HIGH;HW_HERO_0018;Iris;Iris;EXACT_ALIAS;1.0;iris;CONFIRMED;HW_HERO_0018;Iris;0
38083;L;2;38083_B636B8D3-B852-4FDA-8049-4181C84F9302__L2.png;38083_B636B8D3-B852-4FDA-8049-4181C84F9302__L2.png;HW_HERO_0045;Satori;REVIEW;0.871151;0.016122;Helios;0.771321517473394;MEDIUM;;;Folio;NO_MATCH;0.5454545454545454;helios;MANUAL_REVIEW;;;1
38083;L;3;38083_B636B8D3-B852-4FDA-8049-4181C84F9302__L3.png;38083_B636B8D3-B852-4FDA-8049-4181C84F9302__L3.png;HW_HERO_0034;Miu;ACCEPTED;0.94913;0.075347;Miu;0.9999902956086354;HIGH;HW_HERO_0034;Miu;Miu;EXACT_ALIAS;1.0;miu;CONFIRMED;HW_HERO_0034;Miu;0
38083;L;4;38083_B636B8D3-B852-4FDA-8049-4181C84F9302__L4.png;38083_B636B8D3-B852-4FDA-8049-4181C84F9302__L4.png;HW_HERO_0024;Julius;ACCEPTED;0.963299;0.124392;Julius;0.9635551250235249;HIGH;HW_HERO_0024;Julius;Julius;EXACT_ALIAS;1.0;julius;CONFIRMED;HW_HERO_0024;Julius;0
38083;L;5;38083_B636B8D3-B852-4FDA-8049-4181C84F9302__L5.png;38083_B636B8D3-B852-4FDA-8049-4181C84F9302__L5.png;HW_HERO_0012;Electra von Grave;ACCEPTED;0.948573;0.067914;Electra von Grave;0.9668919864309574;HIGH;HW_HERO_0012;Electra von Grave;Electra von Grave;EXACT_ALIAS;1.0;electra von grave;CONFIRMED;HW_HERO_0012;Electra von Grave;0
38083;R;1;38083_B636B8D3-B852-4FDA-8049-4181C84F9302__R1.png;38083_B636B8D3-B852-4FDA-8049-4181C84F9302__R1.png;HW_HERO_0018;Iris;ACCEPTED;0.967859;0.085899;Iris;0.8697790896476524;HIGH;HW_HERO_0018;Iris;Iris;EXACT_ALIAS;1.0;iris;CONFIRMED;HW_HERO_0018;Iris;0
38083;R;2;38083_B636B8D3-B852-4FDA-8049-4181C84F9302__R2.png;38083_B636B8D3-B852-4FDA-8049-4181C84F9302__R2.png;HW_HERO_0052;Yasmine;ACCEPTED;0.969215;0.085624;Yasmine;0.9999969811878164;HIGH;HW_HERO_0052;Yasmine;Yasmine;EXACT_ALIAS;1.0;yasmine;CONFIRMED;HW_HERO_0052;Yasmine;0
38083;R;3;38083_B636B8D3-B852-4FDA-8049-4181C84F9302__R3.png;38083_B636B8D3-B852-4FDA-8049-4181C84F9302__R3.png;HW_HERO_0010;Dante;ACCEPTED;0.969144;0.088068;Dante;0.9999764360566014;HIGH;HW_HERO_0010;Dante;Dante;EXACT_ALIAS;1.0;dante;CONFIRMED;HW_HERO_0010;Dante;0
38083;R;4;38083_B636B8D3-B852-4FDA-8049-4181C84F9302__R4.png;38083_B636B8D3-B852-4FDA-8049-4181C84F9302__R4.png;HW_HERO_0037;Octavia;ACCEPTED;0.952626;0.091016;Octavia;0.9811926614215443;HIGH;HW_HERO_0037;Octavia;Octavia;EXACT_ALIAS;1.0;octavia;CONFIRMED;HW_HERO_0037;Octavia;0
38083;R;5;38083_B636B8D3-B852-4FDA-8049-4181C84F9302__R5.png;38083_B636B8D3-B852-4FDA-8049-4181C84F9302__R5.png;HW_HERO_0036;Nébula;ACCEPTED;0.964701;0.087351;Nebula;0.9999322063683174;HIGH;HW_HERO_0036;Nébula;Nébula;EXACT_ALIAS;1.0;nebula;CONFIRMED;HW_HERO_0036;Nébula;0
6110;L;1;6110_Screenshot_2025.08.14_19.21.55.241__L1.png;6110_Screenshot_2025.08.14_19.21.55.241__L1.png;HW_HERO_0018;Iris;ACCEPTED;0.97276;0.079501;Iris;0.9989795998770665;HIGH;HW_HERO_0018;Iris;Iris;EXACT_ALIAS;1.0;iris;CONFIRMED;HW_HERO_0018;Iris;0
6110;L;2;6110_Screenshot_2025.08.14_19.21.55.241__L2.png;6110_Screenshot_2025.08.14_19.21.55.241__L2.png;HW_HERO_0008;Corvus;ACCEPTED;0.969494;0.123127;Corvus;0.9999146372830262;HIGH;HW_HERO_0008;Corvus;Corvus;EXACT_ALIAS;1.0;corvus;CONFIRMED;HW_HERO_0008;Corvus;0
6110;L;3;6110_Screenshot_2025.08.14_19.21.55.241__L3.png;6110_Screenshot_2025.08.14_19.21.55.241__L3.png;HW_HERO_0049;Tempus;ACCEPTED;0.965614;0.128156;Tempus;0.9999686583489146;HIGH;HW_HERO_0049;Tempus;Tempus;EXACT_ALIAS;1.0;tempus;CONFIRMED;HW_HERO_0049;Tempus;0
6110;L;4;6110_Screenshot_2025.08.14_19.21.55.241__L4.png;6110_Screenshot_2025.08.14_19.21.55.241__L4.png;HW_HERO_0042;Polaris;ACCEPTED;0.958883;0.100437;Polaris;0.9999820222541783;HIGH;HW_HERO_0042;Polaris;Polaris;EXACT_ALIAS;1.0;polaris;CONFIRMED;HW_HERO_0042;Polaris;0
6110;L;5;6110_Screenshot_2025.08.14_19.21.55.241__L5.png;6110_Screenshot_2025.08.14_19.21.55.241__L5.png;HW_HERO_0036;Nébula;ACCEPTED;0.973435;0.099247;Nebula;0.9998821756603721;HIGH;HW_HERO_0036;Nébula;Nébula;EXACT_ALIAS;1.0;nebula;CONFIRMED;HW_HERO_0036;Nébula;0
6110;R;1;6110_Screenshot_2025.08.14_19.21.55.241__R1.png;6110_Screenshot_2025.08.14_19.21.55.241__R1.png;HW_HERO_0023;Juge;ACCEPTED;0.942655;0.096103;Judge;0.9999965880303531;HIGH;;;Juge;NO_MATCH;0.8888888888888888;judge;NEW_ALIAS_CANDIDATE;HW_HERO_0023;Juge;1
6110;R;2;6110_Screenshot_2025.08.14_19.21.55.241__R2.png;6110_Screenshot_2025.08.14_19.21.55.241__R2.png;HW_HERO_0015;Galaad;REVIEW;0.833403;0.006547;Isaac;0.9997791787559077;HIGH;;;Ishmaël;NO_MATCH;0.5;isaac;UNRESOLVED_OCR_TEXT;;;1
6110;R;3;6110_Screenshot_2025.08.14_19.21.55.241__R3.png;6110_Screenshot_2025.08.14_19.21.55.241__R3.png;HW_HERO_0024;Julius;ACCEPTED;0.968863;0.120542;Julius;0.9999977126509446;HIGH;HW_HERO_0024;Julius;Julius;EXACT_ALIAS;1.0;julius;CONFIRMED;HW_HERO_0024;Julius;0
6110;R;4;6110_Screenshot_2025.08.14_19.21.55.241__R4.png;6110_Screenshot_2025.08.14_19.21.55.241__R4.png;HW_HERO_0040;Peech;ACCEPTED;0.97634;0.101377;Peech;0.9999953085413813;HIGH;HW_HERO_0040;Peech;Peech;EXACT_ALIAS;1.0;peech;CONFIRMED;HW_HERO_0040;Peech;0
6110;R;5;6110_Screenshot_2025.08.14_19.21.55.241__R5.png;6110_Screenshot_2025.08.14_19.21.55.241__R5.png;HW_HERO_0042;Polaris;ACCEPTED;0.95193;0.083249;Polaris;0.9999871137065695;HIGH;HW_HERO_0042;Polaris;Polaris;EXACT_ALIAS;1.0;polaris;CONFIRMED;HW_HERO_0042;Polaris;0
6626;L;1;6626_Screenshot_20250818_190245_Hero_Wars__L1.png;6626_Screenshot_20250818_190245_Hero_Wars__L1.png;HW_HERO_0026;Kayla;ACCEPTED;0.962777;0.095559;Kayla;0.9999583099016958;HIGH;HW_HERO_0026;Kayla;Kayla;EXACT_ALIAS;1.0;kayla;CONFIRMED;HW_HERO_0026;Kayla;0
6626;L;2;6626_Screenshot_20250818_190245_Hero_Wars__L2.png;6626_Screenshot_20250818_190245_Hero_Wars__L2.png;HW_HERO_0051;Xe'Sha;ACCEPTED;0.973364;0.104829;Xe'Sha;0.9839260892421241;HIGH;HW_HERO_0051;Xe'Sha;Xe'Sha;EXACT_ALIAS;1.0;xe sha;CONFIRMED;HW_HERO_0051;Xe'Sha;0
6626;L;3;6626_Screenshot_20250818_190245_Hero_Wars__L3.png;6626_Screenshot_20250818_190245_Hero_Wars__L3.png;HW_HERO_0031;Lilith;REVIEW;0.891209;0.042561;Lilith;0.8372496055758502;MEDIUM;HW_HERO_0031;Lilith;Lilith;EXACT_ALIAS;1.0;lilith;AGREEMENT_REVIEW;HW_HERO_0031;Lilith;1
6626;L;4;6626_Screenshot_20250818_190245_Hero_Wars__L4.png;6626_Screenshot_20250818_190245_Hero_Wars__L4.png;HW_HERO_0003;Astaroth;ACCEPTED;0.900424;0.127279;Astaroth;0.9940913173580863;HIGH;HW_HERO_0003;Astaroth;Astaroth;EXACT_ALIAS;1.0;astaroth;CONFIRMED;HW_HERO_0003;Astaroth;0
6626;L;5;6626_Screenshot_20250818_190245_Hero_Wars__L5.png;6626_Screenshot_20250818_190245_Hero_Wars__L5.png;HW_HERO_0001;Aidan;ACCEPTED;0.963516;0.113598;Aidan;0.9999577234666248;HIGH;HW_HERO_0001;Aidan;Aidan;EXACT_ALIAS;1.0;aidan;CONFIRMED;HW_HERO_0001;Aidan;0
6626;R;1;6626_Screenshot_20250818_190245_Hero_Wars__R1.png;6626_Screenshot_20250818_190245_Hero_Wars__R1.png;HW_HERO_0026;Kayla;ACCEPTED;0.958994;0.103936;Kayla;0.9999527121107252;HIGH;HW_HERO_0026;Kayla;Kayla;EXACT_ALIAS;1.0;kayla;CONFIRMED;HW_HERO_0026;Kayla;0
6626;R;2;6626_Screenshot_20250818_190245_Hero_Wars__R2.png;6626_Screenshot_20250818_190245_Hero_Wars__R2.png;HW_HERO_0021;Jhu;ACCEPTED;0.93392;0.089793;Jhu;0.9999855466557571;HIGH;HW_HERO_0021;Jhu;Jhu;EXACT_ALIAS;1.0;jhu;CONFIRMED;HW_HERO_0021;Jhu;0
6626;R;3;6626_Screenshot_20250818_190245_Hero_Wars__R3.png;6626_Screenshot_20250818_190245_Hero_Wars__R3.png;HW_HERO_0003;Astaroth;ACCEPTED;0.908703;0.126197;Astaroth;0.9999873559123359;HIGH;HW_HERO_0003;Astaroth;Astaroth;EXACT_ALIAS;1.0;astaroth;CONFIRMED;HW_HERO_0003;Astaroth;0
6626;R;4;6626_Screenshot_20250818_190245_Hero_Wars__R4.png;6626_Screenshot_20250818_190245_Hero_Wars__R4.png;HW_HERO_0032;Martha;ACCEPTED;0.905812;0.090631;Martha;0.9999929919481131;HIGH;HW_HERO_0032;Martha;Martha;EXACT_ALIAS;1.0;martha;CONFIRMED;HW_HERO_0032;Martha;0
6626;R;5;6626_Screenshot_20250818_190245_Hero_Wars__R5.png;6626_Screenshot_20250818_190245_Hero_Wars__R5.png;HW_HERO_0001;Aidan;ACCEPTED;0.967904;0.109649;Aidan;0.9999596427085246;HIGH;HW_HERO_0001;Aidan;Aidan;EXACT_ALIAS;1.0;aidan;CONFIRMED;HW_HERO_0001;Aidan;0
